[2026-03-03 12:05:04] AM snapshot check start
PENDING: no am snapshot for 2026-03-03
[2026-03-03 12:30:05] AM snapshot check start
PENDING: no am snapshot for 2026-03-03
[2026-03-04 12:05:05] AM snapshot check start
PENDING: no am snapshot for 2026-03-04
[2026-03-04 12:05:06] PENDING: fetching J-Quants AM snapshot
PENDING: AM snapshot unavailable date=2026-03-04 reason=403 forbidden requested=300 succeeded=0 failed=300 elapsed=0.1s
done (3774 tickers)
[2026-03-04 12:07:11] rebuilding derived JSON from AM snapshot
updated daily cache: 2026-03-04 (0 records)
done: 0 tickers
built rankings: 2025-12-03 (3727 records)
built rankings: 2025-12-04 (3730 records)
built rankings: 2025-12-05 (3741 records)
built rankings: 2025-12-08 (3739 records)
built rankings: 2025-12-09 (3741 records)
built rankings: 2025-12-10 (3729 records)
built rankings: 2025-12-11 (3742 records)
built rankings: 2025-12-12 (3741 records)
built rankings: 2025-12-15 (3752 records)
built rankings: 2025-12-16 (3742 records)
built rankings: 2025-12-17 (3741 records)
built rankings: 2025-12-18 (3740 records)
built rankings: 2025-12-19 (3755 records)
built rankings: 2025-12-22 (3757 records)
built rankings: 2025-12-23 (3757 records)
built rankings: 2025-12-24 (3761 records)
built rankings: 2025-12-25 (3765 records)
built rankings: 2025-12-26 (3764 records)
built rankings: 2025-12-29 (3767 records)
built rankings: 2025-12-30 (3764 records)
built rankings: 2026-01-05 (3765 records)
built rankings: 2026-01-06 (3763 records)
built rankings: 2026-01-07 (3760 records)
built rankings: 2026-01-08 (3759 records)
built rankings: 2026-01-09 (3758 records)
built rankings: 2026-01-13 (3766 records)
built rankings: 2026-01-14 (3759 records)
built rankings: 2026-01-15 (3765 records)
built rankings: 2026-01-16 (3756 records)
built rankings: 2026-01-19 (3762 records)
built rankings: 2026-01-20 (3763 records)
built rankings: 2026-01-21 (3758 records)
built rankings: 2026-01-22 (3754 records)
built rankings: 2026-01-23 (3761 records)
built rankings: 2026-01-26 (3761 records)
built rankings: 2026-01-27 (3743 records)
built rankings: 2026-01-28 (3755 records)
built rankings: 2026-01-29 (3746 records)
built rankings: 2026-01-30 (3757 records)
built rankings: 2026-02-02 (3755 records)
built rankings: 2026-02-03 (3752 records)
built rankings: 2026-02-04 (3755 records)
built rankings: 2026-02-05 (3754 records)
built rankings: 2026-02-06 (3754 records)
built rankings: 2026-02-09 (3763 records)
built rankings: 2026-02-10 (3759 records)
built rankings: 2026-02-12 (3765 records)
built rankings: 2026-02-13 (3762 records)
built rankings: 2026-02-16 (3763 records)
built rankings: 2026-02-17 (3766 records)
built rankings: 2026-02-18 (3761 records)
built rankings: 2026-02-19 (3761 records)
built rankings: 2026-02-20 (3773 records)
built rankings: 2026-02-24 (3772 records)
built rankings: 2026-02-25 (3771 records)
built rankings: 2026-02-26 (3772 records)
built rankings: 2026-02-27 (3773 records)
built rankings: 2026-03-02 (3771 records)
built rankings: 2026-03-03 (3768 records)
built overview: 2025-12-03 (3727 records)
built overview: 2025-12-04 (3730 records)
built overview: 2025-12-05 (3741 records)
built overview: 2025-12-08 (3739 records)
built overview: 2025-12-09 (3741 records)
built overview: 2025-12-10 (3729 records)
built overview: 2025-12-11 (3742 records)
built overview: 2025-12-12 (3741 records)
built overview: 2025-12-15 (3752 records)
built overview: 2025-12-16 (3742 records)
built overview: 2025-12-17 (3741 records)
built overview: 2025-12-18 (3740 records)
built overview: 2025-12-19 (3755 records)
built overview: 2025-12-22 (3757 records)
built overview: 2025-12-23 (3757 records)
built overview: 2025-12-24 (3761 records)
built overview: 2025-12-25 (3765 records)
built overview: 2025-12-26 (3764 records)
built overview: 2025-12-29 (3767 records)
built overview: 2025-12-30 (3764 records)
built overview: 2026-01-05 (3765 records)
built overview: 2026-01-06 (3763 records)
built overview: 2026-01-07 (3760 records)
built overview: 2026-01-08 (3759 records)
built overview: 2026-01-09 (3758 records)
built overview: 2026-01-13 (3766 records)
built overview: 2026-01-14 (3759 records)
built overview: 2026-01-15 (3765 records)
built overview: 2026-01-16 (3756 records)
built overview: 2026-01-19 (3762 records)
built overview: 2026-01-20 (3763 records)
built overview: 2026-01-21 (3758 records)
built overview: 2026-01-22 (3754 records)
built overview: 2026-01-23 (3761 records)
built overview: 2026-01-26 (3761 records)
built overview: 2026-01-27 (3743 records)
built overview: 2026-01-28 (3755 records)
built overview: 2026-01-29 (3746 records)
built overview: 2026-01-30 (3757 records)
built overview: 2026-02-02 (3755 records)
built overview: 2026-02-03 (3752 records)
built overview: 2026-02-04 (3755 records)
built overview: 2026-02-05 (3754 records)
built overview: 2026-02-06 (3754 records)
built overview: 2026-02-09 (3763 records)
built overview: 2026-02-10 (3759 records)
built overview: 2026-02-12 (3765 records)
built overview: 2026-02-13 (3762 records)
built overview: 2026-02-16 (3763 records)
built overview: 2026-02-17 (3766 records)
built overview: 2026-02-18 (3761 records)
built overview: 2026-02-19 (3761 records)
built overview: 2026-02-20 (3773 records)
built overview: 2026-02-24 (3772 records)
built overview: 2026-02-25 (3771 records)
built overview: 2026-02-26 (3772 records)
built overview: 2026-02-27 (3773 records)
built overview: 2026-03-02 (3771 records)
built overview: 2026-03-03 (3768 records)
wrote manifest: /Users/okamoto/kabu_doragon/data/manifest.json
timing tickers=0.0s
timing rankings=3.1s
timing overview=4.6s
timing total=7.7s
PENDING: no am snapshot for 2026-03-04
[2026-03-04 12:30:00] AM snapshot check start
PENDING: no am snapshot for 2026-03-04
[2026-03-04 12:30:01] PENDING: fetching J-Quants AM snapshot
PENDING: AM snapshot unavailable date=2026-03-04 reason=403 forbidden requested=300 succeeded=0 failed=300 elapsed=0.1s
done (3774 tickers)
[2026-03-04 12:32:09] rebuilding derived JSON from AM snapshot
updated daily cache: 2026-03-04 (0 records)
done: 0 tickers
built rankings: 2025-12-03 (3727 records)
built rankings: 2025-12-04 (3730 records)
built rankings: 2025-12-05 (3741 records)
built rankings: 2025-12-08 (3739 records)
built rankings: 2025-12-09 (3741 records)
built rankings: 2025-12-10 (3729 records)
built rankings: 2025-12-11 (3742 records)
built rankings: 2025-12-12 (3741 records)
built rankings: 2025-12-15 (3752 records)
built rankings: 2025-12-16 (3742 records)
built rankings: 2025-12-17 (3741 records)
built rankings: 2025-12-18 (3740 records)
built rankings: 2025-12-19 (3755 records)
built rankings: 2025-12-22 (3757 records)
built rankings: 2025-12-23 (3757 records)
built rankings: 2025-12-24 (3761 records)
built rankings: 2025-12-25 (3765 records)
built rankings: 2025-12-26 (3764 records)
built rankings: 2025-12-29 (3767 records)
built rankings: 2025-12-30 (3764 records)
built rankings: 2026-01-05 (3765 records)
built rankings: 2026-01-06 (3763 records)
built rankings: 2026-01-07 (3760 records)
built rankings: 2026-01-08 (3759 records)
built rankings: 2026-01-09 (3758 records)
built rankings: 2026-01-13 (3766 records)
built rankings: 2026-01-14 (3759 records)
built rankings: 2026-01-15 (3765 records)
built rankings: 2026-01-16 (3756 records)
built rankings: 2026-01-19 (3762 records)
built rankings: 2026-01-20 (3763 records)
built rankings: 2026-01-21 (3758 records)
built rankings: 2026-01-22 (3754 records)
built rankings: 2026-01-23 (3761 records)
built rankings: 2026-01-26 (3761 records)
built rankings: 2026-01-27 (3743 records)
built rankings: 2026-01-28 (3755 records)
built rankings: 2026-01-29 (3746 records)
built rankings: 2026-01-30 (3757 records)
built rankings: 2026-02-02 (3755 records)
built rankings: 2026-02-03 (3752 records)
built rankings: 2026-02-04 (3755 records)
built rankings: 2026-02-05 (3754 records)
built rankings: 2026-02-06 (3754 records)
built rankings: 2026-02-09 (3763 records)
built rankings: 2026-02-10 (3759 records)
built rankings: 2026-02-12 (3765 records)
built rankings: 2026-02-13 (3762 records)
built rankings: 2026-02-16 (3763 records)
built rankings: 2026-02-17 (3766 records)
built rankings: 2026-02-18 (3761 records)
built rankings: 2026-02-19 (3761 records)
built rankings: 2026-02-20 (3773 records)
built rankings: 2026-02-24 (3772 records)
built rankings: 2026-02-25 (3771 records)
built rankings: 2026-02-26 (3772 records)
built rankings: 2026-02-27 (3773 records)
built rankings: 2026-03-02 (3771 records)
built rankings: 2026-03-03 (3768 records)
built overview: 2025-12-03 (3727 records)
built overview: 2025-12-04 (3730 records)
built overview: 2025-12-05 (3741 records)
built overview: 2025-12-08 (3739 records)
built overview: 2025-12-09 (3741 records)
built overview: 2025-12-10 (3729 records)
built overview: 2025-12-11 (3742 records)
built overview: 2025-12-12 (3741 records)
built overview: 2025-12-15 (3752 records)
built overview: 2025-12-16 (3742 records)
built overview: 2025-12-17 (3741 records)
built overview: 2025-12-18 (3740 records)
built overview: 2025-12-19 (3755 records)
built overview: 2025-12-22 (3757 records)
built overview: 2025-12-23 (3757 records)
built overview: 2025-12-24 (3761 records)
built overview: 2025-12-25 (3765 records)
built overview: 2025-12-26 (3764 records)
built overview: 2025-12-29 (3767 records)
built overview: 2025-12-30 (3764 records)
built overview: 2026-01-05 (3765 records)
built overview: 2026-01-06 (3763 records)
built overview: 2026-01-07 (3760 records)
built overview: 2026-01-08 (3759 records)
built overview: 2026-01-09 (3758 records)
built overview: 2026-01-13 (3766 records)
built overview: 2026-01-14 (3759 records)
built overview: 2026-01-15 (3765 records)
built overview: 2026-01-16 (3756 records)
built overview: 2026-01-19 (3762 records)
built overview: 2026-01-20 (3763 records)
built overview: 2026-01-21 (3758 records)
built overview: 2026-01-22 (3754 records)
built overview: 2026-01-23 (3761 records)
built overview: 2026-01-26 (3761 records)
built overview: 2026-01-27 (3743 records)
built overview: 2026-01-28 (3755 records)
built overview: 2026-01-29 (3746 records)
built overview: 2026-01-30 (3757 records)
built overview: 2026-02-02 (3755 records)
built overview: 2026-02-03 (3752 records)
built overview: 2026-02-04 (3755 records)
built overview: 2026-02-05 (3754 records)
built overview: 2026-02-06 (3754 records)
built overview: 2026-02-09 (3763 records)
built overview: 2026-02-10 (3759 records)
built overview: 2026-02-12 (3765 records)
built overview: 2026-02-13 (3762 records)
built overview: 2026-02-16 (3763 records)
built overview: 2026-02-17 (3766 records)
built overview: 2026-02-18 (3761 records)
built overview: 2026-02-19 (3761 records)
built overview: 2026-02-20 (3773 records)
built overview: 2026-02-24 (3772 records)
built overview: 2026-02-25 (3771 records)
built overview: 2026-02-26 (3772 records)
built overview: 2026-02-27 (3773 records)
built overview: 2026-03-02 (3771 records)
built overview: 2026-03-03 (3768 records)
wrote manifest: /Users/okamoto/kabu_doragon/data/manifest.json
timing tickers=0.0s
timing rankings=3.2s
timing overview=4.5s
timing total=7.8s
PENDING: no am snapshot for 2026-03-04
[2026-03-05 12:05:05] AM snapshot check start
PENDING: no am snapshot for 2026-03-05
[2026-03-05 12:05:07] PENDING: fetching J-Quants AM snapshot
PENDING: AM snapshot unavailable date=2026-03-05 reason=403 forbidden requested=300 succeeded=0 failed=300 elapsed=0.1s
done (3774 tickers)
[2026-03-05 12:07:24] rebuilding derived JSON from AM snapshot
updated daily cache: 2026-03-05 (0 records)
done: 0 tickers
built rankings: 2025-12-04 (3730 records)
built rankings: 2025-12-05 (3741 records)
built rankings: 2025-12-08 (3739 records)
built rankings: 2025-12-09 (3741 records)
built rankings: 2025-12-10 (3729 records)
built rankings: 2025-12-11 (3742 records)
built rankings: 2025-12-12 (3741 records)
built rankings: 2025-12-15 (3752 records)
built rankings: 2025-12-16 (3742 records)
built rankings: 2025-12-17 (3741 records)
built rankings: 2025-12-18 (3740 records)
built rankings: 2025-12-19 (3755 records)
built rankings: 2025-12-22 (3757 records)
built rankings: 2025-12-23 (3757 records)
built rankings: 2025-12-24 (3761 records)
built rankings: 2025-12-25 (3765 records)
built rankings: 2025-12-26 (3764 records)
built rankings: 2025-12-29 (3767 records)
built rankings: 2025-12-30 (3764 records)
built rankings: 2026-01-05 (3765 records)
built rankings: 2026-01-06 (3763 records)
built rankings: 2026-01-07 (3760 records)
built rankings: 2026-01-08 (3759 records)
built rankings: 2026-01-09 (3758 records)
built rankings: 2026-01-13 (3766 records)
built rankings: 2026-01-14 (3759 records)
built rankings: 2026-01-15 (3765 records)
built rankings: 2026-01-16 (3756 records)
built rankings: 2026-01-19 (3762 records)
built rankings: 2026-01-20 (3763 records)
built rankings: 2026-01-21 (3758 records)
built rankings: 2026-01-22 (3754 records)
built rankings: 2026-01-23 (3761 records)
built rankings: 2026-01-26 (3761 records)
built rankings: 2026-01-27 (3743 records)
built rankings: 2026-01-28 (3755 records)
built rankings: 2026-01-29 (3746 records)
built rankings: 2026-01-30 (3757 records)
built rankings: 2026-02-02 (3755 records)
built rankings: 2026-02-03 (3752 records)
built rankings: 2026-02-04 (3755 records)
built rankings: 2026-02-05 (3754 records)
built rankings: 2026-02-06 (3754 records)
built rankings: 2026-02-09 (3763 records)
built rankings: 2026-02-10 (3759 records)
built rankings: 2026-02-12 (3765 records)
built rankings: 2026-02-13 (3762 records)
built rankings: 2026-02-16 (3763 records)
built rankings: 2026-02-17 (3766 records)
built rankings: 2026-02-18 (3761 records)
built rankings: 2026-02-19 (3761 records)
built rankings: 2026-02-20 (3773 records)
built rankings: 2026-02-24 (3772 records)
built rankings: 2026-02-25 (3771 records)
built rankings: 2026-02-26 (3772 records)
built rankings: 2026-02-27 (3773 records)
built rankings: 2026-03-02 (3771 records)
built rankings: 2026-03-03 (3768 records)
built rankings: 2026-03-04 (3768 records)
built overview: 2025-12-04 (3730 records)
built overview: 2025-12-05 (3741 records)
built overview: 2025-12-08 (3739 records)
built overview: 2025-12-09 (3741 records)
built overview: 2025-12-10 (3729 records)
built overview: 2025-12-11 (3742 records)
built overview: 2025-12-12 (3741 records)
built overview: 2025-12-15 (3752 records)
built overview: 2025-12-16 (3742 records)
built overview: 2025-12-17 (3741 records)
built overview: 2025-12-18 (3740 records)
built overview: 2025-12-19 (3755 records)
built overview: 2025-12-22 (3757 records)
built overview: 2025-12-23 (3757 records)
built overview: 2025-12-24 (3761 records)
built overview: 2025-12-25 (3765 records)
built overview: 2025-12-26 (3764 records)
built overview: 2025-12-29 (3767 records)
built overview: 2025-12-30 (3764 records)
built overview: 2026-01-05 (3765 records)
built overview: 2026-01-06 (3763 records)
built overview: 2026-01-07 (3760 records)
built overview: 2026-01-08 (3759 records)
built overview: 2026-01-09 (3758 records)
built overview: 2026-01-13 (3766 records)
built overview: 2026-01-14 (3759 records)
built overview: 2026-01-15 (3765 records)
built overview: 2026-01-16 (3756 records)
built overview: 2026-01-19 (3762 records)
built overview: 2026-01-20 (3763 records)
built overview: 2026-01-21 (3758 records)
built overview: 2026-01-22 (3754 records)
built overview: 2026-01-23 (3761 records)
built overview: 2026-01-26 (3761 records)
built overview: 2026-01-27 (3743 records)
built overview: 2026-01-28 (3755 records)
built overview: 2026-01-29 (3746 records)
built overview: 2026-01-30 (3757 records)
built overview: 2026-02-02 (3755 records)
built overview: 2026-02-03 (3752 records)
built overview: 2026-02-04 (3755 records)
built overview: 2026-02-05 (3754 records)
built overview: 2026-02-06 (3754 records)
built overview: 2026-02-09 (3763 records)
built overview: 2026-02-10 (3759 records)
built overview: 2026-02-12 (3765 records)
built overview: 2026-02-13 (3762 records)
built overview: 2026-02-16 (3763 records)
built overview: 2026-02-17 (3766 records)
built overview: 2026-02-18 (3761 records)
built overview: 2026-02-19 (3761 records)
built overview: 2026-02-20 (3773 records)
built overview: 2026-02-24 (3772 records)
built overview: 2026-02-25 (3771 records)
built overview: 2026-02-26 (3772 records)
built overview: 2026-02-27 (3773 records)
built overview: 2026-03-02 (3771 records)
built overview: 2026-03-03 (3768 records)
built overview: 2026-03-04 (3768 records)
wrote manifest: /Users/okamoto/kabu_doragon/data/manifest.json
timing tickers=0.0s
timing rankings=3.8s
timing overview=4.7s
timing total=8.5s
PENDING: no am snapshot for 2026-03-05
[2026-03-05 12:30:05] AM snapshot check start
PENDING: no am snapshot for 2026-03-05
[2026-03-05 12:30:06] PENDING: fetching J-Quants AM snapshot
PENDING: AM snapshot unavailable date=2026-03-05 reason=403 forbidden requested=300 succeeded=0 failed=300 elapsed=0.1s
done (3774 tickers)
[2026-03-05 12:32:14] rebuilding derived JSON from AM snapshot
updated daily cache: 2026-03-05 (0 records)
done: 0 tickers
built rankings: 2025-12-04 (3730 records)
built rankings: 2025-12-05 (3741 records)
built rankings: 2025-12-08 (3739 records)
built rankings: 2025-12-09 (3741 records)
built rankings: 2025-12-10 (3729 records)
built rankings: 2025-12-11 (3742 records)
built rankings: 2025-12-12 (3741 records)
built rankings: 2025-12-15 (3752 records)
built rankings: 2025-12-16 (3742 records)
built rankings: 2025-12-17 (3741 records)
built rankings: 2025-12-18 (3740 records)
built rankings: 2025-12-19 (3755 records)
built rankings: 2025-12-22 (3757 records)
built rankings: 2025-12-23 (3757 records)
built rankings: 2025-12-24 (3761 records)
built rankings: 2025-12-25 (3765 records)
built rankings: 2025-12-26 (3764 records)
built rankings: 2025-12-29 (3767 records)
built rankings: 2025-12-30 (3764 records)
built rankings: 2026-01-05 (3765 records)
built rankings: 2026-01-06 (3763 records)
built rankings: 2026-01-07 (3760 records)
built rankings: 2026-01-08 (3759 records)
built rankings: 2026-01-09 (3758 records)
built rankings: 2026-01-13 (3766 records)
built rankings: 2026-01-14 (3759 records)
built rankings: 2026-01-15 (3765 records)
built rankings: 2026-01-16 (3756 records)
built rankings: 2026-01-19 (3762 records)
built rankings: 2026-01-20 (3763 records)
built rankings: 2026-01-21 (3758 records)
built rankings: 2026-01-22 (3754 records)
built rankings: 2026-01-23 (3761 records)
built rankings: 2026-01-26 (3761 records)
built rankings: 2026-01-27 (3743 records)
built rankings: 2026-01-28 (3755 records)
built rankings: 2026-01-29 (3746 records)
built rankings: 2026-01-30 (3757 records)
built rankings: 2026-02-02 (3755 records)
built rankings: 2026-02-03 (3752 records)
built rankings: 2026-02-04 (3755 records)
built rankings: 2026-02-05 (3754 records)
built rankings: 2026-02-06 (3754 records)
built rankings: 2026-02-09 (3763 records)
built rankings: 2026-02-10 (3759 records)
built rankings: 2026-02-12 (3765 records)
built rankings: 2026-02-13 (3762 records)
built rankings: 2026-02-16 (3763 records)
built rankings: 2026-02-17 (3766 records)
built rankings: 2026-02-18 (3761 records)
built rankings: 2026-02-19 (3761 records)
built rankings: 2026-02-20 (3773 records)
built rankings: 2026-02-24 (3772 records)
built rankings: 2026-02-25 (3771 records)
built rankings: 2026-02-26 (3772 records)
built rankings: 2026-02-27 (3773 records)
built rankings: 2026-03-02 (3771 records)
built rankings: 2026-03-03 (3768 records)
built rankings: 2026-03-04 (3768 records)
built overview: 2025-12-04 (3730 records)
built overview: 2025-12-05 (3741 records)
built overview: 2025-12-08 (3739 records)
built overview: 2025-12-09 (3741 records)
built overview: 2025-12-10 (3729 records)
built overview: 2025-12-11 (3742 records)
built overview: 2025-12-12 (3741 records)
built overview: 2025-12-15 (3752 records)
built overview: 2025-12-16 (3742 records)
built overview: 2025-12-17 (3741 records)
built overview: 2025-12-18 (3740 records)
built overview: 2025-12-19 (3755 records)
built overview: 2025-12-22 (3757 records)
built overview: 2025-12-23 (3757 records)
built overview: 2025-12-24 (3761 records)
built overview: 2025-12-25 (3765 records)
built overview: 2025-12-26 (3764 records)
built overview: 2025-12-29 (3767 records)
built overview: 2025-12-30 (3764 records)
built overview: 2026-01-05 (3765 records)
built overview: 2026-01-06 (3763 records)
built overview: 2026-01-07 (3760 records)
built overview: 2026-01-08 (3759 records)
built overview: 2026-01-09 (3758 records)
built overview: 2026-01-13 (3766 records)
built overview: 2026-01-14 (3759 records)
built overview: 2026-01-15 (3765 records)
built overview: 2026-01-16 (3756 records)
built overview: 2026-01-19 (3762 records)
built overview: 2026-01-20 (3763 records)
built overview: 2026-01-21 (3758 records)
built overview: 2026-01-22 (3754 records)
built overview: 2026-01-23 (3761 records)
built overview: 2026-01-26 (3761 records)
built overview: 2026-01-27 (3743 records)
built overview: 2026-01-28 (3755 records)
built overview: 2026-01-29 (3746 records)
built overview: 2026-01-30 (3757 records)
built overview: 2026-02-02 (3755 records)
built overview: 2026-02-03 (3752 records)
built overview: 2026-02-04 (3755 records)
built overview: 2026-02-05 (3754 records)
built overview: 2026-02-06 (3754 records)
built overview: 2026-02-09 (3763 records)
built overview: 2026-02-10 (3759 records)
built overview: 2026-02-12 (3765 records)
built overview: 2026-02-13 (3762 records)
built overview: 2026-02-16 (3763 records)
built overview: 2026-02-17 (3766 records)
built overview: 2026-02-18 (3761 records)
built overview: 2026-02-19 (3761 records)
built overview: 2026-02-20 (3773 records)
built overview: 2026-02-24 (3772 records)
built overview: 2026-02-25 (3771 records)
built overview: 2026-02-26 (3772 records)
built overview: 2026-02-27 (3773 records)
built overview: 2026-03-02 (3771 records)
built overview: 2026-03-03 (3768 records)
built overview: 2026-03-04 (3768 records)
wrote manifest: /Users/okamoto/kabu_doragon/data/manifest.json
timing tickers=0.0s
timing rankings=3.7s
timing overview=4.8s
timing total=8.6s
PENDING: no am snapshot for 2026-03-05
[2026-03-06 12:05:04] AM snapshot check start
PENDING: no am snapshot for 2026-03-06
[2026-03-06 12:05:06] PENDING: fetching J-Quants AM snapshot
PENDING: AM snapshot unavailable date=2026-03-06 reason=403 forbidden requested=300 succeeded=0 failed=300 elapsed=0.1s
done (3773 tickers)
[2026-03-06 12:07:14] rebuilding derived JSON from AM snapshot
updated daily cache: 2026-03-06 (0 records)
done: 0 tickers
built rankings: 2025-12-05 (3741 records)
built rankings: 2025-12-08 (3739 records)
built rankings: 2025-12-09 (3741 records)
built rankings: 2025-12-10 (3729 records)
built rankings: 2025-12-11 (3742 records)
built rankings: 2025-12-12 (3741 records)
built rankings: 2025-12-15 (3752 records)
built rankings: 2025-12-16 (3742 records)
built rankings: 2025-12-17 (3741 records)
built rankings: 2025-12-18 (3740 records)
built rankings: 2025-12-19 (3755 records)
built rankings: 2025-12-22 (3757 records)
built rankings: 2025-12-23 (3757 records)
built rankings: 2025-12-24 (3761 records)
built rankings: 2025-12-25 (3765 records)
built rankings: 2025-12-26 (3764 records)
built rankings: 2025-12-29 (3767 records)
built rankings: 2025-12-30 (3764 records)
built rankings: 2026-01-05 (3765 records)
built rankings: 2026-01-06 (3763 records)
built rankings: 2026-01-07 (3760 records)
built rankings: 2026-01-08 (3759 records)
built rankings: 2026-01-09 (3758 records)
built rankings: 2026-01-13 (3766 records)
built rankings: 2026-01-14 (3759 records)
built rankings: 2026-01-15 (3765 records)
built rankings: 2026-01-16 (3756 records)
built rankings: 2026-01-19 (3762 records)
built rankings: 2026-01-20 (3763 records)
built rankings: 2026-01-21 (3758 records)
built rankings: 2026-01-22 (3754 records)
built rankings: 2026-01-23 (3761 records)
built rankings: 2026-01-26 (3761 records)
built rankings: 2026-01-27 (3743 records)
built rankings: 2026-01-28 (3755 records)
built rankings: 2026-01-29 (3746 records)
built rankings: 2026-01-30 (3757 records)
built rankings: 2026-02-02 (3755 records)
built rankings: 2026-02-03 (3752 records)
built rankings: 2026-02-04 (3755 records)
built rankings: 2026-02-05 (3754 records)
built rankings: 2026-02-06 (3754 records)
built rankings: 2026-02-09 (3763 records)
built rankings: 2026-02-10 (3759 records)
built rankings: 2026-02-12 (3765 records)
built rankings: 2026-02-13 (3762 records)
built rankings: 2026-02-16 (3763 records)
built rankings: 2026-02-17 (3766 records)
built rankings: 2026-02-18 (3761 records)
built rankings: 2026-02-19 (3761 records)
built rankings: 2026-02-20 (3773 records)
built rankings: 2026-02-24 (3772 records)
built rankings: 2026-02-25 (3771 records)
built rankings: 2026-02-26 (3772 records)
built rankings: 2026-02-27 (3773 records)
built rankings: 2026-03-02 (3771 records)
built rankings: 2026-03-03 (3768 records)
built rankings: 2026-03-04 (3768 records)
built rankings: 2026-03-05 (3763 records)
built overview: 2025-12-05 (3741 records)
built overview: 2025-12-08 (3739 records)
built overview: 2025-12-09 (3741 records)
built overview: 2025-12-10 (3729 records)
built overview: 2025-12-11 (3742 records)
built overview: 2025-12-12 (3741 records)
built overview: 2025-12-15 (3752 records)
built overview: 2025-12-16 (3742 records)
built overview: 2025-12-17 (3741 records)
built overview: 2025-12-18 (3740 records)
built overview: 2025-12-19 (3755 records)
built overview: 2025-12-22 (3757 records)
built overview: 2025-12-23 (3757 records)
built overview: 2025-12-24 (3761 records)
built overview: 2025-12-25 (3765 records)
built overview: 2025-12-26 (3764 records)
built overview: 2025-12-29 (3767 records)
built overview: 2025-12-30 (3764 records)
built overview: 2026-01-05 (3765 records)
built overview: 2026-01-06 (3763 records)
built overview: 2026-01-07 (3760 records)
built overview: 2026-01-08 (3759 records)
built overview: 2026-01-09 (3758 records)
built overview: 2026-01-13 (3766 records)
built overview: 2026-01-14 (3759 records)
built overview: 2026-01-15 (3765 records)
built overview: 2026-01-16 (3756 records)
built overview: 2026-01-19 (3762 records)
built overview: 2026-01-20 (3763 records)
built overview: 2026-01-21 (3758 records)
built overview: 2026-01-22 (3754 records)
built overview: 2026-01-23 (3761 records)
built overview: 2026-01-26 (3761 records)
built overview: 2026-01-27 (3743 records)
built overview: 2026-01-28 (3755 records)
built overview: 2026-01-29 (3746 records)
built overview: 2026-01-30 (3757 records)
built overview: 2026-02-02 (3755 records)
built overview: 2026-02-03 (3752 records)
built overview: 2026-02-04 (3755 records)
built overview: 2026-02-05 (3754 records)
built overview: 2026-02-06 (3754 records)
built overview: 2026-02-09 (3763 records)
built overview: 2026-02-10 (3759 records)
built overview: 2026-02-12 (3765 records)
built overview: 2026-02-13 (3762 records)
built overview: 2026-02-16 (3763 records)
built overview: 2026-02-17 (3766 records)
built overview: 2026-02-18 (3761 records)
built overview: 2026-02-19 (3761 records)
built overview: 2026-02-20 (3773 records)
built overview: 2026-02-24 (3772 records)
built overview: 2026-02-25 (3771 records)
built overview: 2026-02-26 (3772 records)
built overview: 2026-02-27 (3773 records)
built overview: 2026-03-02 (3771 records)
built overview: 2026-03-03 (3768 records)
built overview: 2026-03-04 (3768 records)
built overview: 2026-03-05 (3763 records)
wrote manifest: /Users/okamoto/kabu_doragon/data/manifest.json
timing tickers=0.0s
timing rankings=4.0s
timing overview=4.9s
timing total=9.0s
PENDING: no am snapshot for 2026-03-06
[2026-03-06 12:30:04] AM snapshot check start
PENDING: no am snapshot for 2026-03-06
[2026-03-06 12:30:05] PENDING: fetching J-Quants AM snapshot
PENDING: AM snapshot unavailable date=2026-03-06 reason=403 forbidden requested=300 succeeded=0 failed=300 elapsed=0.1s
done (3773 tickers)
[2026-03-06 12:32:14] rebuilding derived JSON from AM snapshot
updated daily cache: 2026-03-06 (0 records)
done: 0 tickers
built rankings: 2025-12-05 (3741 records)
built rankings: 2025-12-08 (3739 records)
built rankings: 2025-12-09 (3741 records)
built rankings: 2025-12-10 (3729 records)
built rankings: 2025-12-11 (3742 records)
built rankings: 2025-12-12 (3741 records)
built rankings: 2025-12-15 (3752 records)
built rankings: 2025-12-16 (3742 records)
built rankings: 2025-12-17 (3741 records)
built rankings: 2025-12-18 (3740 records)
built rankings: 2025-12-19 (3755 records)
built rankings: 2025-12-22 (3757 records)
built rankings: 2025-12-23 (3757 records)
built rankings: 2025-12-24 (3761 records)
built rankings: 2025-12-25 (3765 records)
built rankings: 2025-12-26 (3764 records)
built rankings: 2025-12-29 (3767 records)
built rankings: 2025-12-30 (3764 records)
built rankings: 2026-01-05 (3765 records)
built rankings: 2026-01-06 (3763 records)
built rankings: 2026-01-07 (3760 records)
built rankings: 2026-01-08 (3759 records)
built rankings: 2026-01-09 (3758 records)
built rankings: 2026-01-13 (3766 records)
built rankings: 2026-01-14 (3759 records)
built rankings: 2026-01-15 (3765 records)
built rankings: 2026-01-16 (3756 records)
built rankings: 2026-01-19 (3762 records)
built rankings: 2026-01-20 (3763 records)
built rankings: 2026-01-21 (3758 records)
built rankings: 2026-01-22 (3754 records)
built rankings: 2026-01-23 (3761 records)
built rankings: 2026-01-26 (3761 records)
built rankings: 2026-01-27 (3743 records)
built rankings: 2026-01-28 (3755 records)
built rankings: 2026-01-29 (3746 records)
built rankings: 2026-01-30 (3757 records)
built rankings: 2026-02-02 (3755 records)
built rankings: 2026-02-03 (3752 records)
built rankings: 2026-02-04 (3755 records)
built rankings: 2026-02-05 (3754 records)
built rankings: 2026-02-06 (3754 records)
built rankings: 2026-02-09 (3763 records)
built rankings: 2026-02-10 (3759 records)
built rankings: 2026-02-12 (3765 records)
built rankings: 2026-02-13 (3762 records)
built rankings: 2026-02-16 (3763 records)
built rankings: 2026-02-17 (3766 records)
built rankings: 2026-02-18 (3761 records)
built rankings: 2026-02-19 (3761 records)
built rankings: 2026-02-20 (3773 records)
built rankings: 2026-02-24 (3772 records)
built rankings: 2026-02-25 (3771 records)
built rankings: 2026-02-26 (3772 records)
built rankings: 2026-02-27 (3773 records)
built rankings: 2026-03-02 (3771 records)
built rankings: 2026-03-03 (3768 records)
built rankings: 2026-03-04 (3768 records)
built rankings: 2026-03-05 (3763 records)
built overview: 2025-12-05 (3741 records)
built overview: 2025-12-08 (3739 records)
built overview: 2025-12-09 (3741 records)
built overview: 2025-12-10 (3729 records)
built overview: 2025-12-11 (3742 records)
built overview: 2025-12-12 (3741 records)
built overview: 2025-12-15 (3752 records)
built overview: 2025-12-16 (3742 records)
built overview: 2025-12-17 (3741 records)
built overview: 2025-12-18 (3740 records)
built overview: 2025-12-19 (3755 records)
built overview: 2025-12-22 (3757 records)
built overview: 2025-12-23 (3757 records)
built overview: 2025-12-24 (3761 records)
built overview: 2025-12-25 (3765 records)
built overview: 2025-12-26 (3764 records)
built overview: 2025-12-29 (3767 records)
built overview: 2025-12-30 (3764 records)
built overview: 2026-01-05 (3765 records)
built overview: 2026-01-06 (3763 records)
built overview: 2026-01-07 (3760 records)
built overview: 2026-01-08 (3759 records)
built overview: 2026-01-09 (3758 records)
built overview: 2026-01-13 (3766 records)
built overview: 2026-01-14 (3759 records)
built overview: 2026-01-15 (3765 records)
built overview: 2026-01-16 (3756 records)
built overview: 2026-01-19 (3762 records)
built overview: 2026-01-20 (3763 records)
built overview: 2026-01-21 (3758 records)
built overview: 2026-01-22 (3754 records)
built overview: 2026-01-23 (3761 records)
built overview: 2026-01-26 (3761 records)
built overview: 2026-01-27 (3743 records)
built overview: 2026-01-28 (3755 records)
built overview: 2026-01-29 (3746 records)
built overview: 2026-01-30 (3757 records)
built overview: 2026-02-02 (3755 records)
built overview: 2026-02-03 (3752 records)
built overview: 2026-02-04 (3755 records)
built overview: 2026-02-05 (3754 records)
built overview: 2026-02-06 (3754 records)
built overview: 2026-02-09 (3763 records)
built overview: 2026-02-10 (3759 records)
built overview: 2026-02-12 (3765 records)
built overview: 2026-02-13 (3762 records)
built overview: 2026-02-16 (3763 records)
built overview: 2026-02-17 (3766 records)
built overview: 2026-02-18 (3761 records)
built overview: 2026-02-19 (3761 records)
built overview: 2026-02-20 (3773 records)
built overview: 2026-02-24 (3772 records)
built overview: 2026-02-25 (3771 records)
built overview: 2026-02-26 (3772 records)
built overview: 2026-02-27 (3773 records)
built overview: 2026-03-02 (3771 records)
built overview: 2026-03-03 (3768 records)
built overview: 2026-03-04 (3768 records)
built overview: 2026-03-05 (3763 records)
wrote manifest: /Users/okamoto/kabu_doragon/data/manifest.json
timing tickers=0.0s
timing rankings=3.9s
timing overview=5.2s
timing total=9.1s
PENDING: no am snapshot for 2026-03-06
[2026-03-07 12:05:04] AM snapshot check start
OK: daily snapshot 2026-03-06 is already active
[2026-03-07 12:05:06] OK: AM or daily snapshot already active
[2026-03-07 12:30:05] AM snapshot check start
OK: daily snapshot 2026-03-06 is already active
[2026-03-07 12:30:08] OK: AM or daily snapshot already active
[2026-03-10 12:05:05] AM snapshot check start
PENDING: no am snapshot for 2026-03-10
[2026-03-10 12:05:07] PENDING: fetching J-Quants AM snapshot
PENDING: AM snapshot unavailable date=2026-03-10 reason=403 forbidden requested=300 succeeded=0 failed=300 elapsed=0.2s
done (3773 tickers)
[2026-03-10 12:07:14] rebuilding derived JSON from AM snapshot
updated daily cache: 2026-03-10 (0 records)
done: 0 tickers
built rankings: 2025-12-09 (3741 records)
built rankings: 2025-12-10 (3729 records)
built rankings: 2025-12-11 (3742 records)
built rankings: 2025-12-12 (3741 records)
built rankings: 2025-12-15 (3752 records)
built rankings: 2025-12-16 (3742 records)
built rankings: 2025-12-17 (3741 records)
built rankings: 2025-12-18 (3740 records)
built rankings: 2025-12-19 (3755 records)
built rankings: 2025-12-22 (3757 records)
built rankings: 2025-12-23 (3757 records)
built rankings: 2025-12-24 (3761 records)
built rankings: 2025-12-25 (3765 records)
built rankings: 2025-12-26 (3764 records)
built rankings: 2025-12-29 (3767 records)
built rankings: 2025-12-30 (3764 records)
built rankings: 2026-01-05 (3765 records)
built rankings: 2026-01-06 (3763 records)
built rankings: 2026-01-07 (3760 records)
built rankings: 2026-01-08 (3759 records)
built rankings: 2026-01-09 (3758 records)
built rankings: 2026-01-13 (3766 records)
built rankings: 2026-01-14 (3759 records)
built rankings: 2026-01-15 (3765 records)
built rankings: 2026-01-16 (3756 records)
built rankings: 2026-01-19 (3762 records)
built rankings: 2026-01-20 (3763 records)
built rankings: 2026-01-21 (3758 records)
built rankings: 2026-01-22 (3754 records)
built rankings: 2026-01-23 (3761 records)
built rankings: 2026-01-26 (3761 records)
built rankings: 2026-01-27 (3743 records)
built rankings: 2026-01-28 (3755 records)
built rankings: 2026-01-29 (3746 records)
built rankings: 2026-01-30 (3757 records)
built rankings: 2026-02-02 (3755 records)
built rankings: 2026-02-03 (3752 records)
built rankings: 2026-02-04 (3755 records)
built rankings: 2026-02-05 (3754 records)
built rankings: 2026-02-06 (3754 records)
built rankings: 2026-02-09 (3763 records)
built rankings: 2026-02-10 (3759 records)
built rankings: 2026-02-12 (3765 records)
built rankings: 2026-02-13 (3762 records)
built rankings: 2026-02-16 (3763 records)
built rankings: 2026-02-17 (3766 records)
built rankings: 2026-02-18 (3761 records)
built rankings: 2026-02-19 (3761 records)
built rankings: 2026-02-20 (3773 records)
built rankings: 2026-02-24 (3772 records)
built rankings: 2026-02-25 (3771 records)
built rankings: 2026-02-26 (3772 records)
built rankings: 2026-02-27 (3773 records)
built rankings: 2026-03-02 (3771 records)
built rankings: 2026-03-03 (3768 records)
built rankings: 2026-03-04 (3768 records)
built rankings: 2026-03-05 (3763 records)
built rankings: 2026-03-06 (3752 records)
built rankings: 2026-03-09 (3769 records)
built overview: 2025-12-09 (3741 records)
built overview: 2025-12-10 (3729 records)
built overview: 2025-12-11 (3742 records)
built overview: 2025-12-12 (3741 records)
built overview: 2025-12-15 (3752 records)
built overview: 2025-12-16 (3742 records)
built overview: 2025-12-17 (3741 records)
built overview: 2025-12-18 (3740 records)
built overview: 2025-12-19 (3755 records)
built overview: 2025-12-22 (3757 records)
built overview: 2025-12-23 (3757 records)
built overview: 2025-12-24 (3761 records)
built overview: 2025-12-25 (3765 records)
built overview: 2025-12-26 (3764 records)
built overview: 2025-12-29 (3767 records)
built overview: 2025-12-30 (3764 records)
built overview: 2026-01-05 (3765 records)
built overview: 2026-01-06 (3763 records)
built overview: 2026-01-07 (3760 records)
built overview: 2026-01-08 (3759 records)
built overview: 2026-01-09 (3758 records)
built overview: 2026-01-13 (3766 records)
built overview: 2026-01-14 (3759 records)
built overview: 2026-01-15 (3765 records)
built overview: 2026-01-16 (3756 records)
built overview: 2026-01-19 (3762 records)
built overview: 2026-01-20 (3763 records)
built overview: 2026-01-21 (3758 records)
built overview: 2026-01-22 (3754 records)
built overview: 2026-01-23 (3761 records)
built overview: 2026-01-26 (3761 records)
built overview: 2026-01-27 (3743 records)
built overview: 2026-01-28 (3755 records)
built overview: 2026-01-29 (3746 records)
built overview: 2026-01-30 (3757 records)
built overview: 2026-02-02 (3755 records)
built overview: 2026-02-03 (3752 records)
built overview: 2026-02-04 (3755 records)
built overview: 2026-02-05 (3754 records)
built overview: 2026-02-06 (3754 records)
built overview: 2026-02-09 (3763 records)
built overview: 2026-02-10 (3759 records)
built overview: 2026-02-12 (3765 records)
built overview: 2026-02-13 (3762 records)
built overview: 2026-02-16 (3763 records)
built overview: 2026-02-17 (3766 records)
built overview: 2026-02-18 (3761 records)
built overview: 2026-02-19 (3761 records)
built overview: 2026-02-20 (3773 records)
built overview: 2026-02-24 (3772 records)
built overview: 2026-02-25 (3771 records)
built overview: 2026-02-26 (3772 records)
built overview: 2026-02-27 (3773 records)
built overview: 2026-03-02 (3771 records)
built overview: 2026-03-03 (3768 records)
built overview: 2026-03-04 (3768 records)
built overview: 2026-03-05 (3763 records)
built overview: 2026-03-06 (3752 records)
built overview: 2026-03-09 (3769 records)
wrote manifest: /Users/okamoto/kabu_doragon/data/manifest.json
timing tickers=0.1s
timing rankings=4.2s
timing overview=5.3s
timing total=9.5s
PENDING: no am snapshot for 2026-03-10
[2026-03-10 12:30:04] AM snapshot check start
PENDING: no am snapshot for 2026-03-10
[2026-03-10 12:30:06] PENDING: fetching J-Quants AM snapshot
PENDING: AM snapshot unavailable date=2026-03-10 reason=403 forbidden requested=300 succeeded=0 failed=300 elapsed=0.2s
done (3773 tickers)
[2026-03-10 12:32:26] rebuilding derived JSON from AM snapshot
updated daily cache: 2026-03-10 (0 records)
done: 0 tickers
built rankings: 2025-12-09 (3741 records)
built rankings: 2025-12-10 (3729 records)
built rankings: 2025-12-11 (3742 records)
built rankings: 2025-12-12 (3741 records)
built rankings: 2025-12-15 (3752 records)
built rankings: 2025-12-16 (3742 records)
built rankings: 2025-12-17 (3741 records)
built rankings: 2025-12-18 (3740 records)
built rankings: 2025-12-19 (3755 records)
built rankings: 2025-12-22 (3757 records)
built rankings: 2025-12-23 (3757 records)
built rankings: 2025-12-24 (3761 records)
built rankings: 2025-12-25 (3765 records)
built rankings: 2025-12-26 (3764 records)
built rankings: 2025-12-29 (3767 records)
built rankings: 2025-12-30 (3764 records)
built rankings: 2026-01-05 (3765 records)
built rankings: 2026-01-06 (3763 records)
built rankings: 2026-01-07 (3760 records)
built rankings: 2026-01-08 (3759 records)
built rankings: 2026-01-09 (3758 records)
built rankings: 2026-01-13 (3766 records)
built rankings: 2026-01-14 (3759 records)
built rankings: 2026-01-15 (3765 records)
built rankings: 2026-01-16 (3756 records)
built rankings: 2026-01-19 (3762 records)
built rankings: 2026-01-20 (3763 records)
built rankings: 2026-01-21 (3758 records)
built rankings: 2026-01-22 (3754 records)
built rankings: 2026-01-23 (3761 records)
built rankings: 2026-01-26 (3761 records)
built rankings: 2026-01-27 (3743 records)
built rankings: 2026-01-28 (3755 records)
built rankings: 2026-01-29 (3746 records)
built rankings: 2026-01-30 (3757 records)
built rankings: 2026-02-02 (3755 records)
built rankings: 2026-02-03 (3752 records)
built rankings: 2026-02-04 (3755 records)
built rankings: 2026-02-05 (3754 records)
built rankings: 2026-02-06 (3754 records)
built rankings: 2026-02-09 (3763 records)
built rankings: 2026-02-10 (3759 records)
built rankings: 2026-02-12 (3765 records)
built rankings: 2026-02-13 (3762 records)
built rankings: 2026-02-16 (3763 records)
built rankings: 2026-02-17 (3766 records)
built rankings: 2026-02-18 (3761 records)
built rankings: 2026-02-19 (3761 records)
built rankings: 2026-02-20 (3773 records)
built rankings: 2026-02-24 (3772 records)
built rankings: 2026-02-25 (3771 records)
built rankings: 2026-02-26 (3772 records)
built rankings: 2026-02-27 (3773 records)
built rankings: 2026-03-02 (3771 records)
built rankings: 2026-03-03 (3768 records)
built rankings: 2026-03-04 (3768 records)
built rankings: 2026-03-05 (3763 records)
built rankings: 2026-03-06 (3752 records)
built rankings: 2026-03-09 (3769 records)
built overview: 2025-12-09 (3741 records)
built overview: 2025-12-10 (3729 records)
built overview: 2025-12-11 (3742 records)
built overview: 2025-12-12 (3741 records)
built overview: 2025-12-15 (3752 records)
built overview: 2025-12-16 (3742 records)
built overview: 2025-12-17 (3741 records)
built overview: 2025-12-18 (3740 records)
built overview: 2025-12-19 (3755 records)
built overview: 2025-12-22 (3757 records)
built overview: 2025-12-23 (3757 records)
built overview: 2025-12-24 (3761 records)
built overview: 2025-12-25 (3765 records)
built overview: 2025-12-26 (3764 records)
built overview: 2025-12-29 (3767 records)
built overview: 2025-12-30 (3764 records)
built overview: 2026-01-05 (3765 records)
built overview: 2026-01-06 (3763 records)
built overview: 2026-01-07 (3760 records)
built overview: 2026-01-08 (3759 records)
built overview: 2026-01-09 (3758 records)
built overview: 2026-01-13 (3766 records)
built overview: 2026-01-14 (3759 records)
built overview: 2026-01-15 (3765 records)
built overview: 2026-01-16 (3756 records)
built overview: 2026-01-19 (3762 records)
built overview: 2026-01-20 (3763 records)
built overview: 2026-01-21 (3758 records)
built overview: 2026-01-22 (3754 records)
built overview: 2026-01-23 (3761 records)
built overview: 2026-01-26 (3761 records)
built overview: 2026-01-27 (3743 records)
built overview: 2026-01-28 (3755 records)
built overview: 2026-01-29 (3746 records)
built overview: 2026-01-30 (3757 records)
built overview: 2026-02-02 (3755 records)
built overview: 2026-02-03 (3752 records)
built overview: 2026-02-04 (3755 records)
built overview: 2026-02-05 (3754 records)
built overview: 2026-02-06 (3754 records)
built overview: 2026-02-09 (3763 records)
built overview: 2026-02-10 (3759 records)
built overview: 2026-02-12 (3765 records)
built overview: 2026-02-13 (3762 records)
built overview: 2026-02-16 (3763 records)
built overview: 2026-02-17 (3766 records)
built overview: 2026-02-18 (3761 records)
built overview: 2026-02-19 (3761 records)
built overview: 2026-02-20 (3773 records)
built overview: 2026-02-24 (3772 records)
built overview: 2026-02-25 (3771 records)
built overview: 2026-02-26 (3772 records)
built overview: 2026-02-27 (3773 records)
built overview: 2026-03-02 (3771 records)
built overview: 2026-03-03 (3768 records)
built overview: 2026-03-04 (3768 records)
built overview: 2026-03-05 (3763 records)
built overview: 2026-03-06 (3752 records)
built overview: 2026-03-09 (3769 records)
wrote manifest: /Users/okamoto/kabu_doragon/data/manifest.json
timing tickers=0.1s
timing rankings=5.1s
timing overview=7.2s
timing total=12.3s
PENDING: no am snapshot for 2026-03-10
[2026-03-11 12:05:03] AM snapshot check start
PENDING: no am snapshot for 2026-03-11
[2026-03-11 12:05:04] PENDING: fetching J-Quants AM snapshot
PENDING: AM snapshot unavailable date=2026-03-11 reason=403 forbidden requested=300 succeeded=0 failed=300 elapsed=0.1s
done (3773 tickers)
[2026-03-11 12:07:57] rebuilding derived JSON from AM snapshot
updated daily cache: 2026-03-11 (0 records)
done: 0 tickers
built rankings: 2025-12-10 (3729 records)
built rankings: 2025-12-11 (3742 records)
built rankings: 2025-12-12 (3741 records)
built rankings: 2025-12-15 (3752 records)
built rankings: 2025-12-16 (3742 records)
built rankings: 2025-12-17 (3741 records)
built rankings: 2025-12-18 (3740 records)
built rankings: 2025-12-19 (3755 records)
built rankings: 2025-12-22 (3757 records)
built rankings: 2025-12-23 (3757 records)
built rankings: 2025-12-24 (3761 records)
built rankings: 2025-12-25 (3765 records)
built rankings: 2025-12-26 (3764 records)
built rankings: 2025-12-29 (3767 records)
built rankings: 2025-12-30 (3764 records)
built rankings: 2026-01-05 (3765 records)
built rankings: 2026-01-06 (3763 records)
built rankings: 2026-01-07 (3760 records)
built rankings: 2026-01-08 (3759 records)
built rankings: 2026-01-09 (3758 records)
built rankings: 2026-01-13 (3766 records)
built rankings: 2026-01-14 (3759 records)
built rankings: 2026-01-15 (3765 records)
built rankings: 2026-01-16 (3756 records)
built rankings: 2026-01-19 (3762 records)
built rankings: 2026-01-20 (3763 records)
built rankings: 2026-01-21 (3758 records)
built rankings: 2026-01-22 (3754 records)
built rankings: 2026-01-23 (3761 records)
built rankings: 2026-01-26 (3761 records)
built rankings: 2026-01-27 (3743 records)
built rankings: 2026-01-28 (3755 records)
built rankings: 2026-01-29 (3746 records)
built rankings: 2026-01-30 (3757 records)
built rankings: 2026-02-02 (3755 records)
built rankings: 2026-02-03 (3752 records)
built rankings: 2026-02-04 (3755 records)
built rankings: 2026-02-05 (3754 records)
built rankings: 2026-02-06 (3754 records)
built rankings: 2026-02-09 (3763 records)
built rankings: 2026-02-10 (3759 records)
built rankings: 2026-02-12 (3765 records)
built rankings: 2026-02-13 (3762 records)
built rankings: 2026-02-16 (3763 records)
built rankings: 2026-02-17 (3766 records)
built rankings: 2026-02-18 (3761 records)
built rankings: 2026-02-19 (3761 records)
built rankings: 2026-02-20 (3773 records)
built rankings: 2026-02-24 (3772 records)
built rankings: 2026-02-25 (3771 records)
built rankings: 2026-02-26 (3772 records)
built rankings: 2026-02-27 (3773 records)
built rankings: 2026-03-02 (3771 records)
built rankings: 2026-03-03 (3768 records)
built rankings: 2026-03-04 (3768 records)
built rankings: 2026-03-05 (3763 records)
built rankings: 2026-03-06 (3752 records)
built rankings: 2026-03-09 (3769 records)
built rankings: 2026-03-10 (3757 records)
built overview: 2025-12-10 (3729 records)
built overview: 2025-12-11 (3742 records)
built overview: 2025-12-12 (3741 records)
built overview: 2025-12-15 (3752 records)
built overview: 2025-12-16 (3742 records)
built overview: 2025-12-17 (3741 records)
built overview: 2025-12-18 (3740 records)
built overview: 2025-12-19 (3755 records)
built overview: 2025-12-22 (3757 records)
built overview: 2025-12-23 (3757 records)
built overview: 2025-12-24 (3761 records)
built overview: 2025-12-25 (3765 records)
built overview: 2025-12-26 (3764 records)
built overview: 2025-12-29 (3767 records)
built overview: 2025-12-30 (3764 records)
built overview: 2026-01-05 (3765 records)
built overview: 2026-01-06 (3763 records)
built overview: 2026-01-07 (3760 records)
built overview: 2026-01-08 (3759 records)
built overview: 2026-01-09 (3758 records)
built overview: 2026-01-13 (3766 records)
built overview: 2026-01-14 (3759 records)
built overview: 2026-01-15 (3765 records)
built overview: 2026-01-16 (3756 records)
built overview: 2026-01-19 (3762 records)
built overview: 2026-01-20 (3763 records)
built overview: 2026-01-21 (3758 records)
built overview: 2026-01-22 (3754 records)
built overview: 2026-01-23 (3761 records)
built overview: 2026-01-26 (3761 records)
built overview: 2026-01-27 (3743 records)
built overview: 2026-01-28 (3755 records)
built overview: 2026-01-29 (3746 records)
built overview: 2026-01-30 (3757 records)
built overview: 2026-02-02 (3755 records)
built overview: 2026-02-03 (3752 records)
built overview: 2026-02-04 (3755 records)
built overview: 2026-02-05 (3754 records)
built overview: 2026-02-06 (3754 records)
built overview: 2026-02-09 (3763 records)
built overview: 2026-02-10 (3759 records)
built overview: 2026-02-12 (3765 records)
built overview: 2026-02-13 (3762 records)
built overview: 2026-02-16 (3763 records)
built overview: 2026-02-17 (3766 records)
built overview: 2026-02-18 (3761 records)
built overview: 2026-02-19 (3761 records)
built overview: 2026-02-20 (3773 records)
built overview: 2026-02-24 (3772 records)
built overview: 2026-02-25 (3771 records)
built overview: 2026-02-26 (3772 records)
built overview: 2026-02-27 (3773 records)
built overview: 2026-03-02 (3771 records)
built overview: 2026-03-03 (3768 records)
built overview: 2026-03-04 (3768 records)
built overview: 2026-03-05 (3763 records)
built overview: 2026-03-06 (3752 records)
built overview: 2026-03-09 (3769 records)
built overview: 2026-03-10 (3757 records)
wrote manifest: /Users/okamoto/kabu_doragon/data/manifest.json
timing tickers=0.1s
timing rankings=7.1s
timing overview=6.8s
timing total=14.0s
PENDING: no am snapshot for 2026-03-11
[2026-03-11 12:30:05] AM snapshot check start
PENDING: no am snapshot for 2026-03-11
[2026-03-11 12:30:06] PENDING: fetching J-Quants AM snapshot
PENDING: AM snapshot unavailable date=2026-03-11 reason=403 forbidden requested=300 succeeded=0 failed=300 elapsed=0.1s
done (3773 tickers)
[2026-03-11 12:32:47] rebuilding derived JSON from AM snapshot
updated daily cache: 2026-03-11 (0 records)
done: 0 tickers
built rankings: 2025-12-10 (3729 records)
built rankings: 2025-12-11 (3742 records)
built rankings: 2025-12-12 (3741 records)
built rankings: 2025-12-15 (3752 records)
built rankings: 2025-12-16 (3742 records)
built rankings: 2025-12-17 (3741 records)
built rankings: 2025-12-18 (3740 records)
built rankings: 2025-12-19 (3755 records)
built rankings: 2025-12-22 (3757 records)
built rankings: 2025-12-23 (3757 records)
built rankings: 2025-12-24 (3761 records)
built rankings: 2025-12-25 (3765 records)
built rankings: 2025-12-26 (3764 records)
built rankings: 2025-12-29 (3767 records)
built rankings: 2025-12-30 (3764 records)
built rankings: 2026-01-05 (3765 records)
built rankings: 2026-01-06 (3763 records)
built rankings: 2026-01-07 (3760 records)
built rankings: 2026-01-08 (3759 records)
built rankings: 2026-01-09 (3758 records)
built rankings: 2026-01-13 (3766 records)
built rankings: 2026-01-14 (3759 records)
built rankings: 2026-01-15 (3765 records)
built rankings: 2026-01-16 (3756 records)
built rankings: 2026-01-19 (3762 records)
built rankings: 2026-01-20 (3763 records)
built rankings: 2026-01-21 (3758 records)
built rankings: 2026-01-22 (3754 records)
built rankings: 2026-01-23 (3761 records)
built rankings: 2026-01-26 (3761 records)
built rankings: 2026-01-27 (3743 records)
built rankings: 2026-01-28 (3755 records)
built rankings: 2026-01-29 (3746 records)
built rankings: 2026-01-30 (3757 records)
built rankings: 2026-02-02 (3755 records)
built rankings: 2026-02-03 (3752 records)
built rankings: 2026-02-04 (3755 records)
built rankings: 2026-02-05 (3754 records)
built rankings: 2026-02-06 (3754 records)
built rankings: 2026-02-09 (3763 records)
built rankings: 2026-02-10 (3759 records)
built rankings: 2026-02-12 (3765 records)
built rankings: 2026-02-13 (3762 records)
built rankings: 2026-02-16 (3763 records)
built rankings: 2026-02-17 (3766 records)
built rankings: 2026-02-18 (3761 records)
built rankings: 2026-02-19 (3761 records)
built rankings: 2026-02-20 (3773 records)
built rankings: 2026-02-24 (3772 records)
built rankings: 2026-02-25 (3771 records)
built rankings: 2026-02-26 (3772 records)
built rankings: 2026-02-27 (3773 records)
built rankings: 2026-03-02 (3771 records)
built rankings: 2026-03-03 (3768 records)
built rankings: 2026-03-04 (3768 records)
built rankings: 2026-03-05 (3763 records)
built rankings: 2026-03-06 (3752 records)
built rankings: 2026-03-09 (3769 records)
built rankings: 2026-03-10 (3757 records)
built overview: 2025-12-10 (3729 records)
built overview: 2025-12-11 (3742 records)
built overview: 2025-12-12 (3741 records)
built overview: 2025-12-15 (3752 records)
built overview: 2025-12-16 (3742 records)
built overview: 2025-12-17 (3741 records)
built overview: 2025-12-18 (3740 records)
built overview: 2025-12-19 (3755 records)
built overview: 2025-12-22 (3757 records)
built overview: 2025-12-23 (3757 records)
built overview: 2025-12-24 (3761 records)
built overview: 2025-12-25 (3765 records)
built overview: 2025-12-26 (3764 records)
built overview: 2025-12-29 (3767 records)
built overview: 2025-12-30 (3764 records)
built overview: 2026-01-05 (3765 records)
built overview: 2026-01-06 (3763 records)
built overview: 2026-01-07 (3760 records)
built overview: 2026-01-08 (3759 records)
built overview: 2026-01-09 (3758 records)
built overview: 2026-01-13 (3766 records)
built overview: 2026-01-14 (3759 records)
built overview: 2026-01-15 (3765 records)
built overview: 2026-01-16 (3756 records)
built overview: 2026-01-19 (3762 records)
built overview: 2026-01-20 (3763 records)
built overview: 2026-01-21 (3758 records)
built overview: 2026-01-22 (3754 records)
built overview: 2026-01-23 (3761 records)
built overview: 2026-01-26 (3761 records)
built overview: 2026-01-27 (3743 records)
built overview: 2026-01-28 (3755 records)
built overview: 2026-01-29 (3746 records)
built overview: 2026-01-30 (3757 records)
built overview: 2026-02-02 (3755 records)
built overview: 2026-02-03 (3752 records)
built overview: 2026-02-04 (3755 records)
built overview: 2026-02-05 (3754 records)
built overview: 2026-02-06 (3754 records)
built overview: 2026-02-09 (3763 records)
built overview: 2026-02-10 (3759 records)
built overview: 2026-02-12 (3765 records)
built overview: 2026-02-13 (3762 records)
built overview: 2026-02-16 (3763 records)
built overview: 2026-02-17 (3766 records)
built overview: 2026-02-18 (3761 records)
built overview: 2026-02-19 (3761 records)
built overview: 2026-02-20 (3773 records)
built overview: 2026-02-24 (3772 records)
built overview: 2026-02-25 (3771 records)
built overview: 2026-02-26 (3772 records)
built overview: 2026-02-27 (3773 records)
built overview: 2026-03-02 (3771 records)
built overview: 2026-03-03 (3768 records)
built overview: 2026-03-04 (3768 records)
built overview: 2026-03-05 (3763 records)
built overview: 2026-03-06 (3752 records)
built overview: 2026-03-09 (3769 records)
built overview: 2026-03-10 (3757 records)
wrote manifest: /Users/okamoto/kabu_doragon/data/manifest.json
timing tickers=0.1s
timing rankings=5.3s
timing overview=6.6s
timing total=12.0s
PENDING: no am snapshot for 2026-03-11
[2026-03-12 12:05:05] AM snapshot check start
PENDING: no am snapshot for 2026-03-12
[2026-03-12 12:05:08] PENDING: fetching J-Quants AM snapshot
PENDING: AM snapshot unavailable date=2026-03-12 reason=403 forbidden requested=300 succeeded=0 failed=300 elapsed=0.1s
done (3772 tickers)
[2026-03-12 12:07:28] rebuilding derived JSON from AM snapshot
updated daily cache: 2026-03-12 (0 records)
done: 0 tickers
built rankings: 2025-12-11 (3742 records)
built rankings: 2025-12-12 (3741 records)
built rankings: 2025-12-15 (3752 records)
built rankings: 2025-12-16 (3742 records)
built rankings: 2025-12-17 (3741 records)
built rankings: 2025-12-18 (3740 records)
built rankings: 2025-12-19 (3755 records)
built rankings: 2025-12-22 (3757 records)
built rankings: 2025-12-23 (3757 records)
built rankings: 2025-12-24 (3761 records)
built rankings: 2025-12-25 (3765 records)
built rankings: 2025-12-26 (3764 records)
built rankings: 2025-12-29 (3767 records)
built rankings: 2025-12-30 (3764 records)
built rankings: 2026-01-05 (3765 records)
built rankings: 2026-01-06 (3763 records)
built rankings: 2026-01-07 (3760 records)
built rankings: 2026-01-08 (3759 records)
built rankings: 2026-01-09 (3758 records)
built rankings: 2026-01-13 (3766 records)
built rankings: 2026-01-14 (3759 records)
built rankings: 2026-01-15 (3765 records)
built rankings: 2026-01-16 (3756 records)
built rankings: 2026-01-19 (3762 records)
built rankings: 2026-01-20 (3763 records)
built rankings: 2026-01-21 (3758 records)
built rankings: 2026-01-22 (3754 records)
built rankings: 2026-01-23 (3761 records)
built rankings: 2026-01-26 (3761 records)
built rankings: 2026-01-27 (3743 records)
built rankings: 2026-01-28 (3755 records)
built rankings: 2026-01-29 (3746 records)
built rankings: 2026-01-30 (3757 records)
built rankings: 2026-02-02 (3755 records)
built rankings: 2026-02-03 (3752 records)
built rankings: 2026-02-04 (3755 records)
built rankings: 2026-02-05 (3754 records)
built rankings: 2026-02-06 (3754 records)
built rankings: 2026-02-09 (3763 records)
built rankings: 2026-02-10 (3759 records)
built rankings: 2026-02-12 (3765 records)
built rankings: 2026-02-13 (3762 records)
built rankings: 2026-02-16 (3763 records)
built rankings: 2026-02-17 (3766 records)
built rankings: 2026-02-18 (3761 records)
built rankings: 2026-02-19 (3761 records)
built rankings: 2026-02-20 (3773 records)
built rankings: 2026-02-24 (3772 records)
built rankings: 2026-02-25 (3771 records)
built rankings: 2026-02-26 (3772 records)
built rankings: 2026-02-27 (3773 records)
built rankings: 2026-03-02 (3771 records)
built rankings: 2026-03-03 (3768 records)
built rankings: 2026-03-04 (3768 records)
built rankings: 2026-03-05 (3763 records)
built rankings: 2026-03-06 (3752 records)
built rankings: 2026-03-09 (3769 records)
built rankings: 2026-03-10 (3757 records)
built rankings: 2026-03-11 (3756 records)
built overview: 2025-12-11 (3742 records)
built overview: 2025-12-12 (3741 records)
built overview: 2025-12-15 (3752 records)
built overview: 2025-12-16 (3742 records)
built overview: 2025-12-17 (3741 records)
built overview: 2025-12-18 (3740 records)
built overview: 2025-12-19 (3755 records)
built overview: 2025-12-22 (3757 records)
built overview: 2025-12-23 (3757 records)
built overview: 2025-12-24 (3761 records)
built overview: 2025-12-25 (3765 records)
built overview: 2025-12-26 (3764 records)
built overview: 2025-12-29 (3767 records)
built overview: 2025-12-30 (3764 records)
built overview: 2026-01-05 (3765 records)
built overview: 2026-01-06 (3763 records)
built overview: 2026-01-07 (3760 records)
built overview: 2026-01-08 (3759 records)
built overview: 2026-01-09 (3758 records)
built overview: 2026-01-13 (3766 records)
built overview: 2026-01-14 (3759 records)
built overview: 2026-01-15 (3765 records)
built overview: 2026-01-16 (3756 records)
built overview: 2026-01-19 (3762 records)
built overview: 2026-01-20 (3763 records)
built overview: 2026-01-21 (3758 records)
built overview: 2026-01-22 (3754 records)
built overview: 2026-01-23 (3761 records)
built overview: 2026-01-26 (3761 records)
built overview: 2026-01-27 (3743 records)
built overview: 2026-01-28 (3755 records)
built overview: 2026-01-29 (3746 records)
built overview: 2026-01-30 (3757 records)
built overview: 2026-02-02 (3755 records)
built overview: 2026-02-03 (3752 records)
built overview: 2026-02-04 (3755 records)
built overview: 2026-02-05 (3754 records)
built overview: 2026-02-06 (3754 records)
built overview: 2026-02-09 (3763 records)
built overview: 2026-02-10 (3759 records)
built overview: 2026-02-12 (3765 records)
built overview: 2026-02-13 (3762 records)
built overview: 2026-02-16 (3763 records)
built overview: 2026-02-17 (3766 records)
built overview: 2026-02-18 (3761 records)
built overview: 2026-02-19 (3761 records)
built overview: 2026-02-20 (3773 records)
built overview: 2026-02-24 (3772 records)
built overview: 2026-02-25 (3771 records)
built overview: 2026-02-26 (3772 records)
built overview: 2026-02-27 (3773 records)
built overview: 2026-03-02 (3771 records)
built overview: 2026-03-03 (3768 records)
built overview: 2026-03-04 (3768 records)
built overview: 2026-03-05 (3763 records)
built overview: 2026-03-06 (3752 records)
built overview: 2026-03-09 (3769 records)
built overview: 2026-03-10 (3757 records)
built overview: 2026-03-11 (3756 records)
wrote manifest: /Users/okamoto/kabu_doragon/data/manifest.json
timing tickers=0.1s
timing rankings=4.5s
timing overview=5.8s
timing total=10.3s
PENDING: no am snapshot for 2026-03-12
[2026-03-12 12:30:01] AM snapshot check start
PENDING: no am snapshot for 2026-03-12
[2026-03-12 12:30:03] PENDING: fetching J-Quants AM snapshot
PENDING: AM snapshot unavailable date=2026-03-12 reason=403 forbidden requested=300 succeeded=0 failed=300 elapsed=0.1s
done (3772 tickers)
[2026-03-12 12:32:15] rebuilding derived JSON from AM snapshot
updated daily cache: 2026-03-12 (0 records)
done: 0 tickers
built rankings: 2025-12-11 (3742 records)
built rankings: 2025-12-12 (3741 records)
built rankings: 2025-12-15 (3752 records)
built rankings: 2025-12-16 (3742 records)
built rankings: 2025-12-17 (3741 records)
built rankings: 2025-12-18 (3740 records)
built rankings: 2025-12-19 (3755 records)
built rankings: 2025-12-22 (3757 records)
built rankings: 2025-12-23 (3757 records)
built rankings: 2025-12-24 (3761 records)
built rankings: 2025-12-25 (3765 records)
built rankings: 2025-12-26 (3764 records)
built rankings: 2025-12-29 (3767 records)
built rankings: 2025-12-30 (3764 records)
built rankings: 2026-01-05 (3765 records)
built rankings: 2026-01-06 (3763 records)
built rankings: 2026-01-07 (3760 records)
built rankings: 2026-01-08 (3759 records)
built rankings: 2026-01-09 (3758 records)
built rankings: 2026-01-13 (3766 records)
built rankings: 2026-01-14 (3759 records)
built rankings: 2026-01-15 (3765 records)
built rankings: 2026-01-16 (3756 records)
built rankings: 2026-01-19 (3762 records)
built rankings: 2026-01-20 (3763 records)
built rankings: 2026-01-21 (3758 records)
built rankings: 2026-01-22 (3754 records)
built rankings: 2026-01-23 (3761 records)
built rankings: 2026-01-26 (3761 records)
built rankings: 2026-01-27 (3743 records)
built rankings: 2026-01-28 (3755 records)
built rankings: 2026-01-29 (3746 records)
built rankings: 2026-01-30 (3757 records)
built rankings: 2026-02-02 (3755 records)
built rankings: 2026-02-03 (3752 records)
built rankings: 2026-02-04 (3755 records)
built rankings: 2026-02-05 (3754 records)
built rankings: 2026-02-06 (3754 records)
built rankings: 2026-02-09 (3763 records)
built rankings: 2026-02-10 (3759 records)
built rankings: 2026-02-12 (3765 records)
built rankings: 2026-02-13 (3762 records)
built rankings: 2026-02-16 (3763 records)
built rankings: 2026-02-17 (3766 records)
built rankings: 2026-02-18 (3761 records)
built rankings: 2026-02-19 (3761 records)
built rankings: 2026-02-20 (3773 records)
built rankings: 2026-02-24 (3772 records)
built rankings: 2026-02-25 (3771 records)
built rankings: 2026-02-26 (3772 records)
built rankings: 2026-02-27 (3773 records)
built rankings: 2026-03-02 (3771 records)
built rankings: 2026-03-03 (3768 records)
built rankings: 2026-03-04 (3768 records)
built rankings: 2026-03-05 (3763 records)
built rankings: 2026-03-06 (3752 records)
built rankings: 2026-03-09 (3769 records)
built rankings: 2026-03-10 (3757 records)
built rankings: 2026-03-11 (3756 records)
built overview: 2025-12-11 (3742 records)
built overview: 2025-12-12 (3741 records)
built overview: 2025-12-15 (3752 records)
built overview: 2025-12-16 (3742 records)
built overview: 2025-12-17 (3741 records)
built overview: 2025-12-18 (3740 records)
built overview: 2025-12-19 (3755 records)
built overview: 2025-12-22 (3757 records)
built overview: 2025-12-23 (3757 records)
built overview: 2025-12-24 (3761 records)
built overview: 2025-12-25 (3765 records)
built overview: 2025-12-26 (3764 records)
built overview: 2025-12-29 (3767 records)
built overview: 2025-12-30 (3764 records)
built overview: 2026-01-05 (3765 records)
built overview: 2026-01-06 (3763 records)
built overview: 2026-01-07 (3760 records)
built overview: 2026-01-08 (3759 records)
built overview: 2026-01-09 (3758 records)
built overview: 2026-01-13 (3766 records)
built overview: 2026-01-14 (3759 records)
built overview: 2026-01-15 (3765 records)
built overview: 2026-01-16 (3756 records)
built overview: 2026-01-19 (3762 records)
built overview: 2026-01-20 (3763 records)
built overview: 2026-01-21 (3758 records)
built overview: 2026-01-22 (3754 records)
built overview: 2026-01-23 (3761 records)
built overview: 2026-01-26 (3761 records)
built overview: 2026-01-27 (3743 records)
built overview: 2026-01-28 (3755 records)
built overview: 2026-01-29 (3746 records)
built overview: 2026-01-30 (3757 records)
built overview: 2026-02-02 (3755 records)
built overview: 2026-02-03 (3752 records)
built overview: 2026-02-04 (3755 records)
built overview: 2026-02-05 (3754 records)
built overview: 2026-02-06 (3754 records)
built overview: 2026-02-09 (3763 records)
built overview: 2026-02-10 (3759 records)
built overview: 2026-02-12 (3765 records)
built overview: 2026-02-13 (3762 records)
built overview: 2026-02-16 (3763 records)
built overview: 2026-02-17 (3766 records)
built overview: 2026-02-18 (3761 records)
built overview: 2026-02-19 (3761 records)
built overview: 2026-02-20 (3773 records)
built overview: 2026-02-24 (3772 records)
built overview: 2026-02-25 (3771 records)
built overview: 2026-02-26 (3772 records)
built overview: 2026-02-27 (3773 records)
built overview: 2026-03-02 (3771 records)
built overview: 2026-03-03 (3768 records)
built overview: 2026-03-04 (3768 records)
built overview: 2026-03-05 (3763 records)
built overview: 2026-03-06 (3752 records)
built overview: 2026-03-09 (3769 records)
built overview: 2026-03-10 (3757 records)
built overview: 2026-03-11 (3756 records)
wrote manifest: /Users/okamoto/kabu_doragon/data/manifest.json
timing tickers=0.1s
timing rankings=4.8s
timing overview=5.4s
timing total=10.3s
PENDING: no am snapshot for 2026-03-12
[2026-03-13 12:05:04] AM snapshot check start
PENDING: no am snapshot for 2026-03-13
[2026-03-13 12:05:07] PENDING: fetching J-Quants AM snapshot
PENDING: AM snapshot unavailable date=2026-03-13 reason=403 forbidden requested=300 succeeded=0 failed=300 elapsed=0.1s
done (3770 tickers)
[2026-03-13 12:07:14] rebuilding derived JSON from AM snapshot
updated daily cache: 2026-03-13 (0 records)
done: 0 tickers
built rankings: 2025-12-12 (3741 records)
built rankings: 2025-12-15 (3752 records)
built rankings: 2025-12-16 (3742 records)
built rankings: 2025-12-17 (3741 records)
built rankings: 2025-12-18 (3740 records)
built rankings: 2025-12-19 (3755 records)
built rankings: 2025-12-22 (3757 records)
built rankings: 2025-12-23 (3757 records)
built rankings: 2025-12-24 (3761 records)
built rankings: 2025-12-25 (3765 records)
built rankings: 2025-12-26 (3764 records)
built rankings: 2025-12-29 (3767 records)
built rankings: 2025-12-30 (3764 records)
built rankings: 2026-01-05 (3765 records)
built rankings: 2026-01-06 (3763 records)
built rankings: 2026-01-07 (3760 records)
built rankings: 2026-01-08 (3759 records)
built rankings: 2026-01-09 (3758 records)
built rankings: 2026-01-13 (3766 records)
built rankings: 2026-01-14 (3759 records)
built rankings: 2026-01-15 (3765 records)
built rankings: 2026-01-16 (3756 records)
built rankings: 2026-01-19 (3762 records)
built rankings: 2026-01-20 (3763 records)
built rankings: 2026-01-21 (3758 records)
built rankings: 2026-01-22 (3754 records)
built rankings: 2026-01-23 (3761 records)
built rankings: 2026-01-26 (3761 records)
built rankings: 2026-01-27 (3743 records)
built rankings: 2026-01-28 (3755 records)
built rankings: 2026-01-29 (3746 records)
built rankings: 2026-01-30 (3757 records)
built rankings: 2026-02-02 (3755 records)
built rankings: 2026-02-03 (3752 records)
built rankings: 2026-02-04 (3755 records)
built rankings: 2026-02-05 (3754 records)
built rankings: 2026-02-06 (3754 records)
built rankings: 2026-02-09 (3763 records)
built rankings: 2026-02-10 (3759 records)
built rankings: 2026-02-12 (3765 records)
built rankings: 2026-02-13 (3762 records)
built rankings: 2026-02-16 (3763 records)
built rankings: 2026-02-17 (3766 records)
built rankings: 2026-02-18 (3761 records)
built rankings: 2026-02-19 (3761 records)
built rankings: 2026-02-20 (3773 records)
built rankings: 2026-02-24 (3772 records)
built rankings: 2026-02-25 (3771 records)
built rankings: 2026-02-26 (3772 records)
built rankings: 2026-02-27 (3773 records)
built rankings: 2026-03-02 (3771 records)
built rankings: 2026-03-03 (3768 records)
built rankings: 2026-03-04 (3768 records)
built rankings: 2026-03-05 (3763 records)
built rankings: 2026-03-06 (3752 records)
built rankings: 2026-03-09 (3769 records)
built rankings: 2026-03-10 (3757 records)
built rankings: 2026-03-11 (3756 records)
built rankings: 2026-03-12 (3746 records)
built overview: 2025-12-12 (3741 records)
built overview: 2025-12-15 (3752 records)
built overview: 2025-12-16 (3742 records)
built overview: 2025-12-17 (3741 records)
built overview: 2025-12-18 (3740 records)
built overview: 2025-12-19 (3755 records)
built overview: 2025-12-22 (3757 records)
built overview: 2025-12-23 (3757 records)
built overview: 2025-12-24 (3761 records)
built overview: 2025-12-25 (3765 records)
built overview: 2025-12-26 (3764 records)
built overview: 2025-12-29 (3767 records)
built overview: 2025-12-30 (3764 records)
built overview: 2026-01-05 (3765 records)
built overview: 2026-01-06 (3763 records)
built overview: 2026-01-07 (3760 records)
built overview: 2026-01-08 (3759 records)
built overview: 2026-01-09 (3758 records)
built overview: 2026-01-13 (3766 records)
built overview: 2026-01-14 (3759 records)
built overview: 2026-01-15 (3765 records)
built overview: 2026-01-16 (3756 records)
built overview: 2026-01-19 (3762 records)
built overview: 2026-01-20 (3763 records)
built overview: 2026-01-21 (3758 records)
built overview: 2026-01-22 (3754 records)
built overview: 2026-01-23 (3761 records)
built overview: 2026-01-26 (3761 records)
built overview: 2026-01-27 (3743 records)
built overview: 2026-01-28 (3755 records)
built overview: 2026-01-29 (3746 records)
built overview: 2026-01-30 (3757 records)
built overview: 2026-02-02 (3755 records)
built overview: 2026-02-03 (3752 records)
built overview: 2026-02-04 (3755 records)
built overview: 2026-02-05 (3754 records)
built overview: 2026-02-06 (3754 records)
built overview: 2026-02-09 (3763 records)
built overview: 2026-02-10 (3759 records)
built overview: 2026-02-12 (3765 records)
built overview: 2026-02-13 (3762 records)
built overview: 2026-02-16 (3763 records)
built overview: 2026-02-17 (3766 records)
built overview: 2026-02-18 (3761 records)
built overview: 2026-02-19 (3761 records)
built overview: 2026-02-20 (3773 records)
built overview: 2026-02-24 (3772 records)
built overview: 2026-02-25 (3771 records)
built overview: 2026-02-26 (3772 records)
built overview: 2026-02-27 (3773 records)
built overview: 2026-03-02 (3771 records)
built overview: 2026-03-03 (3768 records)
built overview: 2026-03-04 (3768 records)
built overview: 2026-03-05 (3763 records)
built overview: 2026-03-06 (3752 records)
built overview: 2026-03-09 (3769 records)
built overview: 2026-03-10 (3757 records)
built overview: 2026-03-11 (3756 records)
built overview: 2026-03-12 (3746 records)
wrote manifest: /Users/okamoto/kabu_doragon/data/manifest.json
timing tickers=0.1s
timing rankings=4.3s
timing overview=5.2s
timing total=9.6s
PENDING: no am snapshot for 2026-03-13
[2026-03-13 12:30:00] AM snapshot check start
PENDING: no am snapshot for 2026-03-13
[2026-03-13 12:30:03] PENDING: fetching J-Quants AM snapshot
PENDING: AM snapshot unavailable date=2026-03-13 reason=403 forbidden requested=300 succeeded=0 failed=300 elapsed=0.1s
done (3770 tickers)
[2026-03-13 12:32:24] rebuilding derived JSON from AM snapshot
updated daily cache: 2026-03-13 (0 records)
done: 0 tickers
built rankings: 2025-12-12 (3741 records)
built rankings: 2025-12-15 (3752 records)
built rankings: 2025-12-16 (3742 records)
built rankings: 2025-12-17 (3741 records)
built rankings: 2025-12-18 (3740 records)
built rankings: 2025-12-19 (3755 records)
built rankings: 2025-12-22 (3757 records)
built rankings: 2025-12-23 (3757 records)
built rankings: 2025-12-24 (3761 records)
built rankings: 2025-12-25 (3765 records)
built rankings: 2025-12-26 (3764 records)
built rankings: 2025-12-29 (3767 records)
built rankings: 2025-12-30 (3764 records)
built rankings: 2026-01-05 (3765 records)
built rankings: 2026-01-06 (3763 records)
built rankings: 2026-01-07 (3760 records)
built rankings: 2026-01-08 (3759 records)
built rankings: 2026-01-09 (3758 records)
built rankings: 2026-01-13 (3766 records)
built rankings: 2026-01-14 (3759 records)
built rankings: 2026-01-15 (3765 records)
built rankings: 2026-01-16 (3756 records)
built rankings: 2026-01-19 (3762 records)
built rankings: 2026-01-20 (3763 records)
built rankings: 2026-01-21 (3758 records)
built rankings: 2026-01-22 (3754 records)
built rankings: 2026-01-23 (3761 records)
built rankings: 2026-01-26 (3761 records)
built rankings: 2026-01-27 (3743 records)
built rankings: 2026-01-28 (3755 records)
built rankings: 2026-01-29 (3746 records)
built rankings: 2026-01-30 (3757 records)
built rankings: 2026-02-02 (3755 records)
built rankings: 2026-02-03 (3752 records)
built rankings: 2026-02-04 (3755 records)
built rankings: 2026-02-05 (3754 records)
built rankings: 2026-02-06 (3754 records)
built rankings: 2026-02-09 (3763 records)
built rankings: 2026-02-10 (3759 records)
built rankings: 2026-02-12 (3765 records)
built rankings: 2026-02-13 (3762 records)
built rankings: 2026-02-16 (3763 records)
built rankings: 2026-02-17 (3766 records)
built rankings: 2026-02-18 (3761 records)
built rankings: 2026-02-19 (3761 records)
built rankings: 2026-02-20 (3773 records)
built rankings: 2026-02-24 (3772 records)
built rankings: 2026-02-25 (3771 records)
built rankings: 2026-02-26 (3772 records)
built rankings: 2026-02-27 (3773 records)
built rankings: 2026-03-02 (3771 records)
built rankings: 2026-03-03 (3768 records)
built rankings: 2026-03-04 (3768 records)
built rankings: 2026-03-05 (3763 records)
built rankings: 2026-03-06 (3752 records)
built rankings: 2026-03-09 (3769 records)
built rankings: 2026-03-10 (3757 records)
built rankings: 2026-03-11 (3756 records)
built rankings: 2026-03-12 (3746 records)
built overview: 2025-12-12 (3741 records)
built overview: 2025-12-15 (3752 records)
built overview: 2025-12-16 (3742 records)
built overview: 2025-12-17 (3741 records)
built overview: 2025-12-18 (3740 records)
built overview: 2025-12-19 (3755 records)
built overview: 2025-12-22 (3757 records)
built overview: 2025-12-23 (3757 records)
built overview: 2025-12-24 (3761 records)
built overview: 2025-12-25 (3765 records)
built overview: 2025-12-26 (3764 records)
built overview: 2025-12-29 (3767 records)
built overview: 2025-12-30 (3764 records)
built overview: 2026-01-05 (3765 records)
built overview: 2026-01-06 (3763 records)
built overview: 2026-01-07 (3760 records)
built overview: 2026-01-08 (3759 records)
built overview: 2026-01-09 (3758 records)
built overview: 2026-01-13 (3766 records)
built overview: 2026-01-14 (3759 records)
built overview: 2026-01-15 (3765 records)
built overview: 2026-01-16 (3756 records)
built overview: 2026-01-19 (3762 records)
built overview: 2026-01-20 (3763 records)
built overview: 2026-01-21 (3758 records)
built overview: 2026-01-22 (3754 records)
built overview: 2026-01-23 (3761 records)
built overview: 2026-01-26 (3761 records)
built overview: 2026-01-27 (3743 records)
built overview: 2026-01-28 (3755 records)
built overview: 2026-01-29 (3746 records)
built overview: 2026-01-30 (3757 records)
built overview: 2026-02-02 (3755 records)
built overview: 2026-02-03 (3752 records)
built overview: 2026-02-04 (3755 records)
built overview: 2026-02-05 (3754 records)
built overview: 2026-02-06 (3754 records)
built overview: 2026-02-09 (3763 records)
built overview: 2026-02-10 (3759 records)
built overview: 2026-02-12 (3765 records)
built overview: 2026-02-13 (3762 records)
built overview: 2026-02-16 (3763 records)
built overview: 2026-02-17 (3766 records)
built overview: 2026-02-18 (3761 records)
built overview: 2026-02-19 (3761 records)
built overview: 2026-02-20 (3773 records)
built overview: 2026-02-24 (3772 records)
built overview: 2026-02-25 (3771 records)
built overview: 2026-02-26 (3772 records)
built overview: 2026-02-27 (3773 records)
built overview: 2026-03-02 (3771 records)
built overview: 2026-03-03 (3768 records)
built overview: 2026-03-04 (3768 records)
built overview: 2026-03-05 (3763 records)
built overview: 2026-03-06 (3752 records)
built overview: 2026-03-09 (3769 records)
built overview: 2026-03-10 (3757 records)
built overview: 2026-03-11 (3756 records)
built overview: 2026-03-12 (3746 records)
wrote manifest: /Users/okamoto/kabu_doragon/data/manifest.json
timing tickers=0.1s
timing rankings=5.2s
timing overview=7.2s
timing total=12.4s
PENDING: no am snapshot for 2026-03-13
[2026-03-14 12:05:05] AM snapshot check start
OK: daily snapshot 2026-03-13 is already active
[2026-03-14 12:05:06] OK: AM or daily snapshot already active
[2026-03-14 12:30:03] AM snapshot check start
OK: daily snapshot 2026-03-13 is already active
[2026-03-14 12:30:05] OK: AM or daily snapshot already active
[2026-03-17 12:05:05] AM snapshot check start
PENDING: no am snapshot for 2026-03-17
[2026-03-17 12:05:07] PENDING: fetching J-Quants AM snapshot
PENDING: AM snapshot unavailable date=2026-03-17 reason=403 forbidden requested=300 succeeded=0 failed=300 elapsed=0.1s
done (3768 tickers)
[2026-03-17 12:07:14] rebuilding derived JSON from AM snapshot
updated daily cache: 2026-03-17 (0 records)
done: 0 tickers
built rankings: 2025-12-16 (3742 records)
built rankings: 2025-12-17 (3741 records)
built rankings: 2025-12-18 (3740 records)
built rankings: 2025-12-19 (3755 records)
built rankings: 2025-12-22 (3757 records)
built rankings: 2025-12-23 (3757 records)
built rankings: 2025-12-24 (3761 records)
built rankings: 2025-12-25 (3765 records)
built rankings: 2025-12-26 (3764 records)
built rankings: 2025-12-29 (3767 records)
built rankings: 2025-12-30 (3764 records)
built rankings: 2026-01-05 (3765 records)
built rankings: 2026-01-06 (3763 records)
built rankings: 2026-01-07 (3760 records)
built rankings: 2026-01-08 (3759 records)
built rankings: 2026-01-09 (3758 records)
built rankings: 2026-01-13 (3766 records)
built rankings: 2026-01-14 (3759 records)
built rankings: 2026-01-15 (3765 records)
built rankings: 2026-01-16 (3756 records)
built rankings: 2026-01-19 (3762 records)
built rankings: 2026-01-20 (3763 records)
built rankings: 2026-01-21 (3758 records)
built rankings: 2026-01-22 (3754 records)
built rankings: 2026-01-23 (3761 records)
built rankings: 2026-01-26 (3761 records)
built rankings: 2026-01-27 (3743 records)
built rankings: 2026-01-28 (3755 records)
built rankings: 2026-01-29 (3746 records)
built rankings: 2026-01-30 (3757 records)
built rankings: 2026-02-02 (3755 records)
built rankings: 2026-02-03 (3752 records)
built rankings: 2026-02-04 (3755 records)
built rankings: 2026-02-05 (3754 records)
built rankings: 2026-02-06 (3754 records)
built rankings: 2026-02-09 (3763 records)
built rankings: 2026-02-10 (3759 records)
built rankings: 2026-02-12 (3765 records)
built rankings: 2026-02-13 (3762 records)
built rankings: 2026-02-16 (3763 records)
built rankings: 2026-02-17 (3766 records)
built rankings: 2026-02-18 (3761 records)
built rankings: 2026-02-19 (3761 records)
built rankings: 2026-02-20 (3773 records)
built rankings: 2026-02-24 (3772 records)
built rankings: 2026-02-25 (3771 records)
built rankings: 2026-02-26 (3772 records)
built rankings: 2026-02-27 (3773 records)
built rankings: 2026-03-02 (3771 records)
built rankings: 2026-03-03 (3768 records)
built rankings: 2026-03-04 (3768 records)
built rankings: 2026-03-05 (3763 records)
built rankings: 2026-03-06 (3752 records)
built rankings: 2026-03-09 (3769 records)
built rankings: 2026-03-10 (3757 records)
built rankings: 2026-03-11 (3756 records)
built rankings: 2026-03-12 (3746 records)
built rankings: 2026-03-13 (3735 records)
built rankings: 2026-03-16 (3747 records)
built overview: 2025-12-16 (3742 records)
built overview: 2025-12-17 (3741 records)
built overview: 2025-12-18 (3740 records)
built overview: 2025-12-19 (3755 records)
built overview: 2025-12-22 (3757 records)
built overview: 2025-12-23 (3757 records)
built overview: 2025-12-24 (3761 records)
built overview: 2025-12-25 (3765 records)
built overview: 2025-12-26 (3764 records)
built overview: 2025-12-29 (3767 records)
built overview: 2025-12-30 (3764 records)
built overview: 2026-01-05 (3765 records)
built overview: 2026-01-06 (3763 records)
built overview: 2026-01-07 (3760 records)
built overview: 2026-01-08 (3759 records)
built overview: 2026-01-09 (3758 records)
built overview: 2026-01-13 (3766 records)
built overview: 2026-01-14 (3759 records)
built overview: 2026-01-15 (3765 records)
built overview: 2026-01-16 (3756 records)
built overview: 2026-01-19 (3762 records)
built overview: 2026-01-20 (3763 records)
built overview: 2026-01-21 (3758 records)
built overview: 2026-01-22 (3754 records)
built overview: 2026-01-23 (3761 records)
built overview: 2026-01-26 (3761 records)
built overview: 2026-01-27 (3743 records)
built overview: 2026-01-28 (3755 records)
built overview: 2026-01-29 (3746 records)
built overview: 2026-01-30 (3757 records)
built overview: 2026-02-02 (3755 records)
built overview: 2026-02-03 (3752 records)
built overview: 2026-02-04 (3755 records)
built overview: 2026-02-05 (3754 records)
built overview: 2026-02-06 (3754 records)
built overview: 2026-02-09 (3763 records)
built overview: 2026-02-10 (3759 records)
built overview: 2026-02-12 (3765 records)
built overview: 2026-02-13 (3762 records)
built overview: 2026-02-16 (3763 records)
built overview: 2026-02-17 (3766 records)
built overview: 2026-02-18 (3761 records)
built overview: 2026-02-19 (3761 records)
built overview: 2026-02-20 (3773 records)
built overview: 2026-02-24 (3772 records)
built overview: 2026-02-25 (3771 records)
built overview: 2026-02-26 (3772 records)
built overview: 2026-02-27 (3773 records)
built overview: 2026-03-02 (3771 records)
built overview: 2026-03-03 (3768 records)
built overview: 2026-03-04 (3768 records)
built overview: 2026-03-05 (3763 records)
built overview: 2026-03-06 (3752 records)
built overview: 2026-03-09 (3769 records)
built overview: 2026-03-10 (3757 records)
built overview: 2026-03-11 (3756 records)
built overview: 2026-03-12 (3746 records)
built overview: 2026-03-13 (3735 records)
built overview: 2026-03-16 (3747 records)
wrote manifest: /Users/okamoto/kabu_doragon/data/manifest.json
timing tickers=0.1s
timing rankings=4.7s
timing overview=5.3s
timing total=10.1s
PENDING: no am snapshot for 2026-03-17
[2026-03-17 12:30:05] AM snapshot check start
PENDING: no am snapshot for 2026-03-17
[2026-03-17 12:30:07] PENDING: fetching J-Quants AM snapshot
PENDING: AM snapshot unavailable date=2026-03-17 reason=403 forbidden requested=300 succeeded=0 failed=300 elapsed=0.1s
done (3768 tickers)
[2026-03-17 12:32:19] rebuilding derived JSON from AM snapshot
updated daily cache: 2026-03-17 (0 records)
done: 0 tickers
built rankings: 2025-12-16 (3742 records)
built rankings: 2025-12-17 (3741 records)
built rankings: 2025-12-18 (3740 records)
built rankings: 2025-12-19 (3755 records)
built rankings: 2025-12-22 (3757 records)
built rankings: 2025-12-23 (3757 records)
built rankings: 2025-12-24 (3761 records)
built rankings: 2025-12-25 (3765 records)
built rankings: 2025-12-26 (3764 records)
built rankings: 2025-12-29 (3767 records)
built rankings: 2025-12-30 (3764 records)
built rankings: 2026-01-05 (3765 records)
built rankings: 2026-01-06 (3763 records)
built rankings: 2026-01-07 (3760 records)
built rankings: 2026-01-08 (3759 records)
built rankings: 2026-01-09 (3758 records)
built rankings: 2026-01-13 (3766 records)
built rankings: 2026-01-14 (3759 records)
built rankings: 2026-01-15 (3765 records)
built rankings: 2026-01-16 (3756 records)
built rankings: 2026-01-19 (3762 records)
built rankings: 2026-01-20 (3763 records)
built rankings: 2026-01-21 (3758 records)
built rankings: 2026-01-22 (3754 records)
built rankings: 2026-01-23 (3761 records)
built rankings: 2026-01-26 (3761 records)
built rankings: 2026-01-27 (3743 records)
built rankings: 2026-01-28 (3755 records)
built rankings: 2026-01-29 (3746 records)
built rankings: 2026-01-30 (3757 records)
built rankings: 2026-02-02 (3755 records)
built rankings: 2026-02-03 (3752 records)
built rankings: 2026-02-04 (3755 records)
built rankings: 2026-02-05 (3754 records)
built rankings: 2026-02-06 (3754 records)
built rankings: 2026-02-09 (3763 records)
built rankings: 2026-02-10 (3759 records)
built rankings: 2026-02-12 (3765 records)
built rankings: 2026-02-13 (3762 records)
built rankings: 2026-02-16 (3763 records)
built rankings: 2026-02-17 (3766 records)
built rankings: 2026-02-18 (3761 records)
built rankings: 2026-02-19 (3761 records)
built rankings: 2026-02-20 (3773 records)
built rankings: 2026-02-24 (3772 records)
built rankings: 2026-02-25 (3771 records)
built rankings: 2026-02-26 (3772 records)
built rankings: 2026-02-27 (3773 records)
built rankings: 2026-03-02 (3771 records)
built rankings: 2026-03-03 (3768 records)
built rankings: 2026-03-04 (3768 records)
built rankings: 2026-03-05 (3763 records)
built rankings: 2026-03-06 (3752 records)
built rankings: 2026-03-09 (3769 records)
built rankings: 2026-03-10 (3757 records)
built rankings: 2026-03-11 (3756 records)
built rankings: 2026-03-12 (3746 records)
built rankings: 2026-03-13 (3735 records)
built rankings: 2026-03-16 (3747 records)
built overview: 2025-12-16 (3742 records)
built overview: 2025-12-17 (3741 records)
built overview: 2025-12-18 (3740 records)
built overview: 2025-12-19 (3755 records)
built overview: 2025-12-22 (3757 records)
built overview: 2025-12-23 (3757 records)
built overview: 2025-12-24 (3761 records)
built overview: 2025-12-25 (3765 records)
built overview: 2025-12-26 (3764 records)
built overview: 2025-12-29 (3767 records)
built overview: 2025-12-30 (3764 records)
built overview: 2026-01-05 (3765 records)
built overview: 2026-01-06 (3763 records)
built overview: 2026-01-07 (3760 records)
built overview: 2026-01-08 (3759 records)
built overview: 2026-01-09 (3758 records)
built overview: 2026-01-13 (3766 records)
built overview: 2026-01-14 (3759 records)
built overview: 2026-01-15 (3765 records)
built overview: 2026-01-16 (3756 records)
built overview: 2026-01-19 (3762 records)
built overview: 2026-01-20 (3763 records)
built overview: 2026-01-21 (3758 records)
built overview: 2026-01-22 (3754 records)
built overview: 2026-01-23 (3761 records)
built overview: 2026-01-26 (3761 records)
built overview: 2026-01-27 (3743 records)
built overview: 2026-01-28 (3755 records)
built overview: 2026-01-29 (3746 records)
built overview: 2026-01-30 (3757 records)
built overview: 2026-02-02 (3755 records)
built overview: 2026-02-03 (3752 records)
built overview: 2026-02-04 (3755 records)
built overview: 2026-02-05 (3754 records)
built overview: 2026-02-06 (3754 records)
built overview: 2026-02-09 (3763 records)
built overview: 2026-02-10 (3759 records)
built overview: 2026-02-12 (3765 records)
built overview: 2026-02-13 (3762 records)
built overview: 2026-02-16 (3763 records)
built overview: 2026-02-17 (3766 records)
built overview: 2026-02-18 (3761 records)
built overview: 2026-02-19 (3761 records)
built overview: 2026-02-20 (3773 records)
built overview: 2026-02-24 (3772 records)
built overview: 2026-02-25 (3771 records)
built overview: 2026-02-26 (3772 records)
built overview: 2026-02-27 (3773 records)
built overview: 2026-03-02 (3771 records)
built overview: 2026-03-03 (3768 records)
built overview: 2026-03-04 (3768 records)
built overview: 2026-03-05 (3763 records)
built overview: 2026-03-06 (3752 records)
built overview: 2026-03-09 (3769 records)
built overview: 2026-03-10 (3757 records)
built overview: 2026-03-11 (3756 records)
built overview: 2026-03-12 (3746 records)
built overview: 2026-03-13 (3735 records)
built overview: 2026-03-16 (3747 records)
wrote manifest: /Users/okamoto/kabu_doragon/data/manifest.json
timing tickers=0.1s
timing rankings=4.2s
timing overview=5.5s
timing total=9.7s
PENDING: no am snapshot for 2026-03-17
[2026-03-18 12:05:05] AM snapshot check start
PENDING: no am snapshot for 2026-03-18
[2026-03-18 12:05:06] PENDING: fetching J-Quants AM snapshot
PENDING: AM snapshot unavailable date=2026-03-18 reason=403 forbidden requested=300 succeeded=0 failed=300 elapsed=0.1s
done (3768 tickers)
[2026-03-18 12:07:17] rebuilding derived JSON from AM snapshot
updated daily cache: 2026-03-18 (0 records)
done: 0 tickers
built rankings: 2025-12-17 (3741 records)
built rankings: 2025-12-18 (3740 records)
built rankings: 2025-12-19 (3755 records)
built rankings: 2025-12-22 (3757 records)
built rankings: 2025-12-23 (3757 records)
built rankings: 2025-12-24 (3761 records)
built rankings: 2025-12-25 (3765 records)
built rankings: 2025-12-26 (3764 records)
built rankings: 2025-12-29 (3767 records)
built rankings: 2025-12-30 (3764 records)
built rankings: 2026-01-05 (3765 records)
built rankings: 2026-01-06 (3763 records)
built rankings: 2026-01-07 (3760 records)
built rankings: 2026-01-08 (3759 records)
built rankings: 2026-01-09 (3758 records)
built rankings: 2026-01-13 (3766 records)
built rankings: 2026-01-14 (3759 records)
built rankings: 2026-01-15 (3765 records)
built rankings: 2026-01-16 (3756 records)
built rankings: 2026-01-19 (3762 records)
built rankings: 2026-01-20 (3763 records)
built rankings: 2026-01-21 (3758 records)
built rankings: 2026-01-22 (3754 records)
built rankings: 2026-01-23 (3761 records)
built rankings: 2026-01-26 (3761 records)
built rankings: 2026-01-27 (3743 records)
built rankings: 2026-01-28 (3755 records)
built rankings: 2026-01-29 (3746 records)
built rankings: 2026-01-30 (3757 records)
built rankings: 2026-02-02 (3755 records)
built rankings: 2026-02-03 (3752 records)
built rankings: 2026-02-04 (3755 records)
built rankings: 2026-02-05 (3754 records)
built rankings: 2026-02-06 (3754 records)
built rankings: 2026-02-09 (3763 records)
built rankings: 2026-02-10 (3759 records)
built rankings: 2026-02-12 (3765 records)
built rankings: 2026-02-13 (3762 records)
built rankings: 2026-02-16 (3763 records)
built rankings: 2026-02-17 (3766 records)
built rankings: 2026-02-18 (3761 records)
built rankings: 2026-02-19 (3761 records)
built rankings: 2026-02-20 (3773 records)
built rankings: 2026-02-24 (3772 records)
built rankings: 2026-02-25 (3771 records)
built rankings: 2026-02-26 (3772 records)
built rankings: 2026-02-27 (3773 records)
built rankings: 2026-03-02 (3771 records)
built rankings: 2026-03-03 (3768 records)
built rankings: 2026-03-04 (3768 records)
built rankings: 2026-03-05 (3763 records)
built rankings: 2026-03-06 (3752 records)
built rankings: 2026-03-09 (3769 records)
built rankings: 2026-03-10 (3757 records)
built rankings: 2026-03-11 (3756 records)
built rankings: 2026-03-12 (3746 records)
built rankings: 2026-03-13 (3735 records)
built rankings: 2026-03-16 (3747 records)
built rankings: 2026-03-17 (3739 records)
built overview: 2025-12-17 (3741 records)
built overview: 2025-12-18 (3740 records)
built overview: 2025-12-19 (3755 records)
built overview: 2025-12-22 (3757 records)
built overview: 2025-12-23 (3757 records)
built overview: 2025-12-24 (3761 records)
built overview: 2025-12-25 (3765 records)
built overview: 2025-12-26 (3764 records)
built overview: 2025-12-29 (3767 records)
built overview: 2025-12-30 (3764 records)
built overview: 2026-01-05 (3765 records)
built overview: 2026-01-06 (3763 records)
built overview: 2026-01-07 (3760 records)
built overview: 2026-01-08 (3759 records)
built overview: 2026-01-09 (3758 records)
built overview: 2026-01-13 (3766 records)
built overview: 2026-01-14 (3759 records)
built overview: 2026-01-15 (3765 records)
built overview: 2026-01-16 (3756 records)
built overview: 2026-01-19 (3762 records)
built overview: 2026-01-20 (3763 records)
built overview: 2026-01-21 (3758 records)
built overview: 2026-01-22 (3754 records)
built overview: 2026-01-23 (3761 records)
built overview: 2026-01-26 (3761 records)
built overview: 2026-01-27 (3743 records)
built overview: 2026-01-28 (3755 records)
built overview: 2026-01-29 (3746 records)
built overview: 2026-01-30 (3757 records)
built overview: 2026-02-02 (3755 records)
built overview: 2026-02-03 (3752 records)
built overview: 2026-02-04 (3755 records)
built overview: 2026-02-05 (3754 records)
built overview: 2026-02-06 (3754 records)
built overview: 2026-02-09 (3763 records)
built overview: 2026-02-10 (3759 records)
built overview: 2026-02-12 (3765 records)
built overview: 2026-02-13 (3762 records)
built overview: 2026-02-16 (3763 records)
built overview: 2026-02-17 (3766 records)
built overview: 2026-02-18 (3761 records)
built overview: 2026-02-19 (3761 records)
built overview: 2026-02-20 (3773 records)
built overview: 2026-02-24 (3772 records)
built overview: 2026-02-25 (3771 records)
built overview: 2026-02-26 (3772 records)
built overview: 2026-02-27 (3773 records)
built overview: 2026-03-02 (3771 records)
built overview: 2026-03-03 (3768 records)
built overview: 2026-03-04 (3768 records)
built overview: 2026-03-05 (3763 records)
built overview: 2026-03-06 (3752 records)
built overview: 2026-03-09 (3769 records)
built overview: 2026-03-10 (3757 records)
built overview: 2026-03-11 (3756 records)
built overview: 2026-03-12 (3746 records)
built overview: 2026-03-13 (3735 records)
built overview: 2026-03-16 (3747 records)
built overview: 2026-03-17 (3739 records)
wrote manifest: /Users/okamoto/kabu_doragon/data/manifest.json
timing tickers=0.1s
timing rankings=4.1s
timing overview=5.1s
timing total=9.3s
PENDING: no am snapshot for 2026-03-18
[2026-03-18 12:30:05] AM snapshot check start
PENDING: no am snapshot for 2026-03-18
[2026-03-18 12:30:06] PENDING: fetching J-Quants AM snapshot
PENDING: AM snapshot unavailable date=2026-03-18 reason=403 forbidden requested=300 succeeded=0 failed=300 elapsed=0.1s
done (3768 tickers)
[2026-03-18 12:32:24] rebuilding derived JSON from AM snapshot
updated daily cache: 2026-03-18 (0 records)
done: 0 tickers
built rankings: 2025-12-17 (3741 records)
built rankings: 2025-12-18 (3740 records)
built rankings: 2025-12-19 (3755 records)
built rankings: 2025-12-22 (3757 records)
built rankings: 2025-12-23 (3757 records)
built rankings: 2025-12-24 (3761 records)
built rankings: 2025-12-25 (3765 records)
built rankings: 2025-12-26 (3764 records)
built rankings: 2025-12-29 (3767 records)
built rankings: 2025-12-30 (3764 records)
built rankings: 2026-01-05 (3765 records)
built rankings: 2026-01-06 (3763 records)
built rankings: 2026-01-07 (3760 records)
built rankings: 2026-01-08 (3759 records)
built rankings: 2026-01-09 (3758 records)
built rankings: 2026-01-13 (3766 records)
built rankings: 2026-01-14 (3759 records)
built rankings: 2026-01-15 (3765 records)
built rankings: 2026-01-16 (3756 records)
built rankings: 2026-01-19 (3762 records)
built rankings: 2026-01-20 (3763 records)
built rankings: 2026-01-21 (3758 records)
built rankings: 2026-01-22 (3754 records)
built rankings: 2026-01-23 (3761 records)
built rankings: 2026-01-26 (3761 records)
built rankings: 2026-01-27 (3743 records)
built rankings: 2026-01-28 (3755 records)
built rankings: 2026-01-29 (3746 records)
built rankings: 2026-01-30 (3757 records)
built rankings: 2026-02-02 (3755 records)
built rankings: 2026-02-03 (3752 records)
built rankings: 2026-02-04 (3755 records)
built rankings: 2026-02-05 (3754 records)
built rankings: 2026-02-06 (3754 records)
built rankings: 2026-02-09 (3763 records)
built rankings: 2026-02-10 (3759 records)
built rankings: 2026-02-12 (3765 records)
built rankings: 2026-02-13 (3762 records)
built rankings: 2026-02-16 (3763 records)
built rankings: 2026-02-17 (3766 records)
built rankings: 2026-02-18 (3761 records)
built rankings: 2026-02-19 (3761 records)
built rankings: 2026-02-20 (3773 records)
built rankings: 2026-02-24 (3772 records)
built rankings: 2026-02-25 (3771 records)
built rankings: 2026-02-26 (3772 records)
built rankings: 2026-02-27 (3773 records)
built rankings: 2026-03-02 (3771 records)
built rankings: 2026-03-03 (3768 records)
built rankings: 2026-03-04 (3768 records)
built rankings: 2026-03-05 (3763 records)
built rankings: 2026-03-06 (3752 records)
built rankings: 2026-03-09 (3769 records)
built rankings: 2026-03-10 (3757 records)
built rankings: 2026-03-11 (3756 records)
built rankings: 2026-03-12 (3746 records)
built rankings: 2026-03-13 (3735 records)
built rankings: 2026-03-16 (3747 records)
built rankings: 2026-03-17 (3739 records)
built overview: 2025-12-17 (3741 records)
built overview: 2025-12-18 (3740 records)
built overview: 2025-12-19 (3755 records)
built overview: 2025-12-22 (3757 records)
built overview: 2025-12-23 (3757 records)
built overview: 2025-12-24 (3761 records)
built overview: 2025-12-25 (3765 records)
built overview: 2025-12-26 (3764 records)
built overview: 2025-12-29 (3767 records)
built overview: 2025-12-30 (3764 records)
built overview: 2026-01-05 (3765 records)
built overview: 2026-01-06 (3763 records)
built overview: 2026-01-07 (3760 records)
built overview: 2026-01-08 (3759 records)
built overview: 2026-01-09 (3758 records)
built overview: 2026-01-13 (3766 records)
built overview: 2026-01-14 (3759 records)
built overview: 2026-01-15 (3765 records)
built overview: 2026-01-16 (3756 records)
built overview: 2026-01-19 (3762 records)
built overview: 2026-01-20 (3763 records)
built overview: 2026-01-21 (3758 records)
built overview: 2026-01-22 (3754 records)
built overview: 2026-01-23 (3761 records)
built overview: 2026-01-26 (3761 records)
built overview: 2026-01-27 (3743 records)
built overview: 2026-01-28 (3755 records)
built overview: 2026-01-29 (3746 records)
built overview: 2026-01-30 (3757 records)
built overview: 2026-02-02 (3755 records)
built overview: 2026-02-03 (3752 records)
built overview: 2026-02-04 (3755 records)
built overview: 2026-02-05 (3754 records)
built overview: 2026-02-06 (3754 records)
built overview: 2026-02-09 (3763 records)
built overview: 2026-02-10 (3759 records)
built overview: 2026-02-12 (3765 records)
built overview: 2026-02-13 (3762 records)
built overview: 2026-02-16 (3763 records)
built overview: 2026-02-17 (3766 records)
built overview: 2026-02-18 (3761 records)
built overview: 2026-02-19 (3761 records)
built overview: 2026-02-20 (3773 records)
built overview: 2026-02-24 (3772 records)
built overview: 2026-02-25 (3771 records)
built overview: 2026-02-26 (3772 records)
built overview: 2026-02-27 (3773 records)
built overview: 2026-03-02 (3771 records)
built overview: 2026-03-03 (3768 records)
built overview: 2026-03-04 (3768 records)
built overview: 2026-03-05 (3763 records)
built overview: 2026-03-06 (3752 records)
built overview: 2026-03-09 (3769 records)
built overview: 2026-03-10 (3757 records)
built overview: 2026-03-11 (3756 records)
built overview: 2026-03-12 (3746 records)
built overview: 2026-03-13 (3735 records)
built overview: 2026-03-16 (3747 records)
built overview: 2026-03-17 (3739 records)
wrote manifest: /Users/okamoto/kabu_doragon/data/manifest.json
timing tickers=0.1s
timing rankings=4.3s
timing overview=6.1s
timing total=10.5s
PENDING: no am snapshot for 2026-03-18
[2026-03-19 12:05:00] AM snapshot check start
PENDING: no am snapshot for 2026-03-19
[2026-03-19 12:05:02] PENDING: fetching J-Quants AM snapshot
PENDING: AM snapshot unavailable date=2026-03-19 reason=403 forbidden requested=300 succeeded=0 failed=300 elapsed=0.1s
done (3767 tickers)
[2026-03-19 12:07:12] rebuilding derived JSON from AM snapshot
updated daily cache: 2026-03-19 (0 records)
done: 0 tickers
built rankings: 2025-12-18 (3740 records)
built rankings: 2025-12-19 (3755 records)
built rankings: 2025-12-22 (3757 records)
built rankings: 2025-12-23 (3757 records)
built rankings: 2025-12-24 (3761 records)
built rankings: 2025-12-25 (3765 records)
built rankings: 2025-12-26 (3764 records)
built rankings: 2025-12-29 (3767 records)
built rankings: 2025-12-30 (3764 records)
built rankings: 2026-01-05 (3765 records)
built rankings: 2026-01-06 (3763 records)
built rankings: 2026-01-07 (3760 records)
built rankings: 2026-01-08 (3759 records)
built rankings: 2026-01-09 (3758 records)
built rankings: 2026-01-13 (3766 records)
built rankings: 2026-01-14 (3759 records)
built rankings: 2026-01-15 (3765 records)
built rankings: 2026-01-16 (3756 records)
built rankings: 2026-01-19 (3762 records)
built rankings: 2026-01-20 (3763 records)
built rankings: 2026-01-21 (3758 records)
built rankings: 2026-01-22 (3754 records)
built rankings: 2026-01-23 (3761 records)
built rankings: 2026-01-26 (3761 records)
built rankings: 2026-01-27 (3743 records)
built rankings: 2026-01-28 (3755 records)
built rankings: 2026-01-29 (3746 records)
built rankings: 2026-01-30 (3757 records)
built rankings: 2026-02-02 (3755 records)
built rankings: 2026-02-03 (3752 records)
built rankings: 2026-02-04 (3755 records)
built rankings: 2026-02-05 (3754 records)
built rankings: 2026-02-06 (3754 records)
built rankings: 2026-02-09 (3763 records)
built rankings: 2026-02-10 (3759 records)
built rankings: 2026-02-12 (3765 records)
built rankings: 2026-02-13 (3762 records)
built rankings: 2026-02-16 (3763 records)
built rankings: 2026-02-17 (3766 records)
built rankings: 2026-02-18 (3761 records)
built rankings: 2026-02-19 (3761 records)
built rankings: 2026-02-20 (3773 records)
built rankings: 2026-02-24 (3772 records)
built rankings: 2026-02-25 (3771 records)
built rankings: 2026-02-26 (3772 records)
built rankings: 2026-02-27 (3773 records)
built rankings: 2026-03-02 (3771 records)
built rankings: 2026-03-03 (3768 records)
built rankings: 2026-03-04 (3768 records)
built rankings: 2026-03-05 (3763 records)
built rankings: 2026-03-06 (3752 records)
built rankings: 2026-03-09 (3769 records)
built rankings: 2026-03-10 (3757 records)
built rankings: 2026-03-11 (3756 records)
built rankings: 2026-03-12 (3746 records)
built rankings: 2026-03-13 (3735 records)
built rankings: 2026-03-16 (3747 records)
built rankings: 2026-03-17 (3739 records)
built rankings: 2026-03-18 (3750 records)
built overview: 2025-12-18 (3740 records)
built overview: 2025-12-19 (3755 records)
built overview: 2025-12-22 (3757 records)
built overview: 2025-12-23 (3757 records)
built overview: 2025-12-24 (3761 records)
built overview: 2025-12-25 (3765 records)
built overview: 2025-12-26 (3764 records)
built overview: 2025-12-29 (3767 records)
built overview: 2025-12-30 (3764 records)
built overview: 2026-01-05 (3765 records)
built overview: 2026-01-06 (3763 records)
built overview: 2026-01-07 (3760 records)
built overview: 2026-01-08 (3759 records)
built overview: 2026-01-09 (3758 records)
built overview: 2026-01-13 (3766 records)
built overview: 2026-01-14 (3759 records)
built overview: 2026-01-15 (3765 records)
built overview: 2026-01-16 (3756 records)
built overview: 2026-01-19 (3762 records)
built overview: 2026-01-20 (3763 records)
built overview: 2026-01-21 (3758 records)
built overview: 2026-01-22 (3754 records)
built overview: 2026-01-23 (3761 records)
built overview: 2026-01-26 (3761 records)
built overview: 2026-01-27 (3743 records)
built overview: 2026-01-28 (3755 records)
built overview: 2026-01-29 (3746 records)
built overview: 2026-01-30 (3757 records)
built overview: 2026-02-02 (3755 records)
built overview: 2026-02-03 (3752 records)
built overview: 2026-02-04 (3755 records)
built overview: 2026-02-05 (3754 records)
built overview: 2026-02-06 (3754 records)
built overview: 2026-02-09 (3763 records)
built overview: 2026-02-10 (3759 records)
built overview: 2026-02-12 (3765 records)
built overview: 2026-02-13 (3762 records)
built overview: 2026-02-16 (3763 records)
built overview: 2026-02-17 (3766 records)
built overview: 2026-02-18 (3761 records)
built overview: 2026-02-19 (3761 records)
built overview: 2026-02-20 (3773 records)
built overview: 2026-02-24 (3772 records)
built overview: 2026-02-25 (3771 records)
built overview: 2026-02-26 (3772 records)
built overview: 2026-02-27 (3773 records)
built overview: 2026-03-02 (3771 records)
built overview: 2026-03-03 (3768 records)
built overview: 2026-03-04 (3768 records)
built overview: 2026-03-05 (3763 records)
built overview: 2026-03-06 (3752 records)
built overview: 2026-03-09 (3769 records)
built overview: 2026-03-10 (3757 records)
built overview: 2026-03-11 (3756 records)
built overview: 2026-03-12 (3746 records)
built overview: 2026-03-13 (3735 records)
built overview: 2026-03-16 (3747 records)
built overview: 2026-03-17 (3739 records)
built overview: 2026-03-18 (3750 records)
wrote manifest: /Users/okamoto/kabu_doragon/data/manifest.json
timing tickers=0.1s
timing rankings=4.1s
timing overview=5.1s
timing total=9.3s
PENDING: no am snapshot for 2026-03-19
[2026-03-19 12:30:04] AM snapshot check start
PENDING: no am snapshot for 2026-03-19
[2026-03-19 12:30:05] PENDING: fetching J-Quants AM snapshot
PENDING: AM snapshot unavailable date=2026-03-19 reason=403 forbidden requested=300 succeeded=0 failed=300 elapsed=0.1s
done (3767 tickers)
[2026-03-19 12:32:13] rebuilding derived JSON from AM snapshot
updated daily cache: 2026-03-19 (0 records)
done: 0 tickers
built rankings: 2025-12-18 (3740 records)
built rankings: 2025-12-19 (3755 records)
built rankings: 2025-12-22 (3757 records)
built rankings: 2025-12-23 (3757 records)
built rankings: 2025-12-24 (3761 records)
built rankings: 2025-12-25 (3765 records)
built rankings: 2025-12-26 (3764 records)
built rankings: 2025-12-29 (3767 records)
built rankings: 2025-12-30 (3764 records)
built rankings: 2026-01-05 (3765 records)
built rankings: 2026-01-06 (3763 records)
built rankings: 2026-01-07 (3760 records)
built rankings: 2026-01-08 (3759 records)
built rankings: 2026-01-09 (3758 records)
built rankings: 2026-01-13 (3766 records)
built rankings: 2026-01-14 (3759 records)
built rankings: 2026-01-15 (3765 records)
built rankings: 2026-01-16 (3756 records)
built rankings: 2026-01-19 (3762 records)
built rankings: 2026-01-20 (3763 records)
built rankings: 2026-01-21 (3758 records)
built rankings: 2026-01-22 (3754 records)
built rankings: 2026-01-23 (3761 records)
built rankings: 2026-01-26 (3761 records)
built rankings: 2026-01-27 (3743 records)
built rankings: 2026-01-28 (3755 records)
built rankings: 2026-01-29 (3746 records)
built rankings: 2026-01-30 (3757 records)
built rankings: 2026-02-02 (3755 records)
built rankings: 2026-02-03 (3752 records)
built rankings: 2026-02-04 (3755 records)
built rankings: 2026-02-05 (3754 records)
built rankings: 2026-02-06 (3754 records)
built rankings: 2026-02-09 (3763 records)
built rankings: 2026-02-10 (3759 records)
built rankings: 2026-02-12 (3765 records)
built rankings: 2026-02-13 (3762 records)
built rankings: 2026-02-16 (3763 records)
built rankings: 2026-02-17 (3766 records)
built rankings: 2026-02-18 (3761 records)
built rankings: 2026-02-19 (3761 records)
built rankings: 2026-02-20 (3773 records)
built rankings: 2026-02-24 (3772 records)
built rankings: 2026-02-25 (3771 records)
built rankings: 2026-02-26 (3772 records)
built rankings: 2026-02-27 (3773 records)
built rankings: 2026-03-02 (3771 records)
built rankings: 2026-03-03 (3768 records)
built rankings: 2026-03-04 (3768 records)
built rankings: 2026-03-05 (3763 records)
built rankings: 2026-03-06 (3752 records)
built rankings: 2026-03-09 (3769 records)
built rankings: 2026-03-10 (3757 records)
built rankings: 2026-03-11 (3756 records)
built rankings: 2026-03-12 (3746 records)
built rankings: 2026-03-13 (3735 records)
built rankings: 2026-03-16 (3747 records)
built rankings: 2026-03-17 (3739 records)
built rankings: 2026-03-18 (3750 records)
built overview: 2025-12-18 (3740 records)
built overview: 2025-12-19 (3755 records)
built overview: 2025-12-22 (3757 records)
built overview: 2025-12-23 (3757 records)
built overview: 2025-12-24 (3761 records)
built overview: 2025-12-25 (3765 records)
built overview: 2025-12-26 (3764 records)
built overview: 2025-12-29 (3767 records)
built overview: 2025-12-30 (3764 records)
built overview: 2026-01-05 (3765 records)
built overview: 2026-01-06 (3763 records)
built overview: 2026-01-07 (3760 records)
built overview: 2026-01-08 (3759 records)
built overview: 2026-01-09 (3758 records)
built overview: 2026-01-13 (3766 records)
built overview: 2026-01-14 (3759 records)
built overview: 2026-01-15 (3765 records)
built overview: 2026-01-16 (3756 records)
built overview: 2026-01-19 (3762 records)
built overview: 2026-01-20 (3763 records)
built overview: 2026-01-21 (3758 records)
built overview: 2026-01-22 (3754 records)
built overview: 2026-01-23 (3761 records)
built overview: 2026-01-26 (3761 records)
built overview: 2026-01-27 (3743 records)
built overview: 2026-01-28 (3755 records)
built overview: 2026-01-29 (3746 records)
built overview: 2026-01-30 (3757 records)
built overview: 2026-02-02 (3755 records)
built overview: 2026-02-03 (3752 records)
built overview: 2026-02-04 (3755 records)
built overview: 2026-02-05 (3754 records)
built overview: 2026-02-06 (3754 records)
built overview: 2026-02-09 (3763 records)
built overview: 2026-02-10 (3759 records)
built overview: 2026-02-12 (3765 records)
built overview: 2026-02-13 (3762 records)
built overview: 2026-02-16 (3763 records)
built overview: 2026-02-17 (3766 records)
built overview: 2026-02-18 (3761 records)
built overview: 2026-02-19 (3761 records)
built overview: 2026-02-20 (3773 records)
built overview: 2026-02-24 (3772 records)
built overview: 2026-02-25 (3771 records)
built overview: 2026-02-26 (3772 records)
built overview: 2026-02-27 (3773 records)
built overview: 2026-03-02 (3771 records)
built overview: 2026-03-03 (3768 records)
built overview: 2026-03-04 (3768 records)
built overview: 2026-03-05 (3763 records)
built overview: 2026-03-06 (3752 records)
built overview: 2026-03-09 (3769 records)
built overview: 2026-03-10 (3757 records)
built overview: 2026-03-11 (3756 records)
built overview: 2026-03-12 (3746 records)
built overview: 2026-03-13 (3735 records)
built overview: 2026-03-16 (3747 records)
built overview: 2026-03-17 (3739 records)
built overview: 2026-03-18 (3750 records)
wrote manifest: /Users/okamoto/kabu_doragon/data/manifest.json
timing tickers=0.1s
timing rankings=4.5s
timing overview=6.1s
timing total=10.6s
PENDING: no am snapshot for 2026-03-19
[2026-03-20 12:05:01] AM snapshot check start
OK: daily snapshot 2026-03-19 is already active
[2026-03-20 12:05:03] OK: AM or daily snapshot already active
[2026-03-20 12:30:05] AM snapshot check start
OK: daily snapshot 2026-03-19 is already active
[2026-03-20 12:30:06] OK: AM or daily snapshot already active
[2026-03-21 12:05:04] AM snapshot check start
OK: daily snapshot 2026-03-19 is already active
[2026-03-21 12:05:06] OK: AM or daily snapshot already active
[2026-03-21 12:30:03] AM snapshot check start
OK: daily snapshot 2026-03-19 is already active
[2026-03-21 12:30:04] OK: AM or daily snapshot already active
