source_date,code,name,market,market_slug,sector,industry
20260331,1301,極洋,プライム,prime,水産・農林業,食品
20260331,130A,Ｖｅｒｉｔａｓ　Ｉｎ　Ｓｉｌｉｃｏ,グロース,growth,医薬品,医薬品
20260331,1332,ニッスイ,プライム,prime,水産・農林業,食品
20260331,1333,Ｕｍｉｏｓ,プライム,prime,水産・農林業,食品
20260331,135A,ＶＲＡＩＮ　Ｓｏｌｕｔｉｏｎ,グロース,growth,情報・通信業,情報通信・サービスその他
20260331,1375,ユキグニファクトリー,プライム,prime,水産・農林業,食品
20260331,1376,カネコ種苗,スタンダード,standard,水産・農林業,食品
20260331,1377,サカタのタネ,プライム,prime,水産・農林業,食品
20260331,1379,ホクト,プライム,prime,水産・農林業,食品
20260331,137A,Ｃｏｃｏｌｉｖｅ,グロース,growth,情報・通信業,情報通信・サービスその他
20260331,1380,秋川牧園,スタンダード,standard,水産・農林業,食品
20260331,1381,アクシーズ,スタンダード,standard,水産・農林業,食品
20260331,1382,ホーブ,スタンダード,standard,水産・農林業,食品
20260331,1383,ベルグアース,スタンダード,standard,水産・農林業,食品
20260331,1384,ホクリヨウ,スタンダード,standard,水産・農林業,食品
20260331,138A,光フードサービス,グロース,growth,小売業,小売
20260331,1401,エムビーエス,グロース,growth,建設業,建設・資材
20260331,1407,ウエストホールディングス,スタンダード,standard,建設業,建設・資材
20260331,1414,ショーボンドホールディングス,プライム,prime,建設業,建設・資材
20260331,1417,ミライト・ワン,プライム,prime,建設業,建設・資材
20260331,1418,インターライフホールディングス,スタンダード,standard,建設業,建設・資材
20260331,1419,タマホーム,プライム,prime,建設業,建設・資材
20260331,141A,トライアルホールディングス,グロース,growth,小売業,小売
20260331,1420,サンヨーホームズ,スタンダード,standard,建設業,建設・資材
20260331,1429,日本アクア,プライム,prime,建設業,建設・資材
20260331,142A,ジンジブ,グロース,growth,サービス業,情報通信・サービスその他
20260331,1430,ファーストコーポレーション,スタンダード,standard,建設業,建設・資材
20260331,1431,Ｌｉｂ　Ｗｏｒｋ,グロース,growth,建設業,建設・資材
20260331,1433,ベステラ,プライム,prime,建設業,建設・資材
20260331,1434,ＪＥＳＣＯホールディングス,スタンダード,standard,建設業,建設・資材
20260331,1435,ｒｏｂｏｔ　ｈｏｍｅ,スタンダード,standard,不動産業,不動産
20260331,1436,グリーンエナジー＆カンパニー,グロース,growth,建設業,建設・資材
20260331,1438,岐阜造園,スタンダード,standard,建設業,建設・資材
20260331,143A,イシン,グロース,growth,サービス業,情報通信・サービスその他
20260331,1443,技研ホールディングス,スタンダード,standard,建設業,建設・資材
20260331,1444,ニッソウ,グロース,growth,建設業,建設・資材
20260331,1446,キャンディル,スタンダード,standard,建設業,建設・資材
20260331,1447,ＳＡＡＦホールディングス,グロース,growth,建設業,建設・資材
20260331,1450,ＴＡＮＡＫＥＮ,スタンダード,standard,建設業,建設・資材
20260331,145A,Ｌ　ｉｓ　Ｂ,グロース,growth,情報・通信業,情報通信・サービスその他
20260331,146A,コロンビア・ワークス,スタンダード,standard,不動産業,不動産
20260331,147A,ソラコム,グロース,growth,情報・通信業,情報通信・サービスその他
20260331,148A,ハッチ・ワーク,グロース,growth,情報・通信業,情報通信・サービスその他
20260331,1491,中外鉱業,スタンダード,standard,非鉄金属,鉄鋼・非鉄
20260331,149A,シンカ,グロース,growth,情報・通信業,情報通信・サービスその他
20260331,150A,ＪＳＨ,グロース,growth,サービス業,情報通信・サービスその他
20260331,1514,住石ホールディングス,スタンダード,standard,鉱業,エネルギー資源
20260331,1515,日鉄鉱業,プライム,prime,鉱業,エネルギー資源
20260331,1518,三井松島ホールディングス,プライム,prime,その他製品,情報通信・サービスその他
20260331,151A,ダイブ,グロース,growth,サービス業,情報通信・サービスその他
20260331,153A,カウリス,グロース,growth,情報・通信業,情報通信・サービスその他
20260331,155A,情報戦略テクノロジー,グロース,growth,情報・通信業,情報通信・サービスその他
20260331,156A,マテリアルグループ,グロース,growth,サービス業,情報通信・サービスその他
20260331,157A,グリーンモンスター,グロース,growth,サービス業,情報通信・サービスその他
20260331,1605,ＩＮＰＥＸ,プライム,prime,鉱業,エネルギー資源
20260331,160A,アズパートナーズ,スタンダード,standard,サービス業,情報通信・サービスその他
20260331,1662,石油資源開発,プライム,prime,鉱業,エネルギー資源
20260331,1663,Ｋ＆Ｏエナジーグループ,プライム,prime,鉱業,エネルギー資源
20260331,166A,タスキホールディングス,グロース,growth,不動産業,不動産
20260331,167A,リョーサン菱洋ホールディングス,プライム,prime,卸売業,商社・卸売
20260331,168A,イタミアート,グロース,growth,その他製品,情報通信・サービスその他
20260331,1711,ＳＤＳホールディングス,スタンダード,standard,建設業,建設・資材
20260331,1716,第一カッター興業,スタンダード,standard,建設業,建設・資材
20260331,1717,明豊ファシリティワークス,スタンダード,standard,サービス業,情報通信・サービスその他
20260331,1718,美樹工業,スタンダード,standard,建設業,建設・資材
20260331,1719,安藤・間,プライム,prime,建設業,建設・資材
20260331,1720,東急建設,プライム,prime,建設業,建設・資材
20260331,1721,コムシスホールディングス,プライム,prime,建設業,建設・資材
20260331,1723,日本電技,スタンダード,standard,建設業,建設・資材
20260331,1724,シンクレイヤ,スタンダード,standard,建設業,建設・資材
20260331,1726,ビーアールホールディングス,プライム,prime,建設業,建設・資材
20260331,1736,オーテック,スタンダード,standard,建設業,建設・資材
20260331,173A,ハンモック,グロース,growth,情報・通信業,情報通信・サービスその他
20260331,1758,太洋基礎工業,スタンダード,standard,建設業,建設・資材
20260331,175A,Ｗｉｌｌ　Ｓｍａｒｔ,グロース,growth,情報・通信業,情報通信・サービスその他
20260331,1762,高松コンストラクショングループ,プライム,prime,建設業,建設・資材
20260331,1764,工藤建設,スタンダード,standard,建設業,建設・資材
20260331,1766,東建コーポレーション,プライム,prime,建設業,建設・資材
20260331,1768,ソネック,スタンダード,standard,建設業,建設・資材
20260331,1770,藤田エンジニアリング,スタンダード,standard,建設業,建設・資材
20260331,1776,三井住建道路,スタンダード,standard,建設業,建設・資材
20260331,177A,コージンバイオ,グロース,growth,化学,素材・化学
20260331,1780,ヤマウラ,プライム,prime,建設業,建設・資材
20260331,1783,ｆａｎｔａｓｉｓｔａ,スタンダード,standard,不動産業,不動産
20260331,1786,オリエンタル白石,プライム,prime,建設業,建設・資材
20260331,1787,ナカボーテック,スタンダード,standard,建設業,建設・資材
20260331,1788,三東工業社,スタンダード,standard,建設業,建設・資材
20260331,1793,大本組,スタンダード,standard,建設業,建設・資材
20260331,1795,マサル,スタンダード,standard,建設業,建設・資材
20260331,1798,守谷商会,スタンダード,standard,建設業,建設・資材
20260331,1799,第一建設工業,スタンダード,standard,建設業,建設・資材
20260331,1801,大成建設,プライム,prime,建設業,建設・資材
20260331,1802,大林組,プライム,prime,建設業,建設・資材
20260331,1803,清水建設,プライム,prime,建設業,建設・資材
20260331,1807,佐藤渡辺,スタンダード,standard,建設業,建設・資材
20260331,1808,長谷工コーポレーション,プライム,prime,建設業,建設・資材
20260331,1810,松井建設,スタンダード,standard,建設業,建設・資材
20260331,1811,錢高組,スタンダード,standard,建設業,建設・資材
20260331,1812,鹿島建設,プライム,prime,建設業,建設・資材
20260331,1813,不動テトラ,プライム,prime,建設業,建設・資材
20260331,1814,大末建設,プライム,prime,建設業,建設・資材
20260331,1815,鉄建建設,プライム,prime,建設業,建設・資材
20260331,1820,西松建設,プライム,prime,建設業,建設・資材
20260331,1822,大豊建設,スタンダード,standard,建設業,建設・資材
20260331,1826,佐田建設,スタンダード,standard,建設業,建設・資材
20260331,1827,ナカノフドー建設,スタンダード,standard,建設業,建設・資材
20260331,1828,田辺工業,スタンダード,standard,建設業,建設・資材
20260331,1833,奥村組,プライム,prime,建設業,建設・資材
20260331,1835,東鉄工業,プライム,prime,建設業,建設・資材
20260331,1840,土屋ホールディングス,スタンダード,standard,建設業,建設・資材
20260331,1844,大盛工業,スタンダード,standard,建設業,建設・資材
20260331,1847,イチケン,スタンダード,standard,建設業,建設・資材
20260331,1848,富士ピー・エス,スタンダード,standard,建設業,建設・資材
20260331,184A,学びエイド,グロース,growth,情報・通信業,情報通信・サービスその他
20260331,1850,南海辰村建設,スタンダード,standard,建設業,建設・資材
20260331,1852,淺沼組,プライム,prime,建設業,建設・資材
20260331,1853,森組,スタンダード,standard,建設業,建設・資材
20260331,1860,戸田建設,プライム,prime,建設業,建設・資材
20260331,1861,熊谷組,プライム,prime,建設業,建設・資材
20260331,1866,北野建設,スタンダード,standard,建設業,建設・資材
20260331,1867,植木組,スタンダード,standard,建設業,建設・資材
20260331,186A,アストロスケールホールディングス,グロース,growth,サービス業,情報通信・サービスその他
20260331,1870,矢作建設工業,プライム,prime,建設業,建設・資材
20260331,1871,ピーエス・コンストラクション,プライム,prime,建設業,建設・資材
20260331,1873,日本ハウスホールディングス,プライム,prime,建設業,建設・資材
20260331,1878,大東建託,プライム,prime,不動産業,不動産
20260331,1879,新日本建設,プライム,prime,建設業,建設・資材
20260331,1882,東亜道路工業,プライム,prime,建設業,建設・資材
20260331,1885,東亜建設工業,プライム,prime,建設業,建設・資材
20260331,1887,日本国土開発,プライム,prime,建設業,建設・資材
20260331,1888,若築建設,プライム,prime,建設業,建設・資材
20260331,1893,五洋建設,プライム,prime,建設業,建設・資材
20260331,1897,金下建設,スタンダード,standard,建設業,建設・資材
20260331,1898,世紀東急工業,プライム,prime,建設業,建設・資材
20260331,1899,福田組,プライム,prime,建設業,建設・資材
20260331,189A,Ｄ＆Ｍカンパニー,グロース,growth,サービス業,情報通信・サービスその他
20260331,1904,大成温調,スタンダード,standard,建設業,建設・資材
20260331,1905,テノックス,スタンダード,standard,建設業,建設・資材
20260331,1909,日本ドライケミカル,スタンダード,standard,機械,機械
20260331,190A,Ｃｈｏｒｄｉａ　Ｔｈｅｒａｐｅｕｔｉｃｓ,グロース,growth,医薬品,医薬品
20260331,1911,住友林業,プライム,prime,建設業,建設・資材
20260331,1914,日本基礎技術,スタンダード,standard,建設業,建設・資材
20260331,1921,巴コーポレーション,スタンダード,standard,建設業,建設・資材
20260331,1925,大和ハウス工業,プライム,prime,建設業,建設・資材
20260331,1926,ライト工業,プライム,prime,建設業,建設・資材
20260331,1928,積水ハウス,プライム,prime,建設業,建設・資材
20260331,1929,日特建設,プライム,prime,建設業,建設・資材
20260331,192A,インテグループ,グロース,growth,サービス業,情報通信・サービスその他
20260331,1930,北陸電気工事,プライム,prime,建設業,建設・資材
20260331,1934,ユアテック,プライム,prime,建設業,建設・資材
20260331,1938,日本リーテック,プライム,prime,建設業,建設・資材
20260331,1939,四電工,プライム,prime,建設業,建設・資材
20260331,1941,中電工,プライム,prime,建設業,建設・資材
20260331,1942,関電工,プライム,prime,建設業,建設・資材
20260331,1944,きんでん,プライム,prime,建設業,建設・資材
20260331,1945,東京エネシス,プライム,prime,建設業,建設・資材
20260331,1946,トーエネック,プライム,prime,建設業,建設・資材
20260331,1948,弘電社,スタンダード,standard,建設業,建設・資材
20260331,194A,ＷＯＬＶＥＳ　ＨＡＮＤ,グロース,growth,サービス業,情報通信・サービスその他
20260331,1950,日本電設工業,プライム,prime,建設業,建設・資材
20260331,1951,エクシオグループ,プライム,prime,建設業,建設・資材
20260331,1952,新日本空調,プライム,prime,建設業,建設・資材
20260331,1959,クラフティア,プライム,prime,建設業,建設・資材
20260331,195A,ＭＵＳＣＡＴ　ＧＲＯＵＰ,グロース,growth,サービス業,情報通信・サービスその他
20260331,1960,サンテック,スタンダード,standard,建設業,建設・資材
20260331,1961,三機工業,プライム,prime,建設業,建設・資材
20260331,1963,日揮ホールディングス,プライム,prime,建設業,建設・資材
20260331,1964,中外炉工業,プライム,prime,建設業,建設・資材
20260331,1965,テクノ菱和,スタンダード,standard,建設業,建設・資材
20260331,1966,高田工業所,スタンダード,standard,建設業,建設・資材
20260331,1967,ヤマト,スタンダード,standard,建設業,建設・資材
20260331,1968,太平電業,プライム,prime,建設業,建設・資材
20260331,1969,高砂熱学工業,プライム,prime,建設業,建設・資材
20260331,196A,ＭＦＳ,グロース,growth,その他金融業,金融（除く銀行）
20260331,1972,三晃金属工業,スタンダード,standard,建設業,建設・資材
20260331,1975,朝日工業社,プライム,prime,建設業,建設・資材
20260331,1976,明星工業,プライム,prime,建設業,建設・資材
20260331,1979,大氣社,プライム,prime,建設業,建設・資材
20260331,197A,タウンズ,スタンダード,standard,医薬品,医薬品
20260331,1980,ダイダン,プライム,prime,建設業,建設・資材
20260331,1981,協和日成,スタンダード,standard,建設業,建設・資材
20260331,1982,日比谷総合設備,プライム,prime,建設業,建設・資材
20260331,198A,ＰｏｓｔＰｒｉｍｅ,グロース,growth,情報・通信業,情報通信・サービスその他
20260331,1992,神田通信機,スタンダード,standard,建設業,建設・資材
20260331,1994,高橋カーテンウォール工業,スタンダード,standard,建設業,建設・資材
20260331,1997,暁飯島工業,スタンダード,standard,建設業,建設・資材
20260331,2001,ニップン,プライム,prime,食料品,食品
20260331,2002,日清製粉グループ本社,プライム,prime,食料品,食品
20260331,2003,日東富士製粉,スタンダード,standard,食料品,食品
20260331,2004,昭和産業,プライム,prime,食料品,食品
20260331,2009,鳥越製粉,スタンダード,standard,食料品,食品
20260331,202A,豆蔵,グロース,growth,情報・通信業,情報通信・サービスその他
20260331,2053,中部飼料,プライム,prime,食料品,食品
20260331,2055,日和産業,スタンダード,standard,食料品,食品
20260331,205A,ロゴスホールディングス,グロース,growth,建設業,建設・資材
20260331,2060,フィード・ワン,プライム,prime,食料品,食品
20260331,206A,ＰＲＩＳＭ　ＢｉｏＬａｂ,グロース,growth,医薬品,医薬品
20260331,208A,構造計画研究所ホールディングス,スタンダード,standard,情報・通信業,情報通信・サービスその他
20260331,2108,日本甜菜製糖,プライム,prime,食料品,食品
20260331,2109,ＤＭ三井製糖,プライム,prime,食料品,食品
20260331,2112,塩水港精糖,スタンダード,standard,食料品,食品
20260331,2114,フジ日本,スタンダード,standard,食料品,食品
20260331,2117,ウェルネオシュガー,プライム,prime,食料品,食品
20260331,211A,カドス・コーポレーション,スタンダード,standard,建設業,建設・資材
20260331,2120,ＬＩＦＵＬＬ,プライム,prime,サービス業,情報通信・サービスその他
20260331,2121,ＭＩＸＩ,プライム,prime,情報・通信業,情報通信・サービスその他
20260331,2122,インタースペース,スタンダード,standard,サービス業,情報通信・サービスその他
20260331,2124,ジェイエイシーリクルートメント,プライム,prime,サービス業,情報通信・サービスその他
20260331,2127,日本Ｍ＆Ａセンターホールディングス,プライム,prime,サービス業,情報通信・サービスその他
20260331,212A,フィットイージー,プライム,prime,サービス業,情報通信・サービスその他
20260331,2130,メンバーズ,プライム,prime,サービス業,情報通信・サービスその他
20260331,2134,北浜キャピタルパートナーズ,スタンダード,standard,サービス業,情報通信・サービスその他
20260331,2136,ヒップ,スタンダード,standard,サービス業,情報通信・サービスその他
20260331,2138,クルーズ,スタンダード,standard,情報・通信業,情報通信・サービスその他
20260331,2139,中広,スタンダード,standard,サービス業,情報通信・サービスその他
20260331,2146,ＵＴグループ,プライム,prime,サービス業,情報通信・サービスその他
20260331,2148,アイティメディア,プライム,prime,サービス業,情報通信・サービスその他
20260331,2152,幼児活動研究会,スタンダード,standard,サービス業,情報通信・サービスその他
20260331,2153,Ｅ・Ｊホールディングス,プライム,prime,サービス業,情報通信・サービスその他
20260331,2154,オープンアップグループ,プライム,prime,サービス業,情報通信・サービスその他
20260331,2156,セーラー広告,スタンダード,standard,サービス業,情報通信・サービスその他
20260331,2157,コシダカホールディングス,プライム,prime,サービス業,情報通信・サービスその他
20260331,2158,ＦＲＯＮＴＥＯ,グロース,growth,サービス業,情報通信・サービスその他
20260331,215A,タイミー,グロース,growth,サービス業,情報通信・サービスその他
20260331,2160,ジーエヌアイグループ,グロース,growth,医薬品,医薬品
20260331,2162,ｎｍｓ　ホールディングス,スタンダード,standard,サービス業,情報通信・サービスその他
20260331,2163,アルトナー,プライム,prime,サービス業,情報通信・サービスその他
20260331,2164,地域新聞社,スタンダード,standard,サービス業,情報通信・サービスその他
20260331,2168,パソナグループ,プライム,prime,サービス業,情報通信・サービスその他
20260331,2169,ＣＤＳ,スタンダード,standard,サービス業,情報通信・サービスその他
20260331,2170,リンクアンドモチベーション,プライム,prime,サービス業,情報通信・サービスその他
20260331,2173,博展,グロース,growth,サービス業,情報通信・サービスその他
20260331,2175,エス・エム・エス,プライム,prime,サービス業,情報通信・サービスその他
20260331,2179,成学社,スタンダード,standard,サービス業,情報通信・サービスその他
20260331,2180,サニーサイドアップグループ,スタンダード,standard,サービス業,情報通信・サービスその他
20260331,2181,パーソルホールディングス,プライム,prime,サービス業,情報通信・サービスその他
20260331,2183,リニカル,スタンダード,standard,サービス業,情報通信・サービスその他
20260331,2185,シイエム・シイ,スタンダード,standard,サービス業,情報通信・サービスその他
20260331,2186,ソーバル,スタンダード,standard,サービス業,情報通信・サービスその他
20260331,218A,Ｌｉｂｅｒａｗａｒｅ,グロース,growth,精密機器,電機・精密
20260331,2193,クックパッド,スタンダード,standard,サービス業,情報通信・サービスその他
20260331,2195,アミタホールディングス,グロース,growth,サービス業,情報通信・サービスその他
20260331,2198,アイ・ケイ・ケイホールディングス,プライム,prime,サービス業,情報通信・サービスその他
20260331,219A,Ｈｅａｒｔｓｅｅｄ,グロース,growth,医薬品,医薬品
20260331,2201,森永製菓,プライム,prime,食料品,食品
20260331,2204,中村屋,スタンダード,standard,食料品,食品
20260331,2206,江崎グリコ,プライム,prime,食料品,食品
20260331,2207,ｍｅｉｔｏ,プライム,prime,食料品,食品
20260331,2208,ブルボン,スタンダード,standard,食料品,食品
20260331,2209,井村屋グループ,プライム,prime,食料品,食品
20260331,220A,Ｆａｂｅｒ　Ｃｏｍｐａｎｙ,スタンダード,standard,情報・通信業,情報通信・サービスその他
20260331,2211,不二家,プライム,prime,食料品,食品
20260331,2212,山崎製パン,プライム,prime,食料品,食品
20260331,2215,第一屋製パン,スタンダード,standard,食料品,食品
20260331,2216,カンロ,スタンダード,standard,食料品,食品
20260331,2217,モロゾフ,プライム,prime,食料品,食品
20260331,2220,亀田製菓,プライム,prime,食料品,食品
20260331,2221,岩塚製菓,スタンダード,standard,食料品,食品
20260331,2222,寿スピリッツ,プライム,prime,食料品,食品
20260331,2224,コモ,スタンダード,standard,食料品,食品
20260331,2226,湖池屋,スタンダード,standard,食料品,食品
20260331,2229,カルビー,プライム,prime,食料品,食品
20260331,2264,森永乳業,プライム,prime,食料品,食品
20260331,2266,六甲バター,プライム,prime,食料品,食品
20260331,2267,ヤクルト本社,プライム,prime,食料品,食品
20260331,2268,Ｂ－Ｒ　サーティワン　アイスクリーム,スタンダード,standard,食料品,食品
20260331,2269,明治ホールディングス,プライム,prime,食料品,食品
20260331,2270,雪印メグミルク,プライム,prime,食料品,食品
20260331,2281,プリマハム,プライム,prime,食料品,食品
20260331,2282,日本ハム,プライム,prime,食料品,食品
20260331,2286,林兼産業,スタンダード,standard,食料品,食品
20260331,2288,丸大食品,プライム,prime,食料品,食品
20260331,228A,オプロ,グロース,growth,情報・通信業,情報通信・サービスその他
20260331,2291,福留ハム,スタンダード,standard,食料品,食品
20260331,2292,Ｓ　Ｆｏｏｄｓ,プライム,prime,食料品,食品
20260331,2293,滝沢ハム,スタンダード,standard,食料品,食品
20260331,2294,柿安本店,プライム,prime,食料品,食品
20260331,2296,伊藤ハム米久ホールディングス,プライム,prime,食料品,食品
20260331,2300,きょくとう,スタンダード,standard,サービス業,情報通信・サービスその他
20260331,2301,学情,プライム,prime,サービス業,情報通信・サービスその他
20260331,2303,ドーン,スタンダード,standard,情報・通信業,情報通信・サービスその他
20260331,2304,ＣＳＳホールディングス,スタンダード,standard,サービス業,情報通信・サービスその他
20260331,2305,スタジオアリス,スタンダード,standard,サービス業,情報通信・サービスその他
20260331,2307,クロスキャット,プライム,prime,情報・通信業,情報通信・サービスその他
20260331,2311,エプコ,スタンダード,standard,サービス業,情報通信・サービスその他
20260331,2315,ＣＡＩＣＡ　ＤＩＧＩＴＡＬ,スタンダード,standard,情報・通信業,情報通信・サービスその他
20260331,2317,システナ,プライム,prime,情報・通信業,情報通信・サービスその他
20260331,2321,ソフトフロントホールディングス,グロース,growth,情報・通信業,情報通信・サービスその他
20260331,2323,ｆｏｎｆｕｎ,スタンダード,standard,情報・通信業,情報通信・サービスその他
20260331,2325,ＮＪＳ,プライム,prime,サービス業,情報通信・サービスその他
20260331,2326,デジタルアーツ,プライム,prime,情報・通信業,情報通信・サービスその他
20260331,2327,日鉄ソリューションズ,プライム,prime,情報・通信業,情報通信・サービスその他
20260331,2329,東北新社,スタンダード,standard,情報・通信業,情報通信・サービスその他
20260331,2330,フォーサイド,スタンダード,standard,情報・通信業,情報通信・サービスその他
20260331,2331,ＡＬＳＯＫ,プライム,prime,サービス業,情報通信・サービスその他
20260331,2332,クエスト,スタンダード,standard,情報・通信業,情報通信・サービスその他
20260331,2334,イオレ,グロース,growth,サービス業,情報通信・サービスその他
20260331,2335,キューブシステム,プライム,prime,情報・通信業,情報通信・サービスその他
20260331,2337,いちご,プライム,prime,不動産業,不動産
20260331,2338,クオンタムソリューションズ,スタンダード,standard,情報・通信業,情報通信・サービスその他
20260331,2340,極楽湯ホールディングス,スタンダード,standard,サービス業,情報通信・サービスその他
20260331,2341,アルバイトタイムス,スタンダード,standard,サービス業,情報通信・サービスその他
20260331,2342,トランスジェニックグループ,スタンダード,standard,サービス業,情報通信・サービスその他
20260331,2344,平安レイサービス,スタンダード,standard,サービス業,情報通信・サービスその他
20260331,2345,ＨＯＤＬ１,スタンダード,standard,情報・通信業,情報通信・サービスその他
20260331,2349,エヌアイデイ,スタンダード,standard,情報・通信業,情報通信・サービスその他
20260331,2351,ＡＳＪ,スタンダード,standard,情報・通信業,情報通信・サービスその他
20260331,2353,日本駐車場開発,プライム,prime,不動産業,不動産
20260331,2354,ＹＥ　ＤＩＧＩＴＡＬ,スタンダード,standard,情報・通信業,情報通信・サービスその他
20260331,2359,コア,プライム,prime,情報・通信業,情報通信・サービスその他
20260331,2370,メディネット,グロース,growth,サービス業,情報通信・サービスその他
20260331,2371,カカクコム,プライム,prime,サービス業,情報通信・サービスその他
20260331,2373,ケア２１,スタンダード,standard,サービス業,情報通信・サービスその他
20260331,2375,ギグワークス,スタンダード,standard,サービス業,情報通信・サービスその他
20260331,2376,サイネックス,スタンダード,standard,サービス業,情報通信・サービスその他
20260331,2378,ルネサンス,プライム,prime,サービス業,情報通信・サービスその他
20260331,2379,ディップ,プライム,prime,サービス業,情報通信・サービスその他
20260331,2384,ＳＢＳホールディングス,プライム,prime,陸運業,運輸・物流
20260331,2385,総医研ホールディングス,グロース,growth,サービス業,情報通信・サービスその他
20260331,2388,ウェッジホールディングス,グロース,growth,その他金融業,金融（除く銀行）
20260331,2391,プラネット,スタンダード,standard,サービス業,情報通信・サービスその他
20260331,2393,日本ケアサプライ,スタンダード,standard,サービス業,情報通信・サービスその他
20260331,2395,新日本科学,プライム,prime,サービス業,情報通信・サービスその他
20260331,2404,鉄人化ホールディングス,スタンダード,standard,サービス業,情報通信・サービスその他
20260331,2408,ＫＧ情報,スタンダード,standard,サービス業,情報通信・サービスその他
20260331,2410,キャリアデザインセンター,プライム,prime,サービス業,情報通信・サービスその他
20260331,2411,ゲンダイエージェンシー,スタンダード,standard,情報・通信業,情報通信・サービスその他
20260331,2413,エムスリー,プライム,prime,サービス業,情報通信・サービスその他
20260331,2415,ヒューマンホールディングス,スタンダード,standard,サービス業,情報通信・サービスその他
20260331,2418,ツカダ・グローバルホールディング,スタンダード,standard,サービス業,情報通信・サービスその他
20260331,241A,ＲＯＸＸ,グロース,growth,情報・通信業,情報通信・サービスその他
20260331,2424,ブラス,スタンダード,standard,サービス業,情報通信・サービスその他
20260331,2425,ケアサービス,スタンダード,standard,サービス業,情報通信・サービスその他
20260331,2428,ウェルネット,スタンダード,standard,サービス業,情報通信・サービスその他
20260331,2429,ワールドホールディングス,プライム,prime,サービス業,情報通信・サービスその他
20260331,2432,ディー・エヌ・エー,プライム,prime,情報・通信業,情報通信・サービスその他
20260331,2433,博報堂ＤＹホールディングス,プライム,prime,サービス業,情報通信・サービスその他
20260331,2435,シダー,スタンダード,standard,サービス業,情報通信・サービスその他
20260331,2436,共同ピーアール,スタンダード,standard,サービス業,情報通信・サービスその他
20260331,2437,Ｓｈｉｎｗａ　Ｗｉｓｅ　Ｈｏｌｄｉｎｇｓ,スタンダード,standard,サービス業,情報通信・サービスその他
20260331,2438,アスカネット,グロース,growth,サービス業,情報通信・サービスその他
20260331,2440,ぐるなび,スタンダード,standard,サービス業,情報通信・サービスその他
20260331,2445,タカミヤ,スタンダード,standard,サービス業,情報通信・サービスその他
20260331,2449,プラップジャパン,スタンダード,standard,サービス業,情報通信・サービスその他
20260331,244A,グロースエクスパートナーズ,グロース,growth,情報・通信業,情報通信・サービスその他
20260331,2454,オールアバウト,スタンダード,standard,サービス業,情報通信・サービスその他
20260331,2459,アウンコンサルティング,スタンダード,standard,サービス業,情報通信・サービスその他
20260331,245A,ＩＮＧＳ,グロース,growth,小売業,小売
20260331,2461,ファンコミュニケーションズ,プライム,prime,サービス業,情報通信・サービスその他
20260331,2462,ライク,プライム,prime,サービス業,情報通信・サービスその他
20260331,2464,Ａｏｂａ‐ＢＢＴ,スタンダード,standard,サービス業,情報通信・サービスその他
20260331,2469,ヒビノ,スタンダード,standard,サービス業,情報通信・サービスその他
20260331,246A,アスア,グロース,growth,サービス業,情報通信・サービスその他
20260331,2471,エスプール,プライム,prime,サービス業,情報通信・サービスその他
20260331,2475,ＷＤＢホールディングス,プライム,prime,サービス業,情報通信・サービスその他
20260331,2477,手間いらず,スタンダード,standard,情報・通信業,情報通信・サービスその他
20260331,2479,ジェイテック,スタンダード,standard,サービス業,情報通信・サービスその他
20260331,247A,Ａｉロボティクス,グロース,growth,化学,素材・化学
20260331,2480,システム・ロケーション,スタンダード,standard,情報・通信業,情報通信・サービスその他
20260331,2481,タウンニュース社,スタンダード,standard,サービス業,情報通信・サービスその他
20260331,2483,翻訳センター,スタンダード,standard,サービス業,情報通信・サービスその他
20260331,2484,出前館,スタンダード,standard,情報・通信業,情報通信・サービスその他
20260331,2485,ティア,スタンダード,standard,サービス業,情報通信・サービスその他
20260331,2488,ＪＴＰ,スタンダード,standard,サービス業,情報通信・サービスその他
20260331,2489,アドウェイズ,スタンダード,standard,サービス業,情報通信・サービスその他
20260331,248A,キッズスター,グロース,growth,情報・通信業,情報通信・サービスその他
20260331,2491,バリューコマース,プライム,prime,サービス業,情報通信・サービスその他
20260331,2492,インフォマート,プライム,prime,サービス業,情報通信・サービスその他
20260331,2493,イーサポートリンク,スタンダード,standard,サービス業,情報通信・サービスその他
20260331,2497,ユナイテッド,グロース,growth,サービス業,情報通信・サービスその他
20260331,2498,オリエンタルコンサルタンツホールディングス,スタンダード,standard,サービス業,情報通信・サービスその他
20260331,2499,日本和装ホールディングス,スタンダード,standard,サービス業,情報通信・サービスその他
20260331,2501,サッポロホールディングス,プライム,prime,食料品,食品
20260331,2502,アサヒグループホールディングス,プライム,prime,食料品,食品
20260331,2503,キリンホールディングス,プライム,prime,食料品,食品
20260331,250A,シマダヤ,スタンダード,standard,食料品,食品
20260331,2531,宝ホールディングス,プライム,prime,食料品,食品
20260331,2533,オエノンホールディングス,プライム,prime,食料品,食品
20260331,253A,ＥＴＳグループ,スタンダード,standard,建設業,建設・資材
20260331,2540,養命酒製造,プライム,prime,食料品,食品
20260331,254A,ＡＩフュージョンキャピタルグループ,スタンダード,standard,証券、商品先物取引業,金融（除く銀行）
20260331,255A,ジーエルテクノホールディングス,スタンダード,standard,精密機器,電機・精密
20260331,256A,飛島ホールディングス,プライム,prime,建設業,建設・資材
20260331,2573,北海道コカ・コーラボトリング,スタンダード,standard,食料品,食品
20260331,2579,コカ・コーラ　ボトラーズジャパンホールディングス,プライム,prime,食料品,食品
20260331,2585,ライフドリンク　カンパニー,プライム,prime,食料品,食品
20260331,2586,フルッタフルッタ,グロース,growth,食料品,食品
20260331,2587,サントリー食品インターナショナル,プライム,prime,食料品,食品
20260331,2588,プレミアムウォーターホールディングス,スタンダード,standard,食料品,食品
20260331,2590,ダイドーグループホールディングス,プライム,prime,食料品,食品
20260331,2593,伊藤園,プライム,prime,食料品,食品
20260331,25935,伊藤園第１種優先株式,プライム,prime,食料品,食品
20260331,2594,キーコーヒー,プライム,prime,食料品,食品
20260331,2597,ユニカフェ,スタンダード,standard,食料品,食品
20260331,2602,日清オイリオグループ,プライム,prime,食料品,食品
20260331,2607,不二製油,プライム,prime,食料品,食品
20260331,2612,かどや製油,スタンダード,standard,食料品,食品
20260331,2613,Ｊ－オイルミルズ,プライム,prime,食料品,食品
20260331,261A,日水コン,スタンダード,standard,サービス業,情報通信・サービスその他
20260331,262A,インターメスティック,プライム,prime,小売業,小売
20260331,264A,Ｓｃｈｏｏ,グロース,growth,サービス業,情報通信・サービスその他
20260331,2652,まんだらけ,スタンダード,standard,小売業,小売
20260331,2653,イオン九州,スタンダード,standard,小売業,小売
20260331,2654,アスモ,スタンダード,standard,小売業,小売
20260331,2656,ベクターホールディングス,スタンダード,standard,小売業,小売
20260331,2659,サンエー,プライム,prime,小売業,小売
20260331,265A,Ｈｍｃｏｍｍ,グロース,growth,情報・通信業,情報通信・サービスその他
20260331,2664,カワチ薬品,プライム,prime,小売業,小売
20260331,2666,オートウェーブ,スタンダード,standard,小売業,小売
20260331,2667,イメージ　ワン,スタンダード,standard,卸売業,商社・卸売
20260331,2668,タビオ,スタンダード,standard,卸売業,商社・卸売
20260331,2669,カネ美食品,スタンダード,standard,小売業,小売
20260331,2670,エービーシー・マート,プライム,prime,小売業,小売
20260331,2673,夢みつけ隊,スタンダード,standard,小売業,小売
20260331,2674,ハードオフコーポレーション,プライム,prime,小売業,小売
20260331,2676,高千穂交易,プライム,prime,卸売業,商社・卸売
20260331,2678,アスクル,プライム,prime,小売業,小売
20260331,2681,ゲオホールディングス,プライム,prime,小売業,小売
20260331,2683,魚喜,スタンダード,standard,小売業,小売
20260331,2685,アンドエスティＨＤ,プライム,prime,小売業,小売
20260331,2686,ジーフット,スタンダード,standard,小売業,小売
20260331,2687,シー・ヴイ・エス・ベイエリア,スタンダード,standard,サービス業,情報通信・サービスその他
20260331,2689,オルバヘルスケアホールディングス,スタンダード,standard,卸売業,商社・卸売
20260331,268A,リガク・ホールディングス,プライム,prime,精密機器,電機・精密
20260331,2692,伊藤忠食品,プライム,prime,卸売業,商社・卸売
20260331,2693,ＹＫＴ,スタンダード,standard,卸売業,商社・卸売
20260331,2694,焼肉坂井ホールディングス,スタンダード,standard,小売業,小売
20260331,2695,くら寿司,プライム,prime,小売業,小売
20260331,2698,キャンドゥ,スタンダード,standard,小売業,小売
20260331,269A,Ｓａｐｅｅｔ,グロース,growth,情報・通信業,情報通信・サービスその他
20260331,2700,木徳神糧,スタンダード,standard,卸売業,商社・卸売
20260331,2702,日本マクドナルドホールディングス,スタンダード,standard,小売業,小売
20260331,2705,大戸屋ホールディングス,スタンダード,standard,小売業,小売
20260331,2708,久世,スタンダード,standard,卸売業,商社・卸売
20260331,2721,ジェイホールディングス,スタンダード,standard,卸売業,商社・卸売
20260331,2722,ＩＫホールディングス,スタンダード,standard,小売業,小売
20260331,2726,パルグループホールディングス,プライム,prime,小売業,小売
20260331,2730,エディオン,プライム,prime,小売業,小売
20260331,2733,あらた,プライム,prime,卸売業,商社・卸売
20260331,2734,サーラコーポレーション,プライム,prime,小売業,小売
20260331,2735,ワッツ,スタンダード,standard,小売業,小売
20260331,2736,フェスタリアホールディングス,スタンダード,standard,小売業,小売
20260331,2737,トーメンデバイス,プライム,prime,卸売業,商社・卸売
20260331,2742,ハローズ,プライム,prime,小売業,小売
20260331,2747,北雄ラッキー,スタンダード,standard,小売業,小売
20260331,2749,ＪＰホールディングス,プライム,prime,サービス業,情報通信・サービスその他
20260331,274A,ガーデン,スタンダード,standard,小売業,小売
20260331,2750,石光商事,スタンダード,standard,卸売業,商社・卸売
20260331,2751,テンポスホールディングス,スタンダード,standard,卸売業,商社・卸売
20260331,2752,フジオフードグループ本社,プライム,prime,小売業,小売
20260331,2753,あみやき亭,プライム,prime,小売業,小売
20260331,2760,東京エレクトロン　デバイス,プライム,prime,卸売業,商社・卸売
20260331,2762,ＳＡＮＫＯ　ＭＡＲＫＥＴＩＮＧ　ＦＯＯＤＳ,スタンダード,standard,小売業,小売
20260331,2763,エフティグループ,スタンダード,standard,卸売業,商社・卸売
20260331,2764,ひらまつ,スタンダード,standard,小売業,小売
20260331,2767,円谷フィールズホールディングス,プライム,prime,卸売業,商社・卸売
20260331,2768,双日,プライム,prime,卸売業,商社・卸売
20260331,2769,ヴィレッジヴァンガードコーポレーション,スタンダード,standard,小売業,小売
20260331,276A,ククレブ・アドバイザーズ,グロース,growth,不動産業,不動産
20260331,2776,新都ホールディングス,スタンダード,standard,卸売業,商社・卸売
20260331,2778,パレモ・ホールディングス,スタンダード,standard,小売業,小売
20260331,277A,グロービング,グロース,growth,サービス業,情報通信・サービスその他
20260331,2780,コメ兵ホールディングス,スタンダード,standard,小売業,小売
20260331,2782,セリア,スタンダード,standard,小売業,小売
20260331,2784,アルフレッサ　ホールディングス,プライム,prime,卸売業,商社・卸売
20260331,2788,アップルインターナショナル,スタンダード,standard,卸売業,商社・卸売
20260331,2789,カルラ,スタンダード,standard,小売業,小売
20260331,278A,Ｔｅｒｒａ　Ｄｒｏｎｅ,グロース,growth,精密機器,電機・精密
20260331,2790,ナフコ,スタンダード,standard,小売業,小売
20260331,2791,大黒天物産,プライム,prime,小売業,小売
20260331,2792,ハニーズホールディングス,プライム,prime,小売業,小売
20260331,2795,日本プリメックス,スタンダード,standard,卸売業,商社・卸売
20260331,2796,ファーマライズホールディングス,スタンダード,standard,小売業,小売
20260331,2798,ワイズテーブルコーポレーション,スタンダード,standard,小売業,小売
20260331,2801,キッコーマン,プライム,prime,食料品,食品
20260331,2802,味の素,プライム,prime,食料品,食品
20260331,2804,ブルドックソース,プライム,prime,食料品,食品
20260331,2805,ヱスビー食品,スタンダード,standard,食料品,食品
20260331,2806,ユタカフーズ,スタンダード,standard,食料品,食品
20260331,2809,キユーピー,プライム,prime,食料品,食品
20260331,280A,ＴＭＨ,グロース,growth,卸売業,商社・卸売
20260331,2810,ハウス食品グループ本社,プライム,prime,食料品,食品
20260331,2811,カゴメ,プライム,prime,食料品,食品
20260331,2813,和弘食品,スタンダード,standard,食料品,食品
20260331,2814,佐藤食品工業,スタンダード,standard,食料品,食品
20260331,2815,アリアケジャパン,プライム,prime,食料品,食品
20260331,2816,ダイショー,スタンダード,standard,食料品,食品
20260331,2818,ピエトロ,スタンダード,standard,食料品,食品
20260331,2819,エバラ食品工業,スタンダード,standard,食料品,食品
20260331,281A,インフォメティス,グロース,growth,情報・通信業,情報通信・サービスその他
20260331,2820,やまみ,スタンダード,standard,食料品,食品
20260331,2831,はごろもフーズ,スタンダード,standard,食料品,食品
20260331,285A,キオクシアホールディングス,プライム,prime,電気機器,電機・精密
20260331,286A,ユカリア,グロース,growth,サービス業,情報通信・サービスその他
20260331,2871,ニチレイ,プライム,prime,食料品,食品
20260331,2872,セイヒョー,スタンダード,standard,食料品,食品
20260331,2874,横浜冷凍,プライム,prime,卸売業,商社・卸売
20260331,2875,東洋水産,プライム,prime,食料品,食品
20260331,2876,デルソーレ,スタンダード,standard,食料品,食品
20260331,2877,日東ベスト,スタンダード,standard,食料品,食品
20260331,287A,黒田グループ,スタンダード,standard,卸売業,商社・卸売
20260331,2882,イートアンドホールディングス,プライム,prime,食料品,食品
20260331,2883,大冷,スタンダード,standard,食料品,食品
20260331,2884,ヨシムラ・フード・ホールディングス,プライム,prime,食料品,食品
20260331,288A,ラクサス・テクノロジーズ,グロース,growth,サービス業,情報通信・サービスその他
20260331,2892,日本食品化工,スタンダード,standard,食料品,食品
20260331,2894,石井食品,スタンダード,standard,食料品,食品
20260331,2897,日清食品ホールディングス,プライム,prime,食料品,食品
20260331,2901,ウェルディッシュ,スタンダード,standard,食料品,食品
20260331,2903,シノブフーズ,スタンダード,standard,食料品,食品
20260331,2904,一正蒲鉾,スタンダード,standard,食料品,食品
20260331,2907,あじかん,スタンダード,standard,食料品,食品
20260331,2908,フジッコ,プライム,prime,食料品,食品
20260331,290A,Ｓｙｎｓｐｅｃｔｉｖｅ,グロース,growth,情報・通信業,情報通信・サービスその他
20260331,2910,ロック・フィールド,プライム,prime,食料品,食品
20260331,2911,旭松食品,スタンダード,standard,食料品,食品
20260331,2914,日本たばこ産業,プライム,prime,食料品,食品
20260331,2915,ケンコーマヨネーズ,プライム,prime,食料品,食品
20260331,2916,仙波糖化工業,スタンダード,standard,食料品,食品
20260331,2917,大森屋,スタンダード,standard,食料品,食品
20260331,2918,わらべや日洋ホールディングス,プライム,prime,食料品,食品
20260331,291A,リスキル,グロース,growth,サービス業,情報通信・サービスその他
20260331,2922,なとり,プライム,prime,食料品,食品
20260331,2923,サトウ食品,スタンダード,standard,食料品,食品
20260331,2924,イフジ産業,スタンダード,standard,食料品,食品
20260331,2926,篠崎屋,スタンダード,standard,食料品,食品
20260331,2927,ＡＦＣ－ＨＤアムスライフサイエンス,スタンダード,standard,食料品,食品
20260331,2929,ファーマフーズ,プライム,prime,食料品,食品
20260331,2930,北の達人コーポレーション,プライム,prime,化学,素材・化学
20260331,2931,ユーグレナ,プライム,prime,食料品,食品
20260331,2932,ＳＴＩフードホールディングス,スタンダード,standard,食料品,食品
20260331,2933,紀文食品,プライム,prime,食料品,食品
20260331,2934,ジェイフロンティア,グロース,growth,食料品,食品
20260331,2935,ピックルスホールディングス,プライム,prime,食料品,食品
20260331,2936,ベースフード,グロース,growth,食料品,食品
20260331,2937,サンクゼール,グロース,growth,食料品,食品
20260331,2938,オカムラ食品工業,スタンダード,standard,食料品,食品
20260331,2961,日本調理機,スタンダード,standard,金属製品,建設・資材
20260331,2962,テクニスコ,スタンダード,standard,金属製品,建設・資材
20260331,296A,令和アカウンティング・ホールディングス,グロース,growth,サービス業,情報通信・サービスその他
20260331,2970,ＧＬＣ　ＧＲＯＵＰ,スタンダード,standard,不動産業,不動産
20260331,2975,スター・マイカ・ホールディングス,プライム,prime,不動産業,不動産
20260331,2978,ツクルバ,グロース,growth,不動産業,不動産
20260331,297A,アルピコホールディングス,スタンダード,standard,小売業,小売
20260331,2980,ＳＲＥホールディングス,プライム,prime,不動産業,不動産
20260331,2981,ランディックス,グロース,growth,不動産業,不動産
20260331,2982,ＡＤワークスグループ,プライム,prime,不動産業,不動産
20260331,2983,アールプランナー,グロース,growth,不動産業,不動産
20260331,2984,ヤマイチエステート,スタンダード,standard,不動産業,不動産
20260331,2986,ＬＡホールディングス,グロース,growth,不動産業,不動産
20260331,298A,ＧＶＡ　ＴＥＣＨ,グロース,growth,情報・通信業,情報通信・サービスその他
20260331,2991,ランドネット,スタンダード,standard,不動産業,不動産
20260331,2993,長栄,スタンダード,standard,不動産業,不動産
20260331,2997,ストレージ王,グロース,growth,不動産業,不動産
20260331,2998,クリアル,グロース,growth,不動産業,不動産
20260331,2999,ホームポジション,スタンダード,standard,不動産業,不動産
20260331,299A,クラシル,グロース,growth,サービス業,情報通信・サービスその他
20260331,3001,片倉工業,スタンダード,standard,繊維製品,素材・化学
20260331,3002,グンゼ,プライム,prime,繊維製品,素材・化学
20260331,3003,ヒューリック,プライム,prime,不動産業,不動産
20260331,3004,神栄,スタンダード,standard,卸売業,商社・卸売
20260331,300A,ＭＩＣ,スタンダード,standard,サービス業,情報通信・サービスその他
20260331,3010,ポラリス・ホールディングス,スタンダード,standard,サービス業,情報通信・サービスその他
20260331,3011,バナーズ,スタンダード,standard,小売業,小売
20260331,3020,アプライド,スタンダード,standard,小売業,小売
20260331,3021,パシフィックネット,スタンダード,standard,サービス業,情報通信・サービスその他
20260331,3023,ラサ商事,スタンダード,standard,卸売業,商社・卸売
20260331,3024,クリエイト,スタンダード,standard,卸売業,商社・卸売
20260331,3028,アルペン,プライム,prime,小売業,小売
20260331,302A,ビースタイルホールディングス,グロース,growth,サービス業,情報通信・サービスその他
20260331,3030,ハブ,スタンダード,standard,小売業,小売
20260331,3031,ラクーンホールディングス,プライム,prime,情報・通信業,情報通信・サービスその他
20260331,3034,クオールホールディングス,プライム,prime,小売業,小売
20260331,3035,ケイティケイ,スタンダード,standard,卸売業,商社・卸売
20260331,3036,アルコニックス,プライム,prime,卸売業,商社・卸売
20260331,3038,神戸物産,プライム,prime,卸売業,商社・卸売
20260331,303A,ｖｉｓｕｍｏ,グロース,growth,情報・通信業,情報通信・サービスその他
20260331,3040,ソリトンシステムズ,プライム,prime,情報・通信業,情報通信・サービスその他
20260331,3041,ビューティカダンホールディングス,スタンダード,standard,卸売業,商社・卸売
20260331,3042,セキュアヴェイル,スタンダード,standard,情報・通信業,情報通信・サービスその他
20260331,3045,カワサキ,スタンダード,standard,卸売業,商社・卸売
20260331,3046,ジンズホールディングス,プライム,prime,小売業,小売
20260331,3048,ビックカメラ,プライム,prime,小売業,小売
20260331,304A,フォルシア,グロース,growth,情報・通信業,情報通信・サービスその他
20260331,3050,ＤＣＭホールディングス,プライム,prime,小売業,小売
20260331,3053,ペッパーフードサービス,スタンダード,standard,小売業,小売
20260331,3054,ハイパー,スタンダード,standard,卸売業,商社・卸売
20260331,3058,三洋堂ホールディングス,スタンダード,standard,小売業,小売
20260331,3059,ヒラキ,スタンダード,standard,小売業,小売
20260331,3063,ジェイグループホールディングス,グロース,growth,小売業,小売
20260331,3064,ＭｏｎｏｔａＲＯ,プライム,prime,小売業,小売
20260331,3065,ライフフーズ,スタンダード,standard,小売業,小売
20260331,3067,東京一番フーズ,スタンダード,standard,小売業,小売
20260331,3068,ＷＤＩ,スタンダード,standard,小売業,小売
20260331,3069,ＪＦＬＡホールディングス,スタンダード,standard,食料品,食品
20260331,3070,ジェリービーンズグループ,グロース,growth,卸売業,商社・卸売
20260331,3071,ストリーム,スタンダード,standard,小売業,小売
20260331,3075,銚子丸,スタンダード,standard,小売業,小売
20260331,3076,あい　ホールディングス,プライム,prime,卸売業,商社・卸売
20260331,3077,ホリイフードサービス,スタンダード,standard,小売業,小売
20260331,3079,ディーブイエックス,スタンダード,standard,卸売業,商社・卸売
20260331,3080,ジェーソン,スタンダード,standard,小売業,小売
20260331,3082,きちりホールディングス,スタンダード,standard,小売業,小売
20260331,3083,スターシーズ,スタンダード,standard,小売業,小売
20260331,3086,Ｊ．フロント　リテイリング,プライム,prime,小売業,小売
20260331,3087,ドトール・日レスホールディングス,プライム,prime,小売業,小売
20260331,3088,マツキヨココカラ＆カンパニー,プライム,prime,小売業,小売
20260331,3089,テクノアルファ,スタンダード,standard,卸売業,商社・卸売
20260331,3091,ブロンコビリー,プライム,prime,小売業,小売
20260331,3092,ＺＯＺＯ,プライム,prime,小売業,小売
20260331,3093,トレジャー・ファクトリー,プライム,prime,小売業,小売
20260331,3096,オーシャンシステム,スタンダード,standard,小売業,小売
20260331,3097,物語コーポレーション,プライム,prime,小売業,小売
20260331,3099,三越伊勢丹ホールディングス,プライム,prime,小売業,小売
20260331,3101,東洋紡,プライム,prime,化学,素材・化学
20260331,3103,ユニチカ,プライム,prime,繊維製品,素材・化学
20260331,3104,富士紡ホールディングス,プライム,prime,繊維製品,素材・化学
20260331,3105,日清紡ホールディングス,プライム,prime,電気機器,電機・精密
20260331,3106,倉敷紡績,プライム,prime,繊維製品,素材・化学
20260331,3107,ダイワボウホールディングス,プライム,prime,卸売業,商社・卸売
20260331,3109,シキボウ,プライム,prime,繊維製品,素材・化学
20260331,3110,日東紡績,プライム,prime,ガラス・土石製品,建設・資材
20260331,3111,オーミケンシ,スタンダード,standard,繊維製品,素材・化学
20260331,3113,ＵＮＩＶＡ・Ｏａｋホールディングス,スタンダード,standard,証券、商品先物取引業,金融（除く銀行）
20260331,3116,トヨタ紡織,プライム,prime,輸送用機器,自動車・輸送機
20260331,3121,マーチャント・バンカーズ,スタンダード,standard,サービス業,情報通信・サービスその他
20260331,3123,サイボー,スタンダード,standard,繊維製品,素材・化学
20260331,3131,シンデン・ハイテックス,スタンダード,standard,卸売業,商社・卸売
20260331,3132,マクニカホールディングス,プライム,prime,卸売業,商社・卸売
20260331,3133,海帆,グロース,growth,小売業,小売
20260331,3134,Ｈａｍｅｅ,スタンダード,standard,小売業,小売
20260331,3135,マーケットエンタープライズ,スタンダード,standard,小売業,小売
20260331,3137,ファンデリー,グロース,growth,小売業,小売
20260331,3138,富士山マガジンサービス,スタンダード,standard,小売業,小売
20260331,3139,ラクト・ジャパン,プライム,prime,卸売業,商社・卸売
20260331,3140,ＢＲＵＮＯ,グロース,growth,卸売業,商社・卸売
20260331,3143,オーウイル,スタンダード,standard,卸売業,商社・卸売
20260331,3148,クリエイトＳＤホールディングス,プライム,prime,小売業,小売
20260331,3150,グリムス,プライム,prime,電気・ガス業,電力・ガス
20260331,3151,バイタルケーエスケー・ホールディングス,プライム,prime,卸売業,商社・卸売
20260331,3153,八洲電機,プライム,prime,卸売業,商社・卸売
20260331,3154,メディアスホールディングス,プライム,prime,卸売業,商社・卸売
20260331,3156,レスター,プライム,prime,卸売業,商社・卸売
20260331,3157,ジオリーブグループ,スタンダード,standard,卸売業,商社・卸売
20260331,3159,丸善ＣＨＩホールディングス,スタンダード,standard,小売業,小売
20260331,3160,大光,スタンダード,standard,卸売業,商社・卸売
20260331,3161,アゼアス,スタンダード,standard,卸売業,商社・卸売
20260331,3166,ＯＣＨＩホールディングス,スタンダード,standard,卸売業,商社・卸売
20260331,3167,ＴＯＫＡＩホールディングス,プライム,prime,卸売業,商社・卸売
20260331,3168,ＭＥＲＦ,スタンダード,standard,卸売業,商社・卸売
20260331,3169,ミサワ,スタンダード,standard,小売業,小売
20260331,3172,ティーライフ,スタンダード,standard,小売業,小売
20260331,3173,Ｃｏｍｉｎｉｘ,スタンダード,standard,卸売業,商社・卸売
20260331,3174,ハピネス・アンド・ディ,スタンダード,standard,小売業,小売
20260331,3175,エー・ピーホールディングス,スタンダード,standard,小売業,小売
20260331,3176,三洋貿易,プライム,prime,卸売業,商社・卸売
20260331,3177,ありがとうサービス,スタンダード,standard,小売業,小売
20260331,3178,チムニー,スタンダード,standard,小売業,小売
20260331,3179,シュッピン,プライム,prime,小売業,小売
20260331,3180,ビューティガレージ,プライム,prime,卸売業,商社・卸売
20260331,3181,買取王国,スタンダード,standard,小売業,小売
20260331,3182,オイシックス・ラ・大地,プライム,prime,小売業,小売
20260331,3183,ウイン・パートナーズ,プライム,prime,卸売業,商社・卸売
20260331,3184,ＩＣＤＡホールディングス,スタンダード,standard,小売業,小売
20260331,3185,夢展望,グロース,growth,小売業,小売
20260331,3186,ネクステージ,プライム,prime,小売業,小売
20260331,3187,ミラタップ,グロース,growth,小売業,小売
20260331,3189,ＡＮＡＰホールディングス,スタンダード,standard,小売業,小売
20260331,3190,ホットマン,スタンダード,standard,小売業,小売
20260331,3191,ジョイフル本田,プライム,prime,小売業,小売
20260331,3192,白鳩,スタンダード,standard,小売業,小売
20260331,3193,エターナルホスピタリティグループ,プライム,prime,小売業,小売
20260331,3195,ジェネレーションパス,グロース,growth,小売業,小売
20260331,3196,ホットランドホールディングス,プライム,prime,小売業,小売
20260331,3197,すかいらーくホールディングス,プライム,prime,小売業,小売
20260331,3198,ＳＦＰホールディングス,プライム,prime,小売業,小売
20260331,3199,綿半ホールディングス,プライム,prime,小売業,小売
20260331,319A,技術承継機構,グロース,growth,金属製品,建設・資材
20260331,3201,日本毛織,プライム,prime,繊維製品,素材・化学
20260331,3202,ダイトウボウ,スタンダード,standard,繊維製品,素材・化学
20260331,3204,トーア紡コーポレーション,スタンダード,standard,繊維製品,素材・化学
20260331,3205,ダイドーリミテッド,スタンダード,standard,繊維製品,素材・化学
20260331,3221,ヨシックスホールディングス,プライム,prime,小売業,小売
20260331,3222,ユナイテッド・スーパーマーケット・ホールディングス,スタンダード,standard,小売業,小売
20260331,3223,エスエルディー,スタンダード,standard,小売業,小売
20260331,3224,ゼネラル・オイスター,グロース,growth,小売業,小売
20260331,3231,野村不動産ホールディングス,プライム,prime,不動産業,不動産
20260331,3232,三重交通グループホールディングス,プライム,prime,不動産業,不動産
20260331,3236,プロパスト,スタンダード,standard,不動産業,不動産
20260331,3237,イントランス,グロース,growth,不動産業,不動産
20260331,3238,セントラル総合開発,スタンダード,standard,不動産業,不動産
20260331,323A,フライヤー,グロース,growth,情報・通信業,情報通信・サービスその他
20260331,3241,ウィル,スタンダード,standard,不動産業,不動産
20260331,3242,アーバネットコーポレーション,スタンダード,standard,不動産業,不動産
20260331,3245,ディア・ライフ,プライム,prime,不動産業,不動産
20260331,3246,コーセーアールイー,スタンダード,standard,不動産業,不動産
20260331,3248,アールエイジ,スタンダード,standard,不動産業,不動産
20260331,324A,ブッキングリゾート,グロース,growth,サービス業,情報通信・サービスその他
20260331,3252,地主,プライム,prime,不動産業,不動産
20260331,325A,ＴＥＮＴＩＡＬ,グロース,growth,繊維製品,素材・化学
20260331,3261,グランディーズ,グロース,growth,不動産業,不動産
20260331,3266,ファンドクリエーショングループ,スタンダード,standard,不動産業,不動産
20260331,3267,フィル・カンパニー,スタンダード,standard,建設業,建設・資材
20260331,3271,ＴＨＥグローバル社,スタンダード,standard,不動産業,不動産
20260331,3276,ＪＰＭＣ,プライム,prime,不動産業,不動産
20260331,3277,サンセイランディック,スタンダード,standard,不動産業,不動産
20260331,3280,エストラスト,スタンダード,standard,不動産業,不動産
20260331,3284,フージャースホールディングス,プライム,prime,不動産業,不動産
20260331,3286,トラストホールディングス,スタンダード,standard,不動産業,不動産
20260331,3288,オープンハウスグループ,プライム,prime,不動産業,不動産
20260331,3289,東急不動産ホールディングス,プライム,prime,不動産業,不動産
20260331,3291,飯田グループホールディングス,プライム,prime,不動産業,不動産
20260331,3293,アズマハウス,スタンダード,standard,不動産業,不動産
20260331,3294,イーグランド,スタンダード,standard,不動産業,不動産
20260331,3297,東武住販,スタンダード,standard,不動産業,不動産
20260331,3299,ムゲンエステート,スタンダード,standard,不動産業,不動産
20260331,3300,アンビション　ＤＸ　ホールディングス,グロース,growth,不動産業,不動産
20260331,3302,帝国繊維,プライム,prime,繊維製品,素材・化学
20260331,3306,日本製麻,スタンダード,standard,卸売業,商社・卸売
20260331,330A,ＴａｌｅｎｔＸ,グロース,growth,情報・通信業,情報通信・サービスその他
20260331,3315,日本コークス工業,プライム,prime,石油・石炭製品,エネルギー資源
20260331,3317,フライングガーデン,スタンダード,standard,小売業,小売
20260331,331A,メディックス,スタンダード,standard,サービス業,情報通信・サービスその他
20260331,3320,クロスプラス,スタンダード,standard,卸売業,商社・卸売
20260331,3321,ミタチ産業,スタンダード,standard,卸売業,商社・卸売
20260331,3323,レカム,スタンダード,standard,卸売業,商社・卸売
20260331,3326,ランシステム,スタンダード,standard,サービス業,情報通信・サービスその他
20260331,3329,東和フードサービス,スタンダード,standard,小売業,小売
20260331,332A,ミーク,グロース,growth,情報・通信業,情報通信・サービスその他
20260331,3333,あさひ,プライム,prime,小売業,小売
20260331,3349,コスモス薬品,プライム,prime,小売業,小売
20260331,334A,ビジュアル・プロセッシング・ジャパン,グロース,growth,情報・通信業,情報通信・サービスその他
20260331,3350,メタプラネット,スタンダード,standard,卸売業,商社・卸売
20260331,3352,バッファロー,スタンダード,standard,小売業,小売
20260331,3353,メディカル一光グループ,スタンダード,standard,小売業,小売
20260331,3355,クリヤマホールディングス,スタンダード,standard,卸売業,商社・卸売
20260331,3358,Ｔｒａｉｌｈｅａｄ　Ｇｌｏｂａｌ　Ｈｏｌｄｉｎｇｓ,スタンダード,standard,小売業,小売
20260331,3359,ｃｏｔｔａ,グロース,growth,卸売業,商社・卸売
20260331,335A,ミライロ,グロース,growth,情報・通信業,情報通信・サービスその他
20260331,3360,シップヘルスケアホールディングス,プライム,prime,卸売業,商社・卸売
20260331,3361,トーエル,スタンダード,standard,小売業,小売
20260331,336A,ダイナミックマッププラットフォーム,グロース,growth,情報・通信業,情報通信・サービスその他
20260331,3370,フジタコーポレーション,スタンダード,standard,小売業,小売
20260331,3371,ソフトクリエイトホールディングス,プライム,prime,情報・通信業,情報通信・サービスその他
20260331,3372,関門海,スタンダード,standard,小売業,小売
20260331,3374,内外テック,スタンダード,standard,卸売業,商社・卸売
20260331,3375,ＺＯＡ,スタンダード,standard,小売業,小売
20260331,3377,バイク王＆カンパニー,スタンダード,standard,卸売業,商社・卸売
20260331,3382,セブン＆アイ・ホールディングス,プライム,prime,小売業,小売
20260331,3386,コスモ・バイオ,スタンダード,standard,卸売業,商社・卸売
20260331,3387,クリエイト・レストランツ・ホールディングス,プライム,prime,小売業,小売
20260331,3388,明治電機工業,プライム,prime,卸売業,商社・卸売
20260331,338A,ＺｅｎｍｕＴｅｃｈ,グロース,growth,情報・通信業,情報通信・サービスその他
20260331,3391,ツルハホールディングス,プライム,prime,小売業,小売
20260331,3392,デリカフーズホールディングス,スタンダード,standard,卸売業,商社・卸売
20260331,3393,スターティアホールディングス,プライム,prime,卸売業,商社・卸売
20260331,3395,サンマルクホールディングス,プライム,prime,小売業,小売
20260331,3396,フェリシモ,スタンダード,standard,小売業,小売
20260331,3397,トリドールホールディングス,プライム,prime,小売業,小売
20260331,3399,丸千代山岡家,スタンダード,standard,小売業,小売
20260331,339A,プログレス・テクノロジーズ　グループ,グロース,growth,サービス業,情報通信・サービスその他
20260331,3401,帝人,プライム,prime,繊維製品,素材・化学
20260331,3402,東レ,プライム,prime,繊維製品,素材・化学
20260331,3405,クラレ,プライム,prime,化学,素材・化学
20260331,3407,旭化成,プライム,prime,化学,素材・化学
20260331,3409,北紡,スタンダード,standard,繊維製品,素材・化学
20260331,340A,ジグザグ,グロース,growth,情報・通信業,情報通信・サービスその他
20260331,3415,ＴＯＫＹＯ　ＢＡＳＥ,プライム,prime,小売業,小売
20260331,3416,ピクスタ,スタンダード,standard,小売業,小売
20260331,3417,大木ヘルスケアホールディングス,スタンダード,standard,卸売業,商社・卸売
20260331,3418,バルニバービ,グロース,growth,小売業,小売
20260331,341A,トヨコー,グロース,growth,建設業,建設・資材
20260331,3420,ケー・エフ・シー,スタンダード,standard,金属製品,建設・資材
20260331,3421,稲葉製作所,スタンダード,standard,金属製品,建設・資材
20260331,3422,Ｊ－ＭＡＸ,スタンダード,standard,金属製品,建設・資材
20260331,3423,エスイー,スタンダード,standard,金属製品,建設・資材
20260331,3426,アトムリビンテック,スタンダード,standard,金属製品,建設・資材
20260331,3431,宮地エンジニアリンググループ,プライム,prime,金属製品,建設・資材
20260331,3433,トーカロ,プライム,prime,金属製品,建設・資材
20260331,3434,アルファＣｏ,スタンダード,standard,金属製品,建設・資材
20260331,3435,サンコーテクノ,スタンダード,standard,金属製品,建設・資材
20260331,3436,ＳＵＭＣＯ,プライム,prime,金属製品,建設・資材
20260331,3437,特殊電極,スタンダード,standard,金属製品,建設・資材
20260331,3439,三ツ知,スタンダード,standard,金属製品,建設・資材
20260331,343A,ＩＡＣＥトラベル,スタンダード,standard,サービス業,情報通信・サービスその他
20260331,3440,日創グループ,スタンダード,standard,金属製品,建設・資材
20260331,3441,山王,スタンダード,standard,金属製品,建設・資材
20260331,3443,川田テクノロジーズ,プライム,prime,金属製品,建設・資材
20260331,3444,菊池製作所,スタンダード,standard,金属製品,建設・資材
20260331,3445,ＲＳ　Ｔｅｃｈｎｏｌｏｇｉｅｓ,プライム,prime,金属製品,建設・資材
20260331,3446,ジェイテックコーポレーション,スタンダード,standard,金属製品,建設・資材
20260331,3447,信和,スタンダード,standard,金属製品,建設・資材
20260331,3449,テクノフレックス,スタンダード,standard,金属製品,建設・資材
20260331,3452,ビーロット,スタンダード,standard,不動産業,不動産
20260331,3454,ファーストブラザーズ,スタンダード,standard,不動産業,不動産
20260331,3457,Ａｎｄ　Ｄｏホールディングス,プライム,prime,不動産業,不動産
20260331,3461,パルマ,スタンダード,standard,不動産業,不動産
20260331,3465,ケイアイスター不動産,プライム,prime,不動産業,不動産
20260331,3467,アグレ都市デザイン,スタンダード,standard,不動産業,不動産
20260331,3469,デュアルタップ,スタンダード,standard,不動産業,不動産
20260331,3474,Ｇ－ＦＡＣＴＯＲＹ,グロース,growth,不動産業,不動産
20260331,3475,グッドコムアセット,プライム,prime,不動産業,不動産
20260331,3477,フォーライフ,グロース,growth,不動産業,不動産
20260331,3479,ティーケーピー,グロース,growth,不動産業,不動産
20260331,3480,ジェイ・エス・ビー,プライム,prime,不動産業,不動産
20260331,3482,ロードスターキャピタル,プライム,prime,不動産業,不動産
20260331,3484,イノベーションホールディングス,スタンダード,standard,不動産業,不動産
20260331,3486,グローバル・リンク・マネジメント,プライム,prime,不動産業,不動産
20260331,3489,フェイスネットワーク,スタンダード,standard,不動産業,不動産
20260331,3490,アズ企画設計,スタンダード,standard,不動産業,不動産
20260331,3491,ＧＡ　ｔｅｃｈｎｏｌｏｇｉｅｓ,グロース,growth,不動産業,不動産
20260331,3494,マリオン,スタンダード,standard,不動産業,不動産
20260331,3495,香陵住販,スタンダード,standard,不動産業,不動産
20260331,3496,アズーム,プライム,prime,不動産業,不動産
20260331,3498,霞ヶ関キャピタル,プライム,prime,不動産業,不動産
20260331,3501,ＳＵＭＩＮＯＥ,プライム,prime,繊維製品,素材・化学
20260331,350A,デジタルグリッド,グロース,growth,電気・ガス業,電力・ガス
20260331,3512,日本フエルト,スタンダード,standard,繊維製品,素材・化学
20260331,3513,イチカワ,スタンダード,standard,繊維製品,素材・化学
20260331,3521,テルマー湯ホールディングス,スタンダード,standard,サービス業,情報通信・サービスその他
20260331,3524,日東製網,スタンダード,standard,繊維製品,素材・化学
20260331,3529,アツギ,スタンダード,standard,繊維製品,素材・化学
20260331,352A,ＬＯＩＶＥ,グロース,growth,サービス業,情報通信・サービスその他
20260331,3536,アクサスホールディングス,スタンダード,standard,小売業,小売
20260331,3537,昭栄薬品,スタンダード,standard,卸売業,商社・卸売
20260331,3538,ウイルプラスホールディングス,スタンダード,standard,小売業,小売
20260331,3539,ＪＭホールディングス,プライム,prime,小売業,小売
20260331,3541,農業総合研究所,グロース,growth,卸売業,商社・卸売
20260331,3542,ベガコーポレーション,グロース,growth,小売業,小売
20260331,3543,コメダホールディングス,プライム,prime,卸売業,商社・卸売
20260331,3544,サツドラホールディングス,スタンダード,standard,小売業,小売
20260331,3546,アレンザホールディングス,プライム,prime,小売業,小売
20260331,3547,ユニシアホールディングス,スタンダード,standard,小売業,小売
20260331,3548,バロックジャパンリミテッド,プライム,prime,小売業,小売
20260331,3549,クスリのアオキホールディングス,プライム,prime,小売業,小売
20260331,3550,スタジオアタオ,グロース,growth,小売業,小売
20260331,3551,ダイニック,スタンダード,standard,繊維製品,素材・化学
20260331,3553,共和レザー,スタンダード,standard,化学,素材・化学
20260331,3556,リネットジャパングループ,グロース,growth,小売業,小売
20260331,3557,ユナイテッド＆コレクティブ,グロース,growth,小売業,小売
20260331,3558,ジェイドグループ,グロース,growth,小売業,小売
20260331,3559,ピーバンドットコム,スタンダード,standard,卸売業,商社・卸売
20260331,3560,ほぼ日,スタンダード,standard,小売業,小売
20260331,3561,力の源ホールディングス,プライム,prime,小売業,小売
20260331,3562,Ｎｏ．１,スタンダード,standard,卸売業,商社・卸売
20260331,3563,ＦＯＯＤ　＆　ＬＩＦＥ　ＣＯＭＰＡＮＩＥＳ,プライム,prime,小売業,小売
20260331,3565,アセンテック,スタンダード,standard,卸売業,商社・卸売
20260331,3566,ユニフォームネクスト,グロース,growth,小売業,小売
20260331,3569,セーレン,プライム,prime,繊維製品,素材・化学
20260331,3571,ソトー,スタンダード,standard,繊維製品,素材・化学
20260331,3577,東海染工,スタンダード,standard,繊維製品,素材・化学
20260331,3580,小松マテーレ,プライム,prime,繊維製品,素材・化学
20260331,3583,オーベクス,スタンダード,standard,繊維製品,素材・化学
20260331,3591,ワコールホールディングス,プライム,prime,繊維製品,素材・化学
20260331,3593,ホギメディカル,プライム,prime,繊維製品,素材・化学
20260331,3597,自重堂,スタンダード,standard,繊維製品,素材・化学
20260331,3598,山喜,スタンダード,standard,繊維製品,素材・化学
20260331,3600,フジックス,スタンダード,standard,繊維製品,素材・化学
20260331,3607,クラウディアホールディングス,スタンダード,standard,繊維製品,素材・化学
20260331,3608,ＴＳＩホールディングス,プライム,prime,繊維製品,素材・化学
20260331,3611,マツオカコーポレーション,スタンダード,standard,繊維製品,素材・化学
20260331,3612,ワールド,プライム,prime,繊維製品,素材・化学
20260331,3622,ネットイヤーグループ,グロース,growth,情報・通信業,情報通信・サービスその他
20260331,3623,ビリングシステム,グロース,growth,情報・通信業,情報通信・サービスその他
20260331,3624,アクセルマーク,グロース,growth,情報・通信業,情報通信・サービスその他
20260331,3625,テックファームホールディングス,グロース,growth,情報・通信業,情報通信・サービスその他
20260331,3626,ＴＩＳ,プライム,prime,情報・通信業,情報通信・サービスその他
20260331,3627,テクミラホールディングス,スタンダード,standard,情報・通信業,情報通信・サービスその他
20260331,3628,データホライゾン,グロース,growth,情報・通信業,情報通信・サービスその他
20260331,3632,グリーホールディングス,プライム,prime,情報・通信業,情報通信・サービスその他
20260331,3633,ＧＭＯペパボ,スタンダード,standard,情報・通信業,情報通信・サービスその他
20260331,3634,ソケッツ,スタンダード,standard,情報・通信業,情報通信・サービスその他
20260331,3635,コーエーテクモホールディングス,プライム,prime,情報・通信業,情報通信・サービスその他
20260331,3636,三菱総合研究所,プライム,prime,情報・通信業,情報通信・サービスその他
20260331,3639,ボルテージ,スタンダード,standard,情報・通信業,情報通信・サービスその他
20260331,3640,電算,スタンダード,standard,情報・通信業,情報通信・サービスその他
20260331,3641,パピレス,スタンダード,standard,情報・通信業,情報通信・サービスその他
20260331,3645,メディカルネット,グロース,growth,情報・通信業,情報通信・サービスその他
20260331,3646,駅探,グロース,growth,情報・通信業,情報通信・サービスその他
20260331,3647,アスリナ,スタンダード,standard,情報・通信業,情報通信・サービスその他
20260331,3648,ＡＧＳ,スタンダード,standard,情報・通信業,情報通信・サービスその他
20260331,3649,ファインデックス,プライム,prime,情報・通信業,情報通信・サービスその他
20260331,3652,ディジタルメディアプロフェッショナル,グロース,growth,情報・通信業,情報通信・サービスその他
20260331,3653,モルフォ,グロース,growth,情報・通信業,情報通信・サービスその他
20260331,3656,ＫＬａｂ,プライム,prime,情報・通信業,情報通信・サービスその他
20260331,3657,ポールトゥウィンホールディングス,プライム,prime,情報・通信業,情報通信・サービスその他
20260331,3659,ネクソン,プライム,prime,情報・通信業,情報通信・サービスその他
20260331,365A,伊澤タオル,スタンダード,standard,繊維製品,素材・化学
20260331,3660,アイスタイル,プライム,prime,情報・通信業,情報通信・サービスその他
20260331,3661,エムアップホールディングス,プライム,prime,情報・通信業,情報通信・サービスその他
20260331,3662,エイチームホールディングス,プライム,prime,情報・通信業,情報通信・サービスその他
20260331,3663,セルシス,プライム,prime,情報・通信業,情報通信・サービスその他
20260331,3664,モブキャストホールディングス,グロース,growth,情報・通信業,情報通信・サービスその他
20260331,3665,エニグモ,プライム,prime,情報・通信業,情報通信・サービスその他
20260331,3667,ｅｎｉｓｈ,スタンダード,standard,情報・通信業,情報通信・サービスその他
20260331,3668,コロプラ,プライム,prime,情報・通信業,情報通信・サービスその他
20260331,366A,ウェルネス・コミュニケーションズ,グロース,growth,サービス業,情報通信・サービスその他
20260331,3670,協立情報通信,スタンダード,standard,情報・通信業,情報通信・サービスその他
20260331,3671,ソフトマックス,スタンダード,standard,情報・通信業,情報通信・サービスその他
20260331,3672,オルトプラス,スタンダード,standard,情報・通信業,情報通信・サービスその他
20260331,3673,ブロードリーフ,プライム,prime,情報・通信業,情報通信・サービスその他
20260331,3674,オークファン,グロース,growth,情報・通信業,情報通信・サービスその他
20260331,3675,クロス・マーケティンググループ,スタンダード,standard,情報・通信業,情報通信・サービスその他
20260331,3676,デジタルハーツホールディングス,プライム,prime,情報・通信業,情報通信・サービスその他
20260331,3678,メディアドゥ,プライム,prime,情報・通信業,情報通信・サービスその他
20260331,3679,じげん,プライム,prime,情報・通信業,情報通信・サービスその他
20260331,367A,プリモグローバルホールディングス,スタンダード,standard,小売業,小売
20260331,3680,ホットリンク,グロース,growth,情報・通信業,情報通信・サービスその他
20260331,3681,ブイキューブ,プライム,prime,情報・通信業,情報通信・サービスその他
20260331,3682,エンカレッジ・テクノロジ,スタンダード,standard,情報・通信業,情報通信・サービスその他
20260331,3683,サイバーリンクス,スタンダード,standard,情報・通信業,情報通信・サービスその他
20260331,3686,ディー・エル・イー,スタンダード,standard,情報・通信業,情報通信・サービスその他
20260331,3687,フィックスターズ,プライム,prime,情報・通信業,情報通信・サービスその他
20260331,368A,北里コーポレーション,プライム,prime,精密機器,電機・精密
20260331,3690,イルグルム,スタンダード,standard,情報・通信業,情報通信・サービスその他
20260331,3691,デジタルプラス,グロース,growth,情報・通信業,情報通信・サービスその他
20260331,3692,ＦＦＲＩセキュリティ,グロース,growth,情報・通信業,情報通信・サービスその他
20260331,3694,オプティム,プライム,prime,情報・通信業,情報通信・サービスその他
20260331,3695,ＧＭＯプロダクトプラットフォーム,グロース,growth,情報・通信業,情報通信・サービスその他
20260331,3696,セレス,プライム,prime,情報・通信業,情報通信・サービスその他
20260331,3697,ＳＨＩＦＴ,プライム,prime,情報・通信業,情報通信・サービスその他
20260331,3698,ＣＲＩ・ミドルウェア,スタンダード,standard,情報・通信業,情報通信・サービスその他
20260331,369A,エータイ,グロース,growth,サービス業,情報通信・サービスその他
20260331,3708,特種東海製紙,プライム,prime,パルプ・紙,素材・化学
20260331,3710,ジョルダン,スタンダード,standard,情報・通信業,情報通信・サービスその他
20260331,3712,情報企画,スタンダード,standard,情報・通信業,情報通信・サービスその他
20260331,3719,ＡＩストーム,スタンダード,standard,情報・通信業,情報通信・サービスその他
20260331,3723,日本ファルコム,グロース,growth,情報・通信業,情報通信・サービスその他
20260331,3726,フォーシーズＨＤ,スタンダード,standard,小売業,小売
20260331,3727,アプリックス,グロース,growth,情報・通信業,情報通信・サービスその他
20260331,372A,レント,スタンダード,standard,サービス業,情報通信・サービスその他
20260331,3733,ソフトウェア・サービス,スタンダード,standard,情報・通信業,情報通信・サービスその他
20260331,373A,リップス,グロース,growth,化学,素材・化学
20260331,3741,セック,プライム,prime,情報・通信業,情報通信・サービスその他
20260331,3744,サイオス,スタンダード,standard,情報・通信業,情報通信・サービスその他
20260331,3747,インタートレード,スタンダード,standard,情報・通信業,情報通信・サービスその他
20260331,3750,ＡＤＲ１２０Ｓ,スタンダード,standard,情報・通信業,情報通信・サービスその他
20260331,3753,フライトソリューションズ,スタンダード,standard,情報・通信業,情報通信・サービスその他
20260331,3758,アエリア,スタンダード,standard,情報・通信業,情報通信・サービスその他
20260331,3760,ケイブ,スタンダード,standard,情報・通信業,情報通信・サービスその他
20260331,3762,テクマトリックス,プライム,prime,情報・通信業,情報通信・サービスその他
20260331,3763,プロシップ,プライム,prime,情報・通信業,情報通信・サービスその他
20260331,3765,ガンホー・オンライン・エンターテイメント,プライム,prime,情報・通信業,情報通信・サービスその他
20260331,3766,システムズ・デザイン,スタンダード,standard,情報・通信業,情報通信・サービスその他
20260331,3768,リスクモンスター,スタンダード,standard,情報・通信業,情報通信・サービスその他
20260331,3769,ＧＭＯペイメントゲートウェイ,プライム,prime,情報・通信業,情報通信・サービスその他
20260331,3771,システムリサーチ,プライム,prime,情報・通信業,情報通信・サービスその他
20260331,3772,ウェルス・マネジメント,スタンダード,standard,不動産業,不動産
20260331,3773,アドバンスト・メディア,グロース,growth,情報・通信業,情報通信・サービスその他
20260331,3774,インターネットイニシアティブ,プライム,prime,情報・通信業,情報通信・サービスその他
20260331,3776,ブロードバンドタワー,スタンダード,standard,情報・通信業,情報通信・サービスその他
20260331,3777,環境フレンドリーホールディングス,グロース,growth,情報・通信業,情報通信・サービスその他
20260331,3778,さくらインターネット,プライム,prime,情報・通信業,情報通信・サービスその他
20260331,3779,ジェイ・エスコムホールディングス,スタンダード,standard,情報・通信業,情報通信・サービスその他
20260331,3787,テクノマセマティカル,スタンダード,standard,情報・通信業,情報通信・サービスその他
20260331,3788,ＧＭＯグローバルサイン・ホールディングス,プライム,prime,情報・通信業,情報通信・サービスその他
20260331,378A,ヒット,グロース,growth,サービス業,情報通信・サービスその他
20260331,3791,ＩＧポート,スタンダード,standard,情報・通信業,情報通信・サービスその他
20260331,3793,ドリコム,グロース,growth,情報・通信業,情報通信・サービスその他
20260331,3796,いい生活,スタンダード,standard,情報・通信業,情報通信・サービスその他
20260331,3798,ＵＬＳグループ,スタンダード,standard,情報・通信業,情報通信・サービスその他
20260331,3799,キーウェアソリューションズ,スタンダード,standard,情報・通信業,情報通信・サービスその他
20260331,3800,ユニリタ,スタンダード,standard,情報・通信業,情報通信・サービスその他
20260331,3802,エコミック,スタンダード,standard,情報・通信業,情報通信・サービスその他
20260331,3803,イメージ情報開発,グロース,growth,情報・通信業,情報通信・サービスその他
20260331,3804,システム　ディ,スタンダード,standard,情報・通信業,情報通信・サービスその他
20260331,3807,フィスコ,グロース,growth,情報・通信業,情報通信・サービスその他
20260331,3810,サイバーステップホールディングス,スタンダード,standard,情報・通信業,情報通信・サービスその他
20260331,3815,メディア工房,グロース,growth,情報・通信業,情報通信・サービスその他
20260331,3816,大和コンピューター,スタンダード,standard,情報・通信業,情報通信・サービスその他
20260331,3817,ＳＲＡホールディングス,プライム,prime,情報・通信業,情報通信・サービスその他
20260331,3823,ＴＨＥ　ＷＨＹ　ＨＯＷ　ＤＯ　ＣＯＭＰＡＮＹ,スタンダード,standard,情報・通信業,情報通信・サービスその他
20260331,3825,リミックスポイント,スタンダード,standard,小売業,小売
20260331,3826,システムインテグレータ,スタンダード,standard,情報・通信業,情報通信・サービスその他
20260331,3834,朝日ネット,プライム,prime,情報・通信業,情報通信・サービスその他
20260331,3835,ｅＢＡＳＥ,プライム,prime,情報・通信業,情報通信・サービスその他
20260331,3836,アバントグループ,プライム,prime,情報・通信業,情報通信・サービスその他
20260331,3837,アドソル日進,プライム,prime,情報・通信業,情報通信・サービスその他
20260331,3839,ＯＤＫソリューションズ,スタンダード,standard,情報・通信業,情報通信・サービスその他
20260331,3840,パス,スタンダード,standard,情報・通信業,情報通信・サービスその他
20260331,3841,ジーダット,スタンダード,standard,情報・通信業,情報通信・サービスその他
20260331,3842,ネクストジェン,スタンダード,standard,情報・通信業,情報通信・サービスその他
20260331,3843,フリービット,プライム,prime,情報・通信業,情報通信・サービスその他
20260331,3844,コムチュア,プライム,prime,情報・通信業,情報通信・サービスその他
20260331,3845,アイフリークモバイル,スタンダード,standard,情報・通信業,情報通信・サービスその他
20260331,3848,データ・アプリケーション,スタンダード,standard,情報・通信業,情報通信・サービスその他
20260331,3850,エヌ・ティ・ティ・データ・イントラマート,スタンダード,standard,情報・通信業,情報通信・サービスその他
20260331,3851,日本一ソフトウェア,スタンダード,standard,情報・通信業,情報通信・サービスその他
20260331,3853,アステリア,プライム,prime,情報・通信業,情報通信・サービスその他
20260331,3854,アイル,プライム,prime,情報・通信業,情報通信・サービスその他
20260331,3856,Ａｂａｌａｎｃｅ,スタンダード,standard,電気機器,電機・精密
20260331,3858,ユビキタスＡＩ,スタンダード,standard,情報・通信業,情報通信・サービスその他
20260331,3861,王子ホールディングス,プライム,prime,パルプ・紙,素材・化学
20260331,3863,日本製紙,プライム,prime,パルプ・紙,素材・化学
20260331,3864,三菱製紙,プライム,prime,パルプ・紙,素材・化学
20260331,3865,北越コーポレーション,プライム,prime,パルプ・紙,素材・化学
20260331,386A,みのや,スタンダード,standard,小売業,小売
20260331,3877,中越パルプ工業,プライム,prime,パルプ・紙,素材・化学
20260331,3878,巴川コーポレーション,スタンダード,standard,化学,素材・化学
20260331,387A,フラー,グロース,growth,情報・通信業,情報通信・サービスその他
20260331,3880,大王製紙,プライム,prime,パルプ・紙,素材・化学
20260331,3891,ニッポン高度紙工業,スタンダード,standard,パルプ・紙,素材・化学
20260331,3892,岡山製紙,スタンダード,standard,パルプ・紙,素材・化学
20260331,3895,ハビックス,スタンダード,standard,パルプ・紙,素材・化学
20260331,3896,阿波製紙,スタンダード,standard,パルプ・紙,素材・化学
20260331,3900,クラウドワークス,グロース,growth,情報・通信業,情報通信・サービスその他
20260331,3901,マークラインズ,プライム,prime,情報・通信業,情報通信・サービスその他
20260331,3902,メディカル・データ・ビジョン,プライム,prime,情報・通信業,情報通信・サービスその他
20260331,3903,ｇｕｍｉ,プライム,prime,情報・通信業,情報通信・サービスその他
20260331,3904,カヤック,グロース,growth,情報・通信業,情報通信・サービスその他
20260331,3905,データセクション,グロース,growth,情報・通信業,情報通信・サービスその他
20260331,3907,シリコンスタジオ,スタンダード,standard,情報・通信業,情報通信・サービスその他
20260331,3908,コラボス,グロース,growth,情報・通信業,情報通信・サービスその他
20260331,3909,ショーケース,スタンダード,standard,情報・通信業,情報通信・サービスその他
20260331,3910,エムケイシステム,スタンダード,standard,情報・通信業,情報通信・サービスその他
20260331,3911,Ａｉｍｉｎｇ,グロース,growth,情報・通信業,情報通信・サービスその他
20260331,3912,モバイルファクトリー,スタンダード,standard,情報・通信業,情報通信・サービスその他
20260331,3913,ＧｒｅｅｎＢｅｅ,スタンダード,standard,情報・通信業,情報通信・サービスその他
20260331,3914,ＪＩＧ－ＳＡＷ,グロース,growth,情報・通信業,情報通信・サービスその他
20260331,3915,テラスカイ,プライム,prime,情報・通信業,情報通信・サービスその他
20260331,3916,デジタル・インフォメーション・テクノロジー,プライム,prime,情報・通信業,情報通信・サービスその他
20260331,3917,アイリッジ,グロース,growth,情報・通信業,情報通信・サービスその他
20260331,3918,ＰＣＩホールディングス,スタンダード,standard,情報・通信業,情報通信・サービスその他
20260331,3920,アイビーシー,スタンダード,standard,情報・通信業,情報通信・サービスその他
20260331,3921,ネオジャパン,プライム,prime,情報・通信業,情報通信・サービスその他
20260331,3922,ＰＲ　ＴＩＭＥＳ,プライム,prime,情報・通信業,情報通信・サービスその他
20260331,3923,ラクス,プライム,prime,情報・通信業,情報通信・サービスその他
20260331,3925,ダブルスタンダード,プライム,prime,情報・通信業,情報通信・サービスその他
20260331,3926,オープンドア,スタンダード,standard,情報・通信業,情報通信・サービスその他
20260331,3927,フーバーブレイン,スタンダード,standard,情報・通信業,情報通信・サービスその他
20260331,3928,マイネット,スタンダード,standard,情報・通信業,情報通信・サービスその他
20260331,3929,ソーシャルワイヤー,グロース,growth,情報・通信業,情報通信・サービスその他
20260331,3930,はてな,グロース,growth,情報・通信業,情報通信・サービスその他
20260331,3931,バリューゴルフ,グロース,growth,情報・通信業,情報通信・サービスその他
20260331,3932,アカツキ,プライム,prime,情報・通信業,情報通信・サービスその他
20260331,3933,チエル,スタンダード,standard,情報・通信業,情報通信・サービスその他
20260331,3934,ベネフィットジャパン,スタンダード,standard,情報・通信業,情報通信・サービスその他
20260331,3935,エディア,スタンダード,standard,情報・通信業,情報通信・サービスその他
20260331,3936,グローバルウェイ,グロース,growth,情報・通信業,情報通信・サービスその他
20260331,3937,Ｕｂｉｃｏｍホールディングス,スタンダード,standard,情報・通信業,情報通信・サービスその他
20260331,3939,カナミックネットワーク,プライム,prime,情報・通信業,情報通信・サービスその他
20260331,3940,ノムラシステムコーポレーション,スタンダード,standard,情報・通信業,情報通信・サービスその他
20260331,3941,レンゴー,プライム,prime,パルプ・紙,素材・化学
20260331,3943,大石産業,スタンダード,standard,パルプ・紙,素材・化学
20260331,3944,古林紙工,スタンダード,standard,パルプ・紙,素材・化学
20260331,3945,スーパーバッグ,スタンダード,standard,パルプ・紙,素材・化学
20260331,3946,トーモク,プライム,prime,パルプ・紙,素材・化学
20260331,3947,ダイナパック,スタンダード,standard,パルプ・紙,素材・化学
20260331,3948,光ビジネスフォーム,スタンダード,standard,パルプ・紙,素材・化学
20260331,3950,ザ・パック,プライム,prime,パルプ・紙,素材・化学
20260331,3951,朝日印刷,スタンダード,standard,パルプ・紙,素材・化学
20260331,3953,大村紙業,スタンダード,standard,パルプ・紙,素材・化学
20260331,3954,昭和パックス,スタンダード,standard,パルプ・紙,素材・化学
20260331,3955,イムラ,スタンダード,standard,パルプ・紙,素材・化学
20260331,3958,笹徳印刷,スタンダード,standard,パルプ・紙,素材・化学
20260331,3962,チェンジホールディングス,プライム,prime,情報・通信業,情報通信・サービスその他
20260331,3963,シンクロ・フード,プライム,prime,情報・通信業,情報通信・サービスその他
20260331,3964,オークネット,プライム,prime,情報・通信業,情報通信・サービスその他
20260331,3965,キャピタル・アセット・プランニング,スタンダード,standard,情報・通信業,情報通信・サービスその他
20260331,3967,エルテス,グロース,growth,情報・通信業,情報通信・サービスその他
20260331,3968,セグエグループ,プライム,prime,情報・通信業,情報通信・サービスその他
20260331,3969,エイトレッド,スタンダード,standard,情報・通信業,情報通信・サービスその他
20260331,3970,イノベーション,グロース,growth,情報・通信業,情報通信・サービスその他
20260331,3974,ＳＣＡＴ,スタンダード,standard,情報・通信業,情報通信・サービスその他
20260331,3976,シャノン,グロース,growth,情報・通信業,情報通信・サービスその他
20260331,3979,うるる,グロース,growth,情報・通信業,情報通信・サービスその他
20260331,3981,ビーグリー,スタンダード,standard,情報・通信業,情報通信・サービスその他
20260331,3983,オロ,プライム,prime,情報・通信業,情報通信・サービスその他
20260331,3984,ユーザーローカル,プライム,prime,情報・通信業,情報通信・サービスその他
20260331,3985,テモナ,スタンダード,standard,情報・通信業,情報通信・サービスその他
20260331,3986,ビーブレイクシステムズ,スタンダード,standard,情報・通信業,情報通信・サービスその他
20260331,3987,エコモット,グロース,growth,情報・通信業,情報通信・サービスその他
20260331,3988,ＳＹＳホールディングス,スタンダード,standard,情報・通信業,情報通信・サービスその他
20260331,3989,シェアリングテクノロジー,グロース,growth,情報・通信業,情報通信・サービスその他
20260331,3991,ウォンテッドリー,グロース,growth,情報・通信業,情報通信・サービスその他
20260331,3992,ニーズウェル,プライム,prime,情報・通信業,情報通信・サービスその他
20260331,3993,ＰＫＳＨＡ　Ｔｅｃｈｎｏｌｏｇｙ,プライム,prime,情報・通信業,情報通信・サービスその他
20260331,3994,マネーフォワード,プライム,prime,情報・通信業,情報通信・サービスその他
20260331,3996,サインポスト,スタンダード,standard,情報・通信業,情報通信・サービスその他
20260331,3997,トレードワークス,スタンダード,standard,情報・通信業,情報通信・サービスその他
20260331,3998,すららネット,グロース,growth,情報・通信業,情報通信・サービスその他
20260331,4004,レゾナック・ホールディングス,プライム,prime,化学,素材・化学
20260331,4005,住友化学,プライム,prime,化学,素材・化学
20260331,4008,住友精化,プライム,prime,化学,素材・化学
20260331,4011,ヘッドウォータース,グロース,growth,情報・通信業,情報通信・サービスその他
20260331,4012,アクシス,スタンダード,standard,情報・通信業,情報通信・サービスその他
20260331,4013,勤次郎,グロース,growth,情報・通信業,情報通信・サービスその他
20260331,4014,カラダノート,グロース,growth,情報・通信業,情報通信・サービスその他
20260331,4015,ペイクラウドホールディングス,グロース,growth,情報・通信業,情報通信・サービスその他
20260331,4016,ＭＩＴホールディングス,スタンダード,standard,情報・通信業,情報通信・サービスその他
20260331,4017,クリーマ,グロース,growth,情報・通信業,情報通信・サービスその他
20260331,4019,スタメン,グロース,growth,情報・通信業,情報通信・サービスその他
20260331,4020,ビートレンド,グロース,growth,情報・通信業,情報通信・サービスその他
20260331,4021,日産化学,プライム,prime,化学,素材・化学
20260331,4022,ラサ工業,プライム,prime,化学,素材・化学
20260331,4023,クレハ,プライム,prime,化学,素材・化学
20260331,4025,多木化学,プライム,prime,化学,素材・化学
20260331,4026,神島化学工業,スタンダード,standard,ガラス・土石製品,建設・資材
20260331,4027,テイカ,プライム,prime,化学,素材・化学
20260331,4028,石原産業,プライム,prime,化学,素材・化学
20260331,402A,アクセルスペースホールディングス,グロース,growth,輸送用機器,自動車・輸送機
20260331,4031,片倉コープアグリ,スタンダード,standard,化学,素材・化学
20260331,4040,南海化学,スタンダード,standard,化学,素材・化学
20260331,4041,日本曹達,プライム,prime,化学,素材・化学
20260331,4042,東ソー,プライム,prime,化学,素材・化学
20260331,4043,トクヤマ,プライム,prime,化学,素材・化学
20260331,4044,セントラル硝子,プライム,prime,化学,素材・化学
20260331,4045,東亞合成,プライム,prime,化学,素材・化学
20260331,4046,大阪ソーダ,プライム,prime,化学,素材・化学
20260331,4047,関東電化工業,プライム,prime,化学,素材・化学
20260331,4051,ＧＭＯフィナンシャルゲート,プライム,prime,情報・通信業,情報通信・サービスその他
20260331,4052,フィーチャ,グロース,growth,情報・通信業,情報通信・サービスその他
20260331,4053,Ｓｕｎ　Ａｓｔｅｒｉｓｋ,プライム,prime,情報・通信業,情報通信・サービスその他
20260331,4054,日本情報クリエイト,グロース,growth,情報・通信業,情報通信・サービスその他
20260331,4055,ティアンドエスグループ,グロース,growth,情報・通信業,情報通信・サービスその他
20260331,4056,ニューラルグループ,グロース,growth,情報・通信業,情報通信・サービスその他
20260331,4057,インターファクトリー,グロース,growth,情報・通信業,情報通信・サービスその他
20260331,4058,トヨクモ,グロース,growth,情報・通信業,情報通信・サービスその他
20260331,4059,まぐまぐ,スタンダード,standard,情報・通信業,情報通信・サービスその他
20260331,4060,ｒａｋｕｍｏ,グロース,growth,情報・通信業,情報通信・サービスその他
20260331,4061,デンカ,プライム,prime,化学,素材・化学
20260331,4062,イビデン,プライム,prime,電気機器,電機・精密
20260331,4063,信越化学工業,プライム,prime,化学,素材・化学
20260331,4064,日本カーバイド工業,プライム,prime,化学,素材・化学
20260331,4068,ベイシス,グロース,growth,情報・通信業,情報通信・サービスその他
20260331,4069,ＢｌｕｅＭｅｍｅ,グロース,growth,情報・通信業,情報通信・サービスその他
20260331,4071,プラスアルファ・コンサルティング,プライム,prime,情報・通信業,情報通信・サービスその他
20260331,4072,電算システムホールディングス,プライム,prime,情報・通信業,情報通信・サービスその他
20260331,4073,ジィ・シィ企画,グロース,growth,情報・通信業,情報通信・サービスその他
20260331,4074,ラキール,グロース,growth,情報・通信業,情報通信・サービスその他
20260331,4075,ブレインズテクノロジー,グロース,growth,情報・通信業,情報通信・サービスその他
20260331,4076,シイエヌエス,グロース,growth,情報・通信業,情報通信・サービスその他
20260331,4078,堺化学工業,プライム,prime,化学,素材・化学
20260331,407A,ＵＮＩＣＯＮホールディングス,スタンダード,standard,建設業,建設・資材
20260331,4082,第一稀元素化学工業,プライム,prime,化学,素材・化学
20260331,4088,エア・ウォーター,プライム,prime,化学,素材・化学
20260331,4091,日本酸素ホールディングス,プライム,prime,化学,素材・化学
20260331,4092,日本化学工業,プライム,prime,化学,素材・化学
20260331,4093,東邦アセチレン,スタンダード,standard,化学,素材・化学
20260331,4094,日本化学産業,スタンダード,standard,化学,素材・化学
20260331,4095,日本パーカライジング,プライム,prime,化学,素材・化学
20260331,4097,高圧ガス工業,プライム,prime,化学,素材・化学
20260331,4098,チタン工業,スタンダード,standard,化学,素材・化学
20260331,4099,四国化成ホールディングス,プライム,prime,化学,素材・化学
20260331,409A,オリオンビール,プライム,prime,食料品,食品
20260331,4100,戸田工業,スタンダード,standard,化学,素材・化学
20260331,4102,丸尾カルシウム,スタンダード,standard,化学,素材・化学
20260331,4107,伊勢化学工業,スタンダード,standard,化学,素材・化学
20260331,4109,ステラ　ケミファ,プライム,prime,化学,素材・化学
20260331,410A,ＧＭＯコマース,グロース,growth,サービス業,情報通信・サービスその他
20260331,4112,保土谷化学工業,プライム,prime,化学,素材・化学
20260331,4113,田岡化学工業,スタンダード,standard,化学,素材・化学
20260331,4114,日本触媒,プライム,prime,化学,素材・化学
20260331,4116,大日精化工業,プライム,prime,化学,素材・化学
20260331,4118,カネカ,プライム,prime,化学,素材・化学
20260331,4119,日本ピグメントホールディングス,スタンダード,standard,化学,素材・化学
20260331,4120,スガイ化学工業,スタンダード,standard,化学,素材・化学
20260331,4124,大阪油化工業,スタンダード,standard,化学,素材・化学
20260331,4125,三和油化工業,スタンダード,standard,化学,素材・化学
20260331,414A,オーバーラップホールディングス,グロース,growth,情報・通信業,情報通信・サービスその他
20260331,4151,協和キリン,プライム,prime,医薬品,医薬品
20260331,415A,ＧＭＯ　ＴＥＣＨホールディングス,グロース,growth,サービス業,情報通信・サービスその他
20260331,4165,プレイド,グロース,growth,情報・通信業,情報通信・サービスその他
20260331,4166,かっこ,グロース,growth,情報・通信業,情報通信・サービスその他
20260331,4167,ココペリ,グロース,growth,情報・通信業,情報通信・サービスその他
20260331,4168,ヤプリ,グロース,growth,情報・通信業,情報通信・サービスその他
20260331,4169,ＥＮＥＣＨＡＮＧＥ,グロース,growth,情報・通信業,情報通信・サービスその他
20260331,416A,富士ユナイトホールディングス,スタンダード,standard,卸売業,商社・卸売
20260331,4170,Ｋａｉｚｅｎ　Ｐｌａｔｆｏｒｍ,グロース,growth,情報・通信業,情報通信・サービスその他
20260331,4171,グローバルインフォメーション,スタンダード,standard,情報・通信業,情報通信・サービスその他
20260331,4172,Ｈｉクラテス,スタンダード,standard,情報・通信業,情報通信・サービスその他
20260331,4174,アピリッツ,スタンダード,standard,情報・通信業,情報通信・サービスその他
20260331,4175,ｃｏｌｙ,グロース,growth,情報・通信業,情報通信・サービスその他
20260331,4176,ココナラ,グロース,growth,情報・通信業,情報通信・サービスその他
20260331,4177,ｉ‐ｐｌｕｇ,グロース,growth,情報・通信業,情報通信・サービスその他
20260331,4178,Ｓｈａｒｉｎｇ　Ｉｎｎｏｖａｔｉｏｎｓ,グロース,growth,情報・通信業,情報通信・サービスその他
20260331,4179,ジーネクスト,グロース,growth,情報・通信業,情報通信・サービスその他
20260331,417A,ブルーゾーンホールディングス,プライム,prime,小売業,小売
20260331,4180,Ａｐｐｉｅｒ　Ｇｒｏｕｐ,プライム,prime,情報・通信業,情報通信・サービスその他
20260331,4182,三菱瓦斯化学,プライム,prime,化学,素材・化学
20260331,4183,三井化学,プライム,prime,化学,素材・化学
20260331,4186,東京応化工業,プライム,prime,化学,素材・化学
20260331,4187,大阪有機化学工業,プライム,prime,化学,素材・化学
20260331,4188,三菱ケミカルグループ,プライム,prime,化学,素材・化学
20260331,4189,ＫＨネオケム,プライム,prime,化学,素材・化学
20260331,4192,スパイダープラス,グロース,growth,情報・通信業,情報通信・サービスその他
20260331,4193,ファブリカホールディングス,スタンダード,standard,情報・通信業,情報通信・サービスその他
20260331,4194,ビジョナル,プライム,prime,情報・通信業,情報通信・サービスその他
20260331,4196,ネオマーケティング,スタンダード,standard,情報・通信業,情報通信・サービスその他
20260331,4197,アスマーク,スタンダード,standard,情報・通信業,情報通信・サービスその他
20260331,4198,テンダ,スタンダード,standard,情報・通信業,情報通信・サービスその他
20260331,4199,ワンダープラネット,グロース,growth,情報・通信業,情報通信・サービスその他
20260331,4202,ダイセル,プライム,prime,化学,素材・化学
20260331,4203,住友ベークライト,プライム,prime,化学,素材・化学
20260331,4204,積水化学工業,プライム,prime,化学,素材・化学
20260331,4205,日本ゼオン,プライム,prime,化学,素材・化学
20260331,4206,アイカ工業,プライム,prime,化学,素材・化学
20260331,4208,ＵＢＥ,プライム,prime,化学,素材・化学
20260331,4212,積水樹脂,プライム,prime,化学,素材・化学
20260331,4216,旭有機材,プライム,prime,化学,素材・化学
20260331,4218,ニチバン,プライム,prime,化学,素材・化学
20260331,421A,ムービン・ストラテジック・キャリア,グロース,growth,サービス業,情報通信・サービスその他
20260331,4220,リケンテクノス,プライム,prime,化学,素材・化学
20260331,4221,大倉工業,プライム,prime,化学,素材・化学
20260331,4222,児玉化学工業,スタンダード,standard,化学,素材・化学
20260331,4224,ロンシール工業,スタンダード,standard,化学,素材・化学
20260331,4228,積水化成品工業,プライム,prime,化学,素材・化学
20260331,4229,群栄化学工業,プライム,prime,化学,素材・化学
20260331,4231,タイガースポリマー,スタンダード,standard,化学,素材・化学
20260331,4234,サンエー化研,スタンダード,standard,化学,素材・化学
20260331,4235,ウルトラファブリックス・ホールディングス,スタンダード,standard,化学,素材・化学
20260331,4237,フジプレアム,スタンダード,standard,化学,素材・化学
20260331,4238,ミライアル,スタンダード,standard,化学,素材・化学
20260331,423A,ライオン事務器,スタンダード,standard,卸売業,商社・卸売
20260331,4240,クラスターテクノロジー,スタンダード,standard,化学,素材・化学
20260331,4241,アテクト,スタンダード,standard,化学,素材・化学
20260331,4242,タカギセイコー,スタンダード,standard,化学,素材・化学
20260331,4243,ニックス,スタンダード,standard,化学,素材・化学
20260331,4245,ダイキアクシス,スタンダード,standard,化学,素材・化学
20260331,4246,ダイキョーニシカワ,プライム,prime,化学,素材・化学
20260331,4247,ポバール興業,スタンダード,standard,化学,素材・化学
20260331,4248,竹本容器,スタンダード,standard,化学,素材・化学
20260331,4249,森六,プライム,prime,化学,素材・化学
20260331,4251,恵和,プライム,prime,化学,素材・化学
20260331,4255,ＴＨＥＣＯＯ,グロース,growth,情報・通信業,情報通信・サービスその他
20260331,4256,サインド,グロース,growth,情報・通信業,情報通信・サービスその他
20260331,4258,網屋,グロース,growth,情報・通信業,情報通信・サービスその他
20260331,4259,エクサウィザーズ,グロース,growth,情報・通信業,情報通信・サービスその他
20260331,4260,ハイブリッドテクノロジーズ,グロース,growth,情報・通信業,情報通信・サービスその他
20260331,4261,アジアクエスト,グロース,growth,情報・通信業,情報通信・サービスその他
20260331,4262,ニフティライフスタイル,グロース,growth,情報・通信業,情報通信・サービスその他
20260331,4263,サスメド,グロース,growth,情報・通信業,情報通信・サービスその他
20260331,4264,セキュア,グロース,growth,情報・通信業,情報通信・サービスその他
20260331,4265,Ｉｎｓｔｉｔｕｔｉｏｎ　ｆｏｒ　ａ　Ｇｌｏｂａｌ　Ｓｏｃｉｅｔｙ,グロース,growth,情報・通信業,情報通信・サービスその他
20260331,4270,ＢｅｅＸ,グロース,growth,情報・通信業,情報通信・サービスその他
20260331,4272,日本化薬,プライム,prime,化学,素材・化学
20260331,4274,細谷火工,スタンダード,standard,化学,素材・化学
20260331,4275,カーリット,プライム,prime,化学,素材・化学
20260331,4284,ソルクシーズ,スタンダード,standard,情報・通信業,情報通信・サービスその他
20260331,4286,ＣＬホールディングス,スタンダード,standard,サービス業,情報通信・サービスその他
20260331,4287,ジャストプランニング,スタンダード,standard,情報・通信業,情報通信・サービスその他
20260331,4288,アズジェント,スタンダード,standard,情報・通信業,情報通信・サービスその他
20260331,428A,サイプレス・ホールディングス,スタンダード,standard,小売業,小売
20260331,4290,プレステージ・インターナショナル,プライム,prime,サービス業,情報通信・サービスその他
20260331,4293,セプテーニ・ホールディングス,スタンダード,standard,サービス業,情報通信・サービスその他
20260331,4299,ハイマックス,スタンダード,standard,情報・通信業,情報通信・サービスその他
20260331,429A,テクセンドフォトマスク,プライム,prime,その他製品,情報通信・サービスその他
20260331,4301,アミューズ,プライム,prime,サービス業,情報通信・サービスその他
20260331,4307,野村総合研究所,プライム,prime,情報・通信業,情報通信・サービスその他
20260331,4308,Ｊストリーム,グロース,growth,情報・通信業,情報通信・サービスその他
20260331,4310,ドリームインキュベータ,プライム,prime,サービス業,情報通信・サービスその他
20260331,4316,ビーマップ,グロース,growth,情報・通信業,情報通信・サービスその他
20260331,4317,レイ,スタンダード,standard,サービス業,情報通信・サービスその他
20260331,4318,クイック,プライム,prime,サービス業,情報通信・サービスその他
20260331,431A,ユーソナー,グロース,growth,情報・通信業,情報通信・サービスその他
20260331,4320,ＣＥホールディングス,スタンダード,standard,情報・通信業,情報通信・サービスその他
20260331,4323,日本システム技術,プライム,prime,情報・通信業,情報通信・サービスその他
20260331,4324,電通グループ,プライム,prime,サービス業,情報通信・サービスその他
20260331,4326,インテージホールディングス,プライム,prime,情報・通信業,情報通信・サービスその他
20260331,4331,テイクアンドギヴ・ニーズ,プライム,prime,サービス業,情報通信・サービスその他
20260331,4334,ユークス,スタンダード,standard,情報・通信業,情報通信・サービスその他
20260331,4335,ＩＰＳホールディングス,スタンダード,standard,情報・通信業,情報通信・サービスその他
20260331,4337,ぴあ,プライム,prime,サービス業,情報通信・サービスその他
20260331,4341,西菱電機,スタンダード,standard,サービス業,情報通信・サービスその他
20260331,4343,イオンファンタジー,プライム,prime,サービス業,情報通信・サービスその他
20260331,4344,ソースネクスト,プライム,prime,情報・通信業,情報通信・サービスその他
20260331,4345,シーティーエス,プライム,prime,サービス業,情報通信・サービスその他
20260331,4346,ＮＥＸＹＺ．Ｇｒｏｕｐ,スタンダード,standard,その他金融業,金融（除く銀行）
20260331,4347,ブロードメディア,スタンダード,standard,サービス業,情報通信・サービスその他
20260331,4350,メディカルシステムネットワーク,スタンダード,standard,小売業,小売
20260331,4351,山田再生系債権回収総合事務所,スタンダード,standard,その他金融業,金融（除く銀行）
20260331,4356,応用技術,スタンダード,standard,情報・通信業,情報通信・サービスその他
20260331,4360,マナック・ケミカル・パートナーズ,スタンダード,standard,化学,素材・化学
20260331,4361,川口化学工業,スタンダード,standard,化学,素材・化学
20260331,4362,日本精化,プライム,prime,化学,素材・化学
20260331,4365,松本油脂製薬,スタンダード,standard,化学,素材・化学
20260331,4366,ダイトーケミックス,スタンダード,standard,化学,素材・化学
20260331,4367,広栄化学,スタンダード,standard,化学,素材・化学
20260331,4368,扶桑化学工業,プライム,prime,化学,素材・化学
20260331,4369,トリケミカル研究所,プライム,prime,化学,素材・化学
20260331,436A,サイバーソリューションズ,グロース,growth,情報・通信業,情報通信・サービスその他
20260331,4370,モビルス,グロース,growth,情報・通信業,情報通信・サービスその他
20260331,4371,コアコンセプト・テクノロジー,グロース,growth,情報・通信業,情報通信・サービスその他
20260331,4372,ユミルリンク,グロース,growth,情報・通信業,情報通信・サービスその他
20260331,4373,シンプレクス・ホールディングス,プライム,prime,情報・通信業,情報通信・サービスその他
20260331,4374,ＲＯＢＯＴ　ＰＡＹＭＥＮＴ,グロース,growth,情報・通信業,情報通信・サービスその他
20260331,4375,セーフィー,グロース,growth,情報・通信業,情報通信・サービスその他
20260331,4376,くふうカンパニーホールディングス,グロース,growth,情報・通信業,情報通信・サービスその他
20260331,4377,ワンキャリア,グロース,growth,情報・通信業,情報通信・サービスその他
20260331,4378,ＣＩＮＣ,グロース,growth,情報・通信業,情報通信・サービスその他
20260331,4379,Ｐｈｏｔｏｓｙｎｔｈ,グロース,growth,情報・通信業,情報通信・サービスその他
20260331,4380,Ｍマート,グロース,growth,情報・通信業,情報通信・サービスその他
20260331,4381,ビープラッツ,グロース,growth,情報・通信業,情報通信・サービスその他
20260331,4382,ＨＥＲＯＺ,スタンダード,standard,情報・通信業,情報通信・サービスその他
20260331,4384,ラクスル,プライム,prime,情報・通信業,情報通信・サービスその他
20260331,4385,メルカリ,プライム,prime,情報・通信業,情報通信・サービスその他
20260331,4386,ＳＩＧグループ,スタンダード,standard,情報・通信業,情報通信・サービスその他
20260331,4387,ＺＵＵ,グロース,growth,情報・通信業,情報通信・サービスその他
20260331,4388,エーアイ,スタンダード,standard,情報・通信業,情報通信・サービスその他
20260331,4389,プロパティデータバンク,グロース,growth,情報・通信業,情報通信・サービスその他
20260331,438A,インフキュリオン,グロース,growth,情報・通信業,情報通信・サービスその他
20260331,4390,ＩＰＳ,プライム,prime,情報・通信業,情報通信・サービスその他
20260331,4391,ロジザード,グロース,growth,情報・通信業,情報通信・サービスその他
20260331,4392,ＦＩＧ,プライム,prime,情報・通信業,情報通信・サービスその他
20260331,4393,バンク・オブ・イノベーション,グロース,growth,情報・通信業,情報通信・サービスその他
20260331,4394,エクスモーション,グロース,growth,情報・通信業,情報通信・サービスその他
20260331,4395,アクリート,グロース,growth,情報・通信業,情報通信・サービスその他
20260331,4396,システムサポートホールディングス,プライム,prime,情報・通信業,情報通信・サービスその他
20260331,4397,チームスピリット,グロース,growth,情報・通信業,情報通信・サービスその他
20260331,4398,ブロードバンドセキュリティ,スタンダード,standard,情報・通信業,情報通信・サービスその他
20260331,4401,ＡＤＥＫＡ,プライム,prime,化学,素材・化学
20260331,4403,日油,プライム,prime,化学,素材・化学
20260331,4404,ミヨシ油脂,スタンダード,standard,食料品,食品
20260331,4406,新日本理化,スタンダード,standard,化学,素材・化学
20260331,4409,東邦化学工業,スタンダード,standard,化学,素材・化学
20260331,4410,ハリマ化成グループ,プライム,prime,化学,素材・化学
20260331,4412,サイエンスアーツ,グロース,growth,情報・通信業,情報通信・サービスその他
20260331,4413,ボードルア,プライム,prime,情報・通信業,情報通信・サービスその他
20260331,4414,フレクト,グロース,growth,情報・通信業,情報通信・サービスその他
20260331,4415,ブロードエンタープライズ,グロース,growth,情報・通信業,情報通信・サービスその他
20260331,4416,Ｔｒｕｅ　Ｄａｔａ,グロース,growth,情報・通信業,情報通信・サービスその他
20260331,4417,グローバルセキュリティエキスパート,グロース,growth,情報・通信業,情報通信・サービスその他
20260331,4418,ＪＤＳＣ,グロース,growth,情報・通信業,情報通信・サービスその他
20260331,4419,Ｆｉｎａｔｅｘｔホールディングス,グロース,growth,情報・通信業,情報通信・サービスその他
20260331,441A,ＮＥ,グロース,growth,情報・通信業,情報通信・サービスその他
20260331,4420,イーソル,スタンダード,standard,情報・通信業,情報通信・サービスその他
20260331,4421,ディ・アイ・システム,スタンダード,standard,情報・通信業,情報通信・サービスその他
20260331,4422,ＶＡＬＵＥＮＥＸ,グロース,growth,情報・通信業,情報通信・サービスその他
20260331,4424,Ａｍａｚｉａ,グロース,growth,情報・通信業,情報通信・サービスその他
20260331,4425,Ｋｕｄａｎ,グロース,growth,情報・通信業,情報通信・サービスその他
20260331,4427,ＥｄｕＬａｂ,グロース,growth,情報・通信業,情報通信・サービスその他
20260331,4428,シノプス,グロース,growth,情報・通信業,情報通信・サービスその他
20260331,4429,リックソフト,グロース,growth,情報・通信業,情報通信・サービスその他
20260331,442A,クラシコ,グロース,growth,繊維製品,素材・化学
20260331,4430,東海ソフト,スタンダード,standard,情報・通信業,情報通信・サービスその他
20260331,4431,スマレジ,グロース,growth,情報・通信業,情報通信・サービスその他
20260331,4432,ウイングアーク１ｓｔ,プライム,prime,情報・通信業,情報通信・サービスその他
20260331,4433,ヒト・コミュニケーションズ・ホールディングス,プライム,prime,情報・通信業,情報通信・サービスその他
20260331,4434,サーバーワークス,スタンダード,standard,情報・通信業,情報通信・サービスその他
20260331,4436,ミンカブ・ジ・インフォノイド,グロース,growth,情報・通信業,情報通信・サービスその他
20260331,4437,ｇｏｏｄｄａｙｓホールディングス,グロース,growth,情報・通信業,情報通信・サービスその他
20260331,4438,Ｗｅｌｂｙ,グロース,growth,情報・通信業,情報通信・サービスその他
20260331,4439,東名,スタンダード,standard,情報・通信業,情報通信・サービスその他
20260331,4440,ヴィッツ,スタンダード,standard,情報・通信業,情報通信・サービスその他
20260331,4441,トビラシステムズ,スタンダード,standard,情報・通信業,情報通信・サービスその他
20260331,4442,バルテス・ホールディングス,グロース,growth,情報・通信業,情報通信・サービスその他
20260331,4443,Ｓａｎｓａｎ,プライム,prime,情報・通信業,情報通信・サービスその他
20260331,4444,インフォネット,グロース,growth,情報・通信業,情報通信・サービスその他
20260331,4445,リビン・テクノロジーズ,グロース,growth,情報・通信業,情報通信・サービスその他
20260331,4446,Ｌｉｎｋ－Ｕグループ,プライム,prime,情報・通信業,情報通信・サービスその他
20260331,4447,ピー・ビーシステムズ,グロース,growth,情報・通信業,情報通信・サービスその他
20260331,4448,ｋｕｂｅｌｌ,グロース,growth,情報・通信業,情報通信・サービスその他
20260331,4449,ギフティ,プライム,prime,情報・通信業,情報通信・サービスその他
20260331,4450,パワーソリューションズ,グロース,growth,情報・通信業,情報通信・サービスその他
20260331,4452,花王,プライム,prime,化学,素材・化学
20260331,4461,第一工業製薬,プライム,prime,化学,素材・化学
20260331,4462,石原ケミカル,プライム,prime,化学,素材・化学
20260331,4463,日華化学,スタンダード,standard,化学,素材・化学
20260331,4464,ソフト９９コーポレーション,スタンダード,standard,化学,素材・化学
20260331,4465,ニイタカ,スタンダード,standard,化学,素材・化学
20260331,446A,ノースサンド,グロース,growth,サービス業,情報通信・サービスその他
20260331,4471,三洋化成工業,プライム,prime,化学,素材・化学
20260331,4475,ＨＥＮＮＧＥ,グロース,growth,情報・通信業,情報通信・サービスその他
20260331,4476,ＡＩ　ＣＲＯＳＳ,グロース,growth,情報・通信業,情報通信・サービスその他
20260331,4477,ＢＡＳＥ,グロース,growth,情報・通信業,情報通信・サービスその他
20260331,4478,フリー,グロース,growth,情報・通信業,情報通信・サービスその他
20260331,4479,マクアケ,グロース,growth,情報・通信業,情報通信・サービスその他
20260331,4480,メドレー,プライム,prime,情報・通信業,情報通信・サービスその他
20260331,4481,ベース,プライム,prime,情報・通信業,情報通信・サービスその他
20260331,4482,ウィルズ,グロース,growth,情報・通信業,情報通信・サービスその他
20260331,4483,ＪＭＤＣ,プライム,prime,情報・通信業,情報通信・サービスその他
20260331,4484,ランサーズ,グロース,growth,情報・通信業,情報通信・サービスその他
20260331,4486,ユナイトアンドグロウ,グロース,growth,情報・通信業,情報通信・サービスその他
20260331,4487,スペースマーケット,グロース,growth,情報・通信業,情報通信・サービスその他
20260331,4488,ＡＩ　ｉｎｓｉｄｅ,グロース,growth,情報・通信業,情報通信・サービスその他
20260331,4490,ビザスク,グロース,growth,情報・通信業,情報通信・サービスその他
20260331,4491,コンピューターマネージメント,スタンダード,standard,情報・通信業,情報通信・サービスその他
20260331,4492,ゼネテック,スタンダード,standard,情報・通信業,情報通信・サービスその他
20260331,4493,サイバーセキュリティクラウド,グロース,growth,情報・通信業,情報通信・サービスその他
20260331,4494,バリオセキュア,スタンダード,standard,情報・通信業,情報通信・サービスその他
20260331,4495,アイキューブドシステムズ,グロース,growth,情報・通信業,情報通信・サービスその他
20260331,4496,コマースＯｎｅホールディングス,グロース,growth,情報・通信業,情報通信・サービスその他
20260331,4498,サイバートラスト,グロース,growth,情報・通信業,情報通信・サービスその他
20260331,4499,Ｓｐｅｅｅ,スタンダード,standard,情報・通信業,情報通信・サービスその他
20260331,4502,武田薬品工業,プライム,prime,医薬品,医薬品
20260331,4503,アステラス製薬,プライム,prime,医薬品,医薬品
20260331,4506,住友ファーマ,プライム,prime,医薬品,医薬品
20260331,4507,塩野義製薬,プライム,prime,医薬品,医薬品
20260331,4512,わかもと製薬,スタンダード,standard,医薬品,医薬品
20260331,4516,日本新薬,プライム,prime,医薬品,医薬品
20260331,4519,中外製薬,プライム,prime,医薬品,医薬品
20260331,4521,科研製薬,プライム,prime,医薬品,医薬品
20260331,4523,エーザイ,プライム,prime,医薬品,医薬品
20260331,4524,森下仁丹,スタンダード,standard,医薬品,医薬品
20260331,4526,理研ビタミン,プライム,prime,食料品,食品
20260331,4527,ロート製薬,プライム,prime,医薬品,医薬品
20260331,4528,小野薬品工業,プライム,prime,医薬品,医薬品
20260331,4530,久光製薬,プライム,prime,医薬品,医薬品
20260331,4531,有機合成薬品工業,スタンダード,standard,化学,素材・化学
20260331,4534,持田製薬,プライム,prime,医薬品,医薬品
20260331,4536,参天製薬,プライム,prime,医薬品,医薬品
20260331,4538,扶桑薬品工業,プライム,prime,医薬品,医薬品
20260331,4539,日本ケミファ,スタンダード,standard,医薬品,医薬品
20260331,4540,ツムラ,プライム,prime,医薬品,医薬品
20260331,4543,テルモ,プライム,prime,精密機器,電機・精密
20260331,4544,Ｈ．Ｕ．グループホールディングス,プライム,prime,サービス業,情報通信・サービスその他
20260331,4547,キッセイ薬品工業,プライム,prime,医薬品,医薬品
20260331,4548,生化学工業,プライム,prime,医薬品,医薬品
20260331,4549,栄研化学,プライム,prime,医薬品,医薬品
20260331,4552,ＪＣＲファーマ,プライム,prime,医薬品,医薬品
20260331,4553,東和薬品,プライム,prime,医薬品,医薬品
20260331,4554,富士製薬工業,プライム,prime,医薬品,医薬品
20260331,4556,カイノス,スタンダード,standard,医薬品,医薬品
20260331,4558,中京医薬品,スタンダード,standard,医薬品,医薬品
20260331,4559,ゼリア新薬工業,プライム,prime,医薬品,医薬品
20260331,4563,アンジェス,グロース,growth,医薬品,医薬品
20260331,4564,オンコセラピー・サイエンス,グロース,growth,医薬品,医薬品
20260331,4565,ネクセラファーマ,プライム,prime,医薬品,医薬品
20260331,4568,第一三共,プライム,prime,医薬品,医薬品
20260331,4569,杏林製薬,プライム,prime,医薬品,医薬品
20260331,456A,ＨＵＭＡＮ　ＭＡＤＥ,グロース,growth,小売業,小売
20260331,4570,免疫生物研究所,グロース,growth,医薬品,医薬品
20260331,4571,ＮＡＮＯホールディングス,グロース,growth,医薬品,医薬品
20260331,4572,カルナバイオサイエンス,グロース,growth,医薬品,医薬品
20260331,4574,大幸薬品,プライム,prime,医薬品,医薬品
20260331,4575,キャンバス,グロース,growth,医薬品,医薬品
20260331,4576,デ・ウエスタン・セラピテクス研究所,グロース,growth,医薬品,医薬品
20260331,4577,ダイト,プライム,prime,医薬品,医薬品
20260331,4578,大塚ホールディングス,プライム,prime,医薬品,医薬品
20260331,4579,ラクオリア創薬,グロース,growth,医薬品,医薬品
20260331,4582,シンバイオ製薬,グロース,growth,医薬品,医薬品
20260331,4583,カイオム・バイオサイエンス,グロース,growth,医薬品,医薬品
20260331,4584,キッズウェル・バイオ,グロース,growth,医薬品,医薬品
20260331,4586,メドレックス,グロース,growth,医薬品,医薬品
20260331,4587,ペプチドリーム,プライム,prime,医薬品,医薬品
20260331,4588,オンコリスバイオファーマ,グロース,growth,医薬品,医薬品
20260331,4591,リボミック,グロース,growth,医薬品,医薬品
20260331,4592,サンバイオ,グロース,growth,医薬品,医薬品
20260331,4593,ヘリオス,グロース,growth,医薬品,医薬品
20260331,4594,ブライトパス・バイオ,グロース,growth,医薬品,医薬品
20260331,4595,ミズホメディー,スタンダード,standard,医薬品,医薬品
20260331,4596,窪田製薬ホールディングス,グロース,growth,医薬品,医薬品
20260331,4597,ソレイジア・ファーマ,グロース,growth,医薬品,医薬品
20260331,4598,Ｄｅｌｔａ－Ｆｌｙ　Ｐｈａｒｍａ,グロース,growth,医薬品,医薬品
20260331,4599,ステムリム,グロース,growth,医薬品,医薬品
20260331,460A,ＢＲＡＮＵ,グロース,growth,情報・通信業,情報通信・サービスその他
20260331,4611,大日本塗料,プライム,prime,化学,素材・化学
20260331,4612,日本ペイントホールディングス,プライム,prime,化学,素材・化学
20260331,4613,関西ペイント,プライム,prime,化学,素材・化学
20260331,4615,神東塗料,スタンダード,standard,化学,素材・化学
20260331,4616,川上塗料,スタンダード,standard,化学,素材・化学
20260331,4617,中国塗料,プライム,prime,化学,素材・化学
20260331,4619,日本特殊塗料,スタンダード,standard,化学,素材・化学
20260331,4620,藤倉化成,スタンダード,standard,化学,素材・化学
20260331,4623,アサヒペン,スタンダード,standard,化学,素材・化学
20260331,4624,イサム塗料,スタンダード,standard,化学,素材・化学
20260331,4625,アトミクス,スタンダード,standard,化学,素材・化学
20260331,4626,太陽ホールディングス,プライム,prime,化学,素材・化学
20260331,4627,ナトコ,スタンダード,standard,化学,素材・化学
20260331,4628,エスケー化研,スタンダード,standard,化学,素材・化学
20260331,4629,大伸化学,スタンダード,standard,化学,素材・化学
20260331,462A,ＦＵＮＤＩＮＮＯ,グロース,growth,証券、商品先物取引業,金融（除く銀行）
20260331,4631,ＤＩＣ,プライム,prime,化学,素材・化学
20260331,4633,サカタインクス,プライム,prime,化学,素材・化学
20260331,4634,ａｒｔｉｅｎｃｅ,プライム,prime,化学,素材・化学
20260331,4635,東京インキ,スタンダード,standard,化学,素材・化学
20260331,463A,インテリックスホールディングス,スタンダード,standard,不動産業,不動産
20260331,4641,アルプス技研,プライム,prime,サービス業,情報通信・サービスその他
20260331,4642,オリジナル設計,スタンダード,standard,サービス業,情報通信・サービスその他
20260331,4644,イマジニア,スタンダード,standard,情報・通信業,情報通信・サービスその他
20260331,4645,市進ホールディングス,スタンダード,standard,サービス業,情報通信・サービスその他
20260331,464A,ＱＰＳホールディングス,グロース,growth,情報・通信業,情報通信・サービスその他
20260331,4650,ＳＤエンターテイメント,スタンダード,standard,サービス業,情報通信・サービスその他
20260331,4651,サニックスホールディングス,スタンダード,standard,サービス業,情報通信・サービスその他
20260331,4657,環境管理センター,スタンダード,standard,サービス業,情報通信・サービスその他
20260331,4658,日本空調サービス,プライム,prime,サービス業,情報通信・サービスその他
20260331,4659,エイジス,スタンダード,standard,サービス業,情報通信・サービスその他
20260331,4661,オリエンタルランド,プライム,prime,サービス業,情報通信・サービスその他
20260331,4662,フォーカスシステムズ,プライム,prime,情報・通信業,情報通信・サービスその他
20260331,4664,アール・エス・シー,スタンダード,standard,サービス業,情報通信・サービスその他
20260331,4665,ダスキン,プライム,prime,サービス業,情報通信・サービスその他
20260331,4666,パーク２４,プライム,prime,不動産業,不動産
20260331,4667,アイサンテクノロジー,スタンダード,standard,情報・通信業,情報通信・サービスその他
20260331,4668,明光ネットワークジャパン,プライム,prime,サービス業,情報通信・サービスその他
20260331,4671,ファルコホールディングス,スタンダード,standard,サービス業,情報通信・サービスその他
20260331,4673,川崎地質,スタンダード,standard,サービス業,情報通信・サービスその他
20260331,4674,クレスコ,プライム,prime,情報・通信業,情報通信・サービスその他
20260331,4676,フジ・メディア・ホールディングス,プライム,prime,情報・通信業,情報通信・サービスその他
20260331,4678,秀英予備校,スタンダード,standard,サービス業,情報通信・サービスその他
20260331,4679,田谷,スタンダード,standard,サービス業,情報通信・サービスその他
20260331,4680,ラウンドワン,プライム,prime,サービス業,情報通信・サービスその他
20260331,4681,リゾートトラスト,プライム,prime,サービス業,情報通信・サービスその他
20260331,4684,オービック,プライム,prime,情報・通信業,情報通信・サービスその他
20260331,4685,菱友システムズ,スタンダード,standard,情報・通信業,情報通信・サービスその他
20260331,4686,ジャストシステム,プライム,prime,情報・通信業,情報通信・サービスその他
20260331,4687,ＴＤＣソフト,プライム,prime,情報・通信業,情報通信・サービスその他
20260331,4689,ＬＩＮＥヤフー,プライム,prime,情報・通信業,情報通信・サービスその他
20260331,4690,日本パレットプール,スタンダード,standard,サービス業,情報通信・サービスその他
20260331,4691,ワシントンホテル,スタンダード,standard,サービス業,情報通信・サービスその他
20260331,4694,ビー・エム・エル,プライム,prime,サービス業,情報通信・サービスその他
20260331,469A,フィットクルー,グロース,growth,サービス業,情報通信・サービスその他
20260331,4704,トレンドマイクロ,プライム,prime,情報・通信業,情報通信・サービスその他
20260331,4705,クリップコーポレーション,スタンダード,standard,サービス業,情報通信・サービスその他
20260331,4707,キタック,スタンダード,standard,サービス業,情報通信・サービスその他
20260331,4709,ＩＤホールディングス,プライム,prime,情報・通信業,情報通信・サービスその他
20260331,4712,ＫｅｙＨｏｌｄｅｒ,スタンダード,standard,サービス業,情報通信・サービスその他
20260331,4714,リソー教育グループ,プライム,prime,サービス業,情報通信・サービスその他
20260331,4716,日本オラクル,スタンダード,standard,情報・通信業,情報通信・サービスその他
20260331,4718,早稲田アカデミー,プライム,prime,サービス業,情報通信・サービスその他
20260331,4719,アルファシステムズ,プライム,prime,情報・通信業,情報通信・サービスその他
20260331,471A,ＮＳグループ,プライム,prime,その他金融業,金融（除く銀行）
20260331,4720,城南進学研究社,スタンダード,standard,サービス業,情報通信・サービスその他
20260331,4722,フューチャー,プライム,prime,情報・通信業,情報通信・サービスその他
20260331,4725,ＣＡＣ　Ｈｏｌｄｉｎｇｓ,プライム,prime,情報・通信業,情報通信・サービスその他
20260331,4728,トーセ,スタンダード,standard,情報・通信業,情報通信・サービスその他
20260331,472A,ミラティブ,グロース,growth,情報・通信業,情報通信・サービスその他
20260331,4732,ユー・エス・エス,プライム,prime,サービス業,情報通信・サービスその他
20260331,4733,オービックビジネスコンサルタント,プライム,prime,情報・通信業,情報通信・サービスその他
20260331,4735,京進,スタンダード,standard,サービス業,情報通信・サービスその他
20260331,4736,日本ラッド,スタンダード,standard,情報・通信業,情報通信・サービスその他
20260331,4743,アイティフォー,プライム,prime,情報・通信業,情報通信・サービスその他
20260331,4746,東計電算,スタンダード,standard,情報・通信業,情報通信・サービスその他
20260331,4750,ダイサン,スタンダード,standard,サービス業,情報通信・サービスその他
20260331,4751,サイバーエージェント,プライム,prime,サービス業,情報通信・サービスその他
20260331,4752,昭和システムエンジニアリング,スタンダード,standard,情報・通信業,情報通信・サービスその他
20260331,4754,トスネット,スタンダード,standard,サービス業,情報通信・サービスその他
20260331,4755,楽天グループ,プライム,prime,サービス業,情報通信・サービスその他
20260331,475A,ギミック,スタンダード,standard,サービス業,情報通信・サービスその他
20260331,4760,アルファ,スタンダード,standard,サービス業,情報通信・サービスその他
20260331,4761,さくらケーシーエス,スタンダード,standard,情報・通信業,情報通信・サービスその他
20260331,4762,エックスネット,スタンダード,standard,情報・通信業,情報通信・サービスその他
20260331,4763,クリーク・アンド・リバー社,プライム,prime,サービス業,情報通信・サービスその他
20260331,4765,ＳＢＩグローバルアセットマネジメント,プライム,prime,サービス業,情報通信・サービスその他
20260331,4766,ピーエイ,スタンダード,standard,サービス業,情報通信・サービスその他
20260331,4767,テー・オー・ダブリュー,スタンダード,standard,サービス業,情報通信・サービスその他
20260331,4768,大塚商会,プライム,prime,情報・通信業,情報通信・サービスその他
20260331,4769,ＩＣ,スタンダード,standard,情報・通信業,情報通信・サービスその他
20260331,476A,辻・本郷ＩＴコンサルティング,スタンダード,standard,情報・通信業,情報通信・サービスその他
20260331,4771,エフアンドエム,スタンダード,standard,サービス業,情報通信・サービスその他
20260331,4772,ＳＭ　ＥＮＴＥＲＴＡＩＮＭＥＮＴ　ＪＡＰＡＮ,グロース,growth,情報・通信業,情報通信・サービスその他
20260331,4776,サイボウズ,プライム,prime,情報・通信業,情報通信・サービスその他
20260331,4777,ガーラ,スタンダード,standard,情報・通信業,情報通信・サービスその他
20260331,477A,スタートライン,グロース,growth,サービス業,情報通信・サービスその他
20260331,4783,ＮＣＤ,スタンダード,standard,情報・通信業,情報通信・サービスその他
20260331,4784,ＧＭＯインターネット,プライム,prime,サービス業,情報通信・サービスその他
20260331,478A,フツパー,グロース,growth,情報・通信業,情報通信・サービスその他
20260331,4792,山田コンサルティンググループ,プライム,prime,サービス業,情報通信・サービスその他
20260331,479A,ＰＲＯＮＩ,グロース,growth,情報・通信業,情報通信・サービスその他
20260331,4800,オリコン,スタンダード,standard,情報・通信業,情報通信・サービスその他
20260331,4801,セントラルスポーツ,プライム,prime,サービス業,情報通信・サービスその他
20260331,4809,パラカ,プライム,prime,不動産業,不動産
20260331,480A,リブ・コンサルティング,グロース,growth,サービス業,情報通信・サービスその他
20260331,4811,ドリーム・アーツ,グロース,growth,情報・通信業,情報通信・サービスその他
20260331,4812,電通総研,プライム,prime,情報・通信業,情報通信・サービスその他
20260331,4813,ＡＣＣＥＳＳ,プライム,prime,情報・通信業,情報通信・サービスその他
20260331,4814,ネクストウェア,スタンダード,standard,情報・通信業,情報通信・サービスその他
20260331,4816,東映アニメーション,スタンダード,standard,情報・通信業,情報通信・サービスその他
20260331,4819,デジタルガレージ,プライム,prime,情報・通信業,情報通信・サービスその他
20260331,4820,イーエムシステムズ,プライム,prime,情報・通信業,情報通信・サービスその他
20260331,4825,ウェザーニューズ,プライム,prime,情報・通信業,情報通信・サービスその他
20260331,4826,ＣＩＪ,プライム,prime,情報・通信業,情報通信・サービスその他
20260331,4828,ビジネスエンジニアリング,プライム,prime,情報・通信業,情報通信・サービスその他
20260331,4829,日本エンタープライズ,スタンダード,standard,情報・通信業,情報通信・サービスその他
20260331,4832,ＪＦＥシステムズ,スタンダード,standard,情報・通信業,情報通信・サービスその他
20260331,4833,Ｄｅｆ　ｃｏｎｓｕｌｔｉｎｇ,グロース,growth,サービス業,情報通信・サービスその他
20260331,4838,スペースシャワーＳＫＩＹＡＫＩホールディングス,スタンダード,standard,情報・通信業,情報通信・サービスその他
20260331,4839,ＷＯＷＯＷ,プライム,prime,情報・通信業,情報通信・サービスその他
20260331,483A,テラテクノロジー,スタンダード,standard,情報・通信業,情報通信・サービスその他
20260331,4840,トライアイズ,スタンダード,standard,サービス業,情報通信・サービスその他
20260331,4845,スカラ,プライム,prime,情報・通信業,情報通信・サービスその他
20260331,4847,インテリジェント　ウェイブ,プライム,prime,情報・通信業,情報通信・サービスその他
20260331,4848,フルキャストホールディングス,プライム,prime,サービス業,情報通信・サービスその他
20260331,4849,エン,プライム,prime,サービス業,情報通信・サービスその他
20260331,485A,パワーエックス,グロース,growth,電気機器,電機・精密
20260331,4880,セルソース,スタンダード,standard,医薬品,医薬品
20260331,4881,ファンペップ,グロース,growth,医薬品,医薬品
20260331,4882,ペルセウスプロテオミクス,グロース,growth,医薬品,医薬品
20260331,4883,モダリス,グロース,growth,医薬品,医薬品
20260331,4884,クリングルファーマ,グロース,growth,医薬品,医薬品
20260331,4885,室町ケミカル,スタンダード,standard,医薬品,医薬品
20260331,4886,あすか製薬ホールディングス,プライム,prime,医薬品,医薬品
20260331,4887,サワイグループホールディングス,プライム,prime,医薬品,医薬品
20260331,4888,ステラファーマ,グロース,growth,医薬品,医薬品
20260331,4889,レナサイエンス,グロース,growth,医薬品,医薬品
20260331,4890,坪田ラボ,グロース,growth,医薬品,医薬品
20260331,4891,ティムス,グロース,growth,医薬品,医薬品
20260331,4892,サイフューズ,グロース,growth,医薬品,医薬品
20260331,4893,ノイルイミューン・バイオテック,グロース,growth,医薬品,医薬品
20260331,4894,クオリプス,グロース,growth,医薬品,医薬品
20260331,4896,ケイファーマ,グロース,growth,医薬品,医薬品
20260331,4901,富士フイルムホールディングス,プライム,prime,化学,素材・化学
20260331,4902,コニカミノルタ,プライム,prime,電気機器,電機・精密
20260331,4911,資生堂,プライム,prime,化学,素材・化学
20260331,4912,ライオン,プライム,prime,化学,素材・化学
20260331,4914,高砂香料工業,プライム,prime,化学,素材・化学
20260331,4917,マンダム,プライム,prime,化学,素材・化学
20260331,4918,アイビー化粧品,スタンダード,standard,化学,素材・化学
20260331,4919,ミルボン,プライム,prime,化学,素材・化学
20260331,4920,日本色材工業研究所,スタンダード,standard,化学,素材・化学
20260331,4922,コーセーホールディングス,プライム,prime,化学,素材・化学
20260331,4923,コタ,プライム,prime,化学,素材・化学
20260331,4925,ハーバー研究所,スタンダード,standard,化学,素材・化学
20260331,4926,シーボン,スタンダード,standard,化学,素材・化学
20260331,4927,ポーラ・オルビスホールディングス,プライム,prime,化学,素材・化学
20260331,4928,ノエビアホールディングス,プライム,prime,化学,素材・化学
20260331,4929,アジュバンホールディングス,スタンダード,standard,化学,素材・化学
20260331,4931,新日本製薬,プライム,prime,化学,素材・化学
20260331,4932,アルマード,スタンダード,standard,化学,素材・化学
20260331,4933,Ｉ－ｎｅ,プライム,prime,化学,素材・化学
20260331,4934,プレミアアンチエイジング,グロース,growth,化学,素材・化学
20260331,4935,リベルタ,スタンダード,standard,化学,素材・化学
20260331,4936,アクシージア,スタンダード,standard,化学,素材・化学
20260331,4937,Ｗａｑｏｏ,グロース,growth,化学,素材・化学
20260331,4951,エステー,プライム,prime,化学,素材・化学
20260331,4956,コニシ,プライム,prime,化学,素材・化学
20260331,4958,長谷川香料,プライム,prime,化学,素材・化学
20260331,4960,ケミプロ化成,スタンダード,standard,化学,素材・化学
20260331,4966,上村工業,スタンダード,standard,化学,素材・化学
20260331,4967,小林製薬,プライム,prime,化学,素材・化学
20260331,4968,荒川化学工業,プライム,prime,化学,素材・化学
20260331,4970,東洋合成工業,スタンダード,standard,化学,素材・化学
20260331,4971,メック,プライム,prime,化学,素材・化学
20260331,4972,綜研化学,スタンダード,standard,化学,素材・化学
20260331,4973,日本高純度化学,プライム,prime,化学,素材・化学
20260331,4974,タカラバイオ,プライム,prime,化学,素材・化学
20260331,4975,ＪＣＵ,プライム,prime,化学,素材・化学
20260331,4976,東洋ドライルーブ,スタンダード,standard,化学,素材・化学
20260331,4977,新田ゼラチン,スタンダード,standard,化学,素材・化学
20260331,4978,リプロセル,グロース,growth,化学,素材・化学
20260331,4979,ＯＡＴアグリオ,スタンダード,standard,化学,素材・化学
20260331,4980,デクセリアルズ,プライム,prime,化学,素材・化学
20260331,4985,アース製薬,プライム,prime,化学,素材・化学
20260331,4990,昭和化学工業,スタンダード,standard,化学,素材・化学
20260331,4992,北興化学工業,スタンダード,standard,化学,素材・化学
20260331,4994,大成ラミックグループ,スタンダード,standard,化学,素材・化学
20260331,4996,クミアイ化学工業,プライム,prime,化学,素材・化学
20260331,4997,日本農薬,プライム,prime,化学,素材・化学
20260331,4998,フマキラー,スタンダード,standard,化学,素材・化学
20260331,500A,ＴＯブックス,スタンダード,standard,情報・通信業,情報通信・サービスその他
20260331,5010,日本精蝋,スタンダード,standard,石油・石炭製品,エネルギー資源
20260331,5011,ニチレキグループ,プライム,prime,石油・石炭製品,エネルギー資源
20260331,5013,ユシロ,スタンダード,standard,石油・石炭製品,エネルギー資源
20260331,5015,ビーピー・カストロール,スタンダード,standard,石油・石炭製品,エネルギー資源
20260331,5016,ＪＸ金属,プライム,prime,非鉄金属,鉄鋼・非鉄
20260331,5018,ＭＯＲＥＳＣＯ,スタンダード,standard,石油・石炭製品,エネルギー資源
20260331,5019,出光興産,プライム,prime,石油・石炭製品,エネルギー資源
20260331,5020,ＥＮＥＯＳホールディングス,プライム,prime,石油・石炭製品,エネルギー資源
20260331,5021,コスモエネルギーホールディングス,プライム,prime,石油・石炭製品,エネルギー資源
20260331,5025,マーキュリー,グロース,growth,情報・通信業,情報通信・サービスその他
20260331,5026,トリプルアイズ,グロース,growth,情報・通信業,情報通信・サービスその他
20260331,5027,ＡｎｙＭｉｎｄ　Ｇｒｏｕｐ,グロース,growth,情報・通信業,情報通信・サービスその他
20260331,5028,セカンドサイトアナリティカ,グロース,growth,情報・通信業,情報通信・サービスその他
20260331,5029,サークレイス,グロース,growth,情報・通信業,情報通信・サービスその他
20260331,5031,モイ,グロース,growth,情報・通信業,情報通信・サービスその他
20260331,5032,ＡＮＹＣＯＬＯＲ,プライム,prime,情報・通信業,情報通信・サービスその他
20260331,5033,ヌーラボ,グロース,growth,情報・通信業,情報通信・サービスその他
20260331,5034,ｕｎｅｒｒｙ,グロース,growth,情報・通信業,情報通信・サービスその他
20260331,5035,ＨＯＵＳＥＩ,グロース,growth,情報・通信業,情報通信・サービスその他
20260331,5036,日本ビジネスシステムズ,プライム,prime,情報・通信業,情報通信・サービスその他
20260331,5038,ｅＷｅＬＬ,グロース,growth,情報・通信業,情報通信・サービスその他
20260331,504A,イノバセル,グロース,growth,医薬品,医薬品
20260331,505A,ギークリー,スタンダード,standard,サービス業,情報通信・サービスその他
20260331,5071,ヴィス,スタンダード,standard,サービス業,情報通信・サービスその他
20260331,5074,テスホールディングス,プライム,prime,建設業,建設・資材
20260331,5076,インフロニア・ホールディングス,プライム,prime,建設業,建設・資材
20260331,50765,インフロニア・ホールディングス第１回社債型種類株式,プライム,prime,建設業,建設・資材
20260331,5078,セレコーポレーション,スタンダード,standard,建設業,建設・資材
20260331,5079,ノバック,スタンダード,standard,建設業,建設・資材
20260331,5101,横浜ゴム,プライム,prime,ゴム製品,自動車・輸送機
20260331,5103,昭和ホールディングス,スタンダード,standard,ゴム製品,自動車・輸送機
20260331,5105,ＴＯＹＯ　ＴＩＲＥ,プライム,prime,ゴム製品,自動車・輸送機
20260331,5108,ブリヂストン,プライム,prime,ゴム製品,自動車・輸送機
20260331,5110,住友ゴム工業,プライム,prime,ゴム製品,自動車・輸送機
20260331,5121,藤倉コンポジット,プライム,prime,ゴム製品,自動車・輸送機
20260331,5122,オカモト,プライム,prime,ゴム製品,自動車・輸送機
20260331,5125,ファインズ,グロース,growth,情報・通信業,情報通信・サービスその他
20260331,5126,ポーターズ,グロース,growth,情報・通信業,情報通信・サービスその他
20260331,5129,ＦＩＸＥＲ,グロース,growth,情報・通信業,情報通信・サービスその他
20260331,5131,リンカーズ,グロース,growth,情報・通信業,情報通信・サービスその他
20260331,5132,ｐｌｕｓｚｅｒｏ,グロース,growth,情報・通信業,情報通信・サービスその他
20260331,5133,テリロジーホールディングス,スタンダード,standard,情報・通信業,情報通信・サービスその他
20260331,5134,ＰＯＰＥＲ,グロース,growth,情報・通信業,情報通信・サービスその他
20260331,5136,ｔｒｉｐｌａ,グロース,growth,情報・通信業,情報通信・サービスその他
20260331,5137,スマートドライブ,グロース,growth,情報・通信業,情報通信・サービスその他
20260331,5138,Ｒｅｂａｓｅ,グロース,growth,情報・通信業,情報通信・サービスその他
20260331,5139,オープンワーク,グロース,growth,情報・通信業,情報通信・サービスその他
20260331,5142,アキレス,プライム,prime,化学,素材・化学
20260331,5161,西川ゴム工業,スタンダード,standard,ゴム製品,自動車・輸送機
20260331,5162,朝日ラバー,スタンダード,standard,ゴム製品,自動車・輸送機
20260331,5184,ニチリン,スタンダード,standard,ゴム製品,自動車・輸送機
20260331,5185,フコク,プライム,prime,ゴム製品,自動車・輸送機
20260331,5186,ニッタ,プライム,prime,ゴム製品,自動車・輸送機
20260331,5187,クリエートメディック,スタンダード,standard,精密機器,電機・精密
20260331,5189,櫻護謨,スタンダード,standard,ゴム製品,自動車・輸送機
20260331,5192,三ツ星ベルト,プライム,prime,ゴム製品,自動車・輸送機
20260331,5194,相模ゴム工業,スタンダード,standard,ゴム製品,自動車・輸送機
20260331,5195,バンドー化学,プライム,prime,ゴム製品,自動車・輸送機
20260331,5199,不二ラテックス,スタンダード,standard,ゴム製品,自動車・輸送機
20260331,519A,ベーシック,グロース,growth,情報・通信業,情報通信・サービスその他
20260331,5201,ＡＧＣ,プライム,prime,ガラス・土石製品,建設・資材
20260331,5202,日本板硝子,プライム,prime,ガラス・土石製品,建設・資材
20260331,5204,石塚硝子,スタンダード,standard,ガラス・土石製品,建設・資材
20260331,5208,有沢製作所,プライム,prime,化学,素材・化学
20260331,520A,ジェイファーマ,グロース,growth,医薬品,医薬品
20260331,5210,日本山村硝子,スタンダード,standard,ガラス・土石製品,建設・資材
20260331,5214,日本電気硝子,プライム,prime,ガラス・土石製品,建設・資材
20260331,5216,倉元製作所,スタンダード,standard,ガラス・土石製品,建設・資材
20260331,5218,オハラ,スタンダード,standard,ガラス・土石製品,建設・資材
20260331,5232,住友大阪セメント,プライム,prime,ガラス・土石製品,建設・資材
20260331,5233,太平洋セメント,プライム,prime,ガラス・土石製品,建設・資材
20260331,5237,ノザワ,スタンダード,standard,ガラス・土石製品,建設・資材
20260331,523A,セイワホールディングス,グロース,growth,金属製品,建設・資材
20260331,5240,ｍｏｎｏＡＩ　ｔｅｃｈｎｏｌｏｇｙ,グロース,growth,情報・通信業,情報通信・サービスその他
20260331,5242,アイズ,グロース,growth,情報・通信業,情報通信・サービスその他
20260331,5243,ｎｏｔｅ,グロース,growth,情報・通信業,情報通信・サービスその他
20260331,5244,ｊｉｇ．ｊｐ,グロース,growth,情報・通信業,情報通信・サービスその他
20260331,5246,ＥＬＥＭＥＮＴＳ,グロース,growth,情報・通信業,情報通信・サービスその他
20260331,5247,ＢＴＭ,グロース,growth,情報・通信業,情報通信・サービスその他
20260331,5248,テクノロジーズ,グロース,growth,情報・通信業,情報通信・サービスその他
20260331,5250,ＧＭＯプライム・ストラテジー,スタンダード,standard,情報・通信業,情報通信・サービスその他
20260331,5252,日本ナレッジ,グロース,growth,情報・通信業,情報通信・サービスその他
20260331,5253,カバー,グロース,growth,情報・通信業,情報通信・サービスその他
20260331,5254,Ａｒｅｎｔ,グロース,growth,情報・通信業,情報通信・サービスその他
20260331,5255,モンスターラボ,グロース,growth,情報・通信業,情報通信・サービスその他
20260331,5256,Ｆｕｓｉｃ,グロース,growth,情報・通信業,情報通信・サービスその他
20260331,5257,ノバシステム,スタンダード,standard,情報・通信業,情報通信・サービスその他
20260331,5258,トランザクション・メディア・ネットワークス,グロース,growth,情報・通信業,情報通信・サービスその他
20260331,5259,ＢＢＤイニシアティブ,グロース,growth,情報・通信業,情報通信・サービスその他
20260331,5261,リソルホールディングス,プライム,prime,サービス業,情報通信・サービスその他
20260331,5262,日本ヒューム,プライム,prime,ガラス・土石製品,建設・資材
20260331,5268,旭コンクリート工業,スタンダード,standard,ガラス・土石製品,建設・資材
20260331,5269,日本コンクリート工業,プライム,prime,ガラス・土石製品,建設・資材
20260331,5271,トーヨーアサノ,スタンダード,standard,ガラス・土石製品,建設・資材
20260331,5273,三谷セキサン,スタンダード,standard,ガラス・土石製品,建設・資材
20260331,5279,日本興業,スタンダード,standard,ガラス・土石製品,建設・資材
20260331,5280,ヨシコン,スタンダード,standard,不動産業,不動産
20260331,5282,ジオスター,スタンダード,standard,ガラス・土石製品,建設・資材
20260331,5283,高見澤,スタンダード,standard,卸売業,商社・卸売
20260331,5284,ヤマウホールディングス,スタンダード,standard,ガラス・土石製品,建設・資材
20260331,5285,ヤマックス,スタンダード,standard,ガラス・土石製品,建設・資材
20260331,5287,イトーヨーギョー,スタンダード,standard,ガラス・土石製品,建設・資材
20260331,5288,アジアパイルホールディングス,プライム,prime,ガラス・土石製品,建設・資材
20260331,5290,ベルテクスコーポレーション,スタンダード,standard,ガラス・土石製品,建設・資材
20260331,5301,東海カーボン,プライム,prime,ガラス・土石製品,建設・資材
20260331,5302,日本カーボン,プライム,prime,ガラス・土石製品,建設・資材
20260331,5304,ＳＥＣカーボン,スタンダード,standard,ガラス・土石製品,建設・資材
20260331,5310,東洋炭素,プライム,prime,ガラス・土石製品,建設・資材
20260331,5331,ノリタケ,プライム,prime,ガラス・土石製品,建設・資材
20260331,5332,ＴＯＴＯ,プライム,prime,ガラス・土石製品,建設・資材
20260331,5333,日本碍子,プライム,prime,ガラス・土石製品,建設・資材
20260331,5334,日本特殊陶業,プライム,prime,ガラス・土石製品,建設・資材
20260331,5337,ダントーホールディングス,スタンダード,standard,ガラス・土石製品,建設・資材
20260331,5341,ＡＳＡＨＩ　ＥＩＴＯホールディングス,スタンダード,standard,ガラス・土石製品,建設・資材
20260331,5344,ＭＡＲＵＷＡ,プライム,prime,ガラス・土石製品,建設・資材
20260331,5351,品川リフラ,プライム,prime,ガラス・土石製品,建設・資材
20260331,5355,日本坩堝,スタンダード,standard,ガラス・土石製品,建設・資材
20260331,5356,美濃窯業,スタンダード,standard,ガラス・土石製品,建設・資材
20260331,5357,ヨータイ,プライム,prime,ガラス・土石製品,建設・資材
20260331,5363,東京窯業,スタンダード,standard,ガラス・土石製品,建設・資材
20260331,5367,ニッカトー,スタンダード,standard,ガラス・土石製品,建設・資材
20260331,5368,日本インシュレーション,スタンダード,standard,ガラス・土石製品,建設・資材
20260331,5380,新東,スタンダード,standard,ガラス・土石製品,建設・資材
20260331,5381,マイポックス,スタンダード,standard,ガラス・土石製品,建設・資材
20260331,5384,フジミインコーポレーテッド,プライム,prime,ガラス・土石製品,建設・資材
20260331,5388,クニミネ工業,スタンダード,standard,ガラス・土石製品,建設・資材
20260331,5391,エーアンドエーマテリアル,スタンダード,standard,ガラス・土石製品,建設・資材
20260331,5393,ニチアス,プライム,prime,ガラス・土石製品,建設・資材
20260331,5401,日本製鉄,プライム,prime,鉄鋼,鉄鋼・非鉄
20260331,5406,神戸製鋼所,プライム,prime,鉄鋼,鉄鋼・非鉄
20260331,5408,中山製鋼所,プライム,prime,鉄鋼,鉄鋼・非鉄
20260331,5410,合同製鐵,プライム,prime,鉄鋼,鉄鋼・非鉄
20260331,5411,ＪＦＥホールディングス,プライム,prime,鉄鋼,鉄鋼・非鉄
20260331,5423,東京製鐵,プライム,prime,鉄鋼,鉄鋼・非鉄
20260331,5440,共英製鋼,プライム,prime,鉄鋼,鉄鋼・非鉄
20260331,5444,大和工業,プライム,prime,鉄鋼,鉄鋼・非鉄
20260331,5445,東京鐵鋼,プライム,prime,鉄鋼,鉄鋼・非鉄
20260331,5446,北越メタル,スタンダード,standard,鉄鋼,鉄鋼・非鉄
20260331,5449,大阪製鐵,スタンダード,standard,鉄鋼,鉄鋼・非鉄
20260331,5451,ヨドコウ,プライム,prime,鉄鋼,鉄鋼・非鉄
20260331,5458,高砂鐵工,スタンダード,standard,鉄鋼,鉄鋼・非鉄
20260331,5461,中部鋼鈑,プライム,prime,鉄鋼,鉄鋼・非鉄
20260331,5463,丸一鋼管,プライム,prime,鉄鋼,鉄鋼・非鉄
20260331,5464,モリ工業,スタンダード,standard,鉄鋼,鉄鋼・非鉄
20260331,5471,大同特殊鋼,プライム,prime,鉄鋼,鉄鋼・非鉄
20260331,5480,日本冶金工業,プライム,prime,鉄鋼,鉄鋼・非鉄
20260331,5482,愛知製鋼,プライム,prime,鉄鋼,鉄鋼・非鉄
20260331,5484,東北特殊鋼,スタンダード,standard,鉄鋼,鉄鋼・非鉄
20260331,5491,日本金属,スタンダード,standard,鉄鋼,鉄鋼・非鉄
20260331,5527,ｐｒｏｐｅｒｔｙ　ｔｅｃｈｎｏｌｏｇｉｅｓ,グロース,growth,不動産業,不動産
20260331,5532,リアルゲイト,グロース,growth,不動産業,不動産
20260331,5533,エリッツホールディングス,スタンダード,standard,不動産業,不動産
20260331,5535,ミガロホールディングス,プライム,prime,不動産業,不動産
20260331,5537,ＡｌｂａＬｉｎｋ,グロース,growth,不動産業,不動産
20260331,5541,大平洋金属,プライム,prime,鉄鋼,鉄鋼・非鉄
20260331,5542,新報国マテリアル,スタンダード,standard,鉄鋼,鉄鋼・非鉄
20260331,5563,新日本電工,プライム,prime,鉄鋼,鉄鋼・非鉄
20260331,5570,ジェノバ,グロース,growth,情報・通信業,情報通信・サービスその他
20260331,5571,エキサイトホールディングス,スタンダード,standard,情報・通信業,情報通信・サービスその他
20260331,5572,Ｒｉｄｇｅ－ｉ,グロース,growth,情報・通信業,情報通信・サービスその他
20260331,5574,ＡＢＥＪＡ,グロース,growth,情報・通信業,情報通信・サービスその他
20260331,5575,Ｇｌｏｂｅｅ,グロース,growth,情報・通信業,情報通信・サービスその他
20260331,5576,オービーシステム,スタンダード,standard,情報・通信業,情報通信・サービスその他
20260331,5578,ＡＲアドバンストテクノロジ,グロース,growth,情報・通信業,情報通信・サービスその他
20260331,5580,プロディライト,グロース,growth,情報・通信業,情報通信・サービスその他
20260331,5582,グリッド,グロース,growth,情報・通信業,情報通信・サービスその他
20260331,5586,Ｌａｂｏｒｏ．ＡＩ,グロース,growth,情報・通信業,情報通信・サービスその他
20260331,5587,インバウンドプラットフォーム,グロース,growth,情報・通信業,情報通信・サービスその他
20260331,5588,ファーストアカウンティング,グロース,growth,情報・通信業,情報通信・サービスその他
20260331,5589,オートサーバー,スタンダード,standard,情報・通信業,情報通信・サービスその他
20260331,5590,ネットスターズ,グロース,growth,情報・通信業,情報通信・サービスその他
20260331,5591,ＡＶＩＬＥＮ,グロース,growth,情報・通信業,情報通信・サービスその他
20260331,5592,くすりの窓口,グロース,growth,情報・通信業,情報通信・サービスその他
20260331,5597,ブルーイノベーション,グロース,growth,情報・通信業,情報通信・サービスその他
20260331,5599,Ｓ＆Ｊ,グロース,growth,情報・通信業,情報通信・サービスその他
20260331,5602,栗本鐵工所,プライム,prime,鉄鋼,鉄鋼・非鉄
20260331,5603,虹技,スタンダード,standard,鉄鋼,鉄鋼・非鉄
20260331,5609,日本鋳造,スタンダード,standard,鉄鋼,鉄鋼・非鉄
20260331,5612,日本鋳鉄管,スタンダード,standard,鉄鋼,鉄鋼・非鉄
20260331,5616,雨風太陽,グロース,growth,情報・通信業,情報通信・サービスその他
20260331,5618,ナイル,グロース,growth,情報・通信業,情報通信・サービスその他
20260331,5619,マーソ,グロース,growth,情報・通信業,情報通信・サービスその他
20260331,5621,ヒューマンテクノロジーズ,グロース,growth,情報・通信業,情報通信・サービスその他
20260331,5631,日本製鋼所,プライム,prime,機械,機械
20260331,5632,三菱製鋼,プライム,prime,鉄鋼,鉄鋼・非鉄
20260331,5644,メタルアート,スタンダード,standard,鉄鋼,鉄鋼・非鉄
20260331,5658,日亜鋼業,スタンダード,standard,鉄鋼,鉄鋼・非鉄
20260331,5659,日本精線,プライム,prime,鉄鋼,鉄鋼・非鉄
20260331,5660,神鋼鋼線工業,スタンダード,standard,鉄鋼,鉄鋼・非鉄
20260331,5695,パウダーテック,スタンダード,standard,鉄鋼,鉄鋼・非鉄
20260331,5697,サンユウ,スタンダード,standard,鉄鋼,鉄鋼・非鉄
20260331,5698,エンビプロ・ホールディングス,スタンダード,standard,鉄鋼,鉄鋼・非鉄
20260331,5699,イボキン,スタンダード,standard,鉄鋼,鉄鋼・非鉄
20260331,5702,大紀アルミニウム工業所,プライム,prime,非鉄金属,鉄鋼・非鉄
20260331,5703,日本軽金属ホールディングス,プライム,prime,非鉄金属,鉄鋼・非鉄
20260331,5704,ＪＭＣ,グロース,growth,非鉄金属,鉄鋼・非鉄
20260331,5706,三井金属,プライム,prime,非鉄金属,鉄鋼・非鉄
20260331,5707,東邦亜鉛,プライム,prime,非鉄金属,鉄鋼・非鉄
20260331,5711,三菱マテリアル,プライム,prime,非鉄金属,鉄鋼・非鉄
20260331,5713,住友金属鉱山,プライム,prime,非鉄金属,鉄鋼・非鉄
20260331,5714,ＤＯＷＡホールディングス,プライム,prime,非鉄金属,鉄鋼・非鉄
20260331,5715,古河機械金属,プライム,prime,非鉄金属,鉄鋼・非鉄
20260331,5721,エス・サイエンス,スタンダード,standard,非鉄金属,鉄鋼・非鉄
20260331,5724,アサカ理研,スタンダード,standard,非鉄金属,鉄鋼・非鉄
20260331,5726,大阪チタニウムテクノロジーズ,プライム,prime,非鉄金属,鉄鋼・非鉄
20260331,5727,東邦チタニウム,プライム,prime,非鉄金属,鉄鋼・非鉄
20260331,5729,日本精鉱,スタンダード,standard,非鉄金属,鉄鋼・非鉄
20260331,5741,ＵＡＣＪ,プライム,prime,非鉄金属,鉄鋼・非鉄
20260331,5742,エヌアイシ・オートテック,スタンダード,standard,非鉄金属,鉄鋼・非鉄
20260331,5753,日本伸銅,スタンダード,standard,非鉄金属,鉄鋼・非鉄
20260331,5757,ＣＫサンエツ,プライム,prime,非鉄金属,鉄鋼・非鉄
20260331,5801,古河電気工業,プライム,prime,非鉄金属,鉄鋼・非鉄
20260331,5802,住友電気工業,プライム,prime,非鉄金属,鉄鋼・非鉄
20260331,5803,フジクラ,プライム,prime,非鉄金属,鉄鋼・非鉄
20260331,5805,ＳＷＣＣ,プライム,prime,非鉄金属,鉄鋼・非鉄
20260331,5816,オーナンバ,スタンダード,standard,非鉄金属,鉄鋼・非鉄
20260331,5817,ＪＭＡＣＳ,スタンダード,standard,非鉄金属,鉄鋼・非鉄
20260331,5819,カナレ電気,スタンダード,standard,非鉄金属,鉄鋼・非鉄
20260331,5820,三ッ星,スタンダード,standard,非鉄金属,鉄鋼・非鉄
20260331,5821,平河ヒューテック,プライム,prime,非鉄金属,鉄鋼・非鉄
20260331,5830,いよぎんホールディングス,プライム,prime,銀行業,銀行
20260331,5831,しずおかフィナンシャルグループ,プライム,prime,銀行業,銀行
20260331,5832,ちゅうぎんフィナンシャルグループ,プライム,prime,銀行業,銀行
20260331,5834,ＳＢＩリーシングサービス,グロース,growth,証券、商品先物取引業,金融（除く銀行）
20260331,5838,楽天銀行,プライム,prime,銀行業,銀行
20260331,5842,インテグラル,グロース,growth,証券、商品先物取引業,金融（除く銀行）
20260331,5843,ニッポンインシュア,スタンダード,standard,その他金融業,金融（除く銀行）
20260331,5844,京都フィナンシャルグループ,プライム,prime,銀行業,銀行
20260331,5845,全保連,スタンダード,standard,その他金融業,金融（除く銀行）
20260331,5851,リョービ,プライム,prime,非鉄金属,鉄鋼・非鉄
20260331,5852,アーレスティ,プライム,prime,非鉄金属,鉄鋼・非鉄
20260331,5856,エルアイイーエイチ,スタンダード,standard,小売業,小売
20260331,5857,ＡＲＥホールディングス,プライム,prime,非鉄金属,鉄鋼・非鉄
20260331,5858,ＳＴＧ,グロース,growth,非鉄金属,鉄鋼・非鉄
20260331,5867,エスネットワークス,グロース,growth,サービス業,情報通信・サービスその他
20260331,5868,ロココ,スタンダード,standard,サービス業,情報通信・サービスその他
20260331,5869,早稲田学習研究会,スタンダード,standard,サービス業,情報通信・サービスその他
20260331,5870,ナルネットコミュニケーションズ,グロース,growth,サービス業,情報通信・サービスその他
20260331,5871,ＳＯＬＩＺＥ　Ｈｏｌｄｉｎｇｓ,スタンダード,standard,サービス業,情報通信・サービスその他
20260331,5884,クラダシ,グロース,growth,小売業,小売
20260331,5885,ジーデップ・アドバンス,スタンダード,standard,卸売業,商社・卸売
20260331,5888,ＤＡＩＷＡ　ＣＹＣＬＥ,グロース,growth,小売業,小売
20260331,5889,Ｊａｐａｎ　Ｅｙｅｗｅａｒ　Ｈｏｌｄｉｎｇｓ,プライム,prime,小売業,小売
20260331,5891,魁力屋,スタンダード,standard,小売業,小売
20260331,5892,ｙｕｔｏｒｉ,グロース,growth,小売業,小売
20260331,5900,ダイケン,スタンダード,standard,金属製品,建設・資材
20260331,5901,東洋製罐グループホールディングス,プライム,prime,金属製品,建設・資材
20260331,5902,ホッカンホールディングス,プライム,prime,金属製品,建設・資材
20260331,5903,シンポ,スタンダード,standard,金属製品,建設・資材
20260331,5905,日本製罐,スタンダード,standard,金属製品,建設・資材
20260331,5906,エムケー精工,スタンダード,standard,金属製品,建設・資材
20260331,5909,コロナ,スタンダード,standard,金属製品,建設・資材
20260331,5911,横河ブリッジホールディングス,プライム,prime,金属製品,建設・資材
20260331,5915,駒井ハルテック,スタンダード,standard,金属製品,建設・資材
20260331,5918,瀧上工業,スタンダード,standard,金属製品,建設・資材
20260331,5921,川岸工業,スタンダード,standard,金属製品,建設・資材
20260331,5922,那須電機鉄工,スタンダード,standard,金属製品,建設・資材
20260331,5923,高田機工,スタンダード,standard,金属製品,建設・資材
20260331,5928,アルメタックス,スタンダード,standard,金属製品,建設・資材
20260331,5929,三和ホールディングス,プライム,prime,金属製品,建設・資材
20260331,5930,文化シヤッター,プライム,prime,金属製品,建設・資材
20260331,5932,三協立山,プライム,prime,金属製品,建設・資材
20260331,5933,アルインコ,プライム,prime,金属製品,建設・資材
20260331,5936,東洋シヤッター,スタンダード,standard,金属製品,建設・資材
20260331,5938,ＬＩＸＩＬ,プライム,prime,金属製品,建設・資材
20260331,5939,大谷工業,スタンダード,standard,金属製品,建設・資材
20260331,5940,不二サッシ,スタンダード,standard,金属製品,建設・資材
20260331,5941,中西製作所,スタンダード,standard,金属製品,建設・資材
20260331,5942,日本フイルコン,スタンダード,standard,金属製品,建設・資材
20260331,5943,ノーリツ,プライム,prime,金属製品,建設・資材
20260331,5945,天龍製鋸,スタンダード,standard,金属製品,建設・資材
20260331,5946,長府製作所,プライム,prime,金属製品,建設・資材
20260331,5947,リンナイ,プライム,prime,金属製品,建設・資材
20260331,5949,ユニプレス,プライム,prime,輸送用機器,自動車・輸送機
20260331,5950,日本パワーファスニング,スタンダード,standard,金属製品,建設・資材
20260331,5951,ダイニチ工業,スタンダード,standard,金属製品,建設・資材
20260331,5952,アマテイ,スタンダード,standard,金属製品,建設・資材
20260331,5955,ワイズホールディングス,スタンダード,standard,金属製品,建設・資材
20260331,5956,トーソー,スタンダード,standard,金属製品,建設・資材
20260331,5957,日東精工,プライム,prime,金属製品,建設・資材
20260331,5958,三洋工業,スタンダード,standard,金属製品,建設・資材
20260331,5959,岡部,プライム,prime,金属製品,建設・資材
20260331,5962,浅香工業,スタンダード,standard,その他製品,情報通信・サービスその他
20260331,5965,フジマック,スタンダード,standard,金属製品,建設・資材
20260331,5966,京都機械工具,スタンダード,standard,金属製品,建設・資材
20260331,5967,ＴＯＮＥ,スタンダード,standard,金属製品,建設・資材
20260331,5969,ロブテックス,スタンダード,standard,金属製品,建設・資材
20260331,5970,ジーテクト,プライム,prime,金属製品,建設・資材
20260331,5971,共和工業所,スタンダード,standard,金属製品,建設・資材
20260331,5973,トーアミ,スタンダード,standard,金属製品,建設・資材
20260331,5974,中国工業,スタンダード,standard,金属製品,建設・資材
20260331,5975,東プレ,プライム,prime,金属製品,建設・資材
20260331,5976,高周波熱錬,プライム,prime,金属製品,建設・資材
20260331,5981,東京製綱,プライム,prime,金属製品,建設・資材
20260331,5982,マルゼン,スタンダード,standard,金属製品,建設・資材
20260331,5983,イワブチ,スタンダード,standard,金属製品,建設・資材
20260331,5984,兼房,スタンダード,standard,金属製品,建設・資材
20260331,5985,サンコール,スタンダード,standard,金属製品,建設・資材
20260331,5986,モリテック　スチール,スタンダード,standard,金属製品,建設・資材
20260331,5987,オーネックス,スタンダード,standard,金属製品,建設・資材
20260331,5988,パイオラックス,プライム,prime,金属製品,建設・資材
20260331,5989,エイチワン,プライム,prime,金属製品,建設・資材
20260331,5990,スーパーツール,スタンダード,standard,金属製品,建設・資材
20260331,5991,日本発條,プライム,prime,金属製品,建設・資材
20260331,5992,中央発條,スタンダード,standard,金属製品,建設・資材
20260331,5994,ファインシンター,スタンダード,standard,金属製品,建設・資材
20260331,5997,協立エアテック,スタンダード,standard,金属製品,建設・資材
20260331,5998,アドバネクス,スタンダード,standard,金属製品,建設・資材
20260331,6005,三浦工業,プライム,prime,機械,機械
20260331,6013,タクマ,プライム,prime,機械,機械
20260331,6016,ジャパンエンジンコーポレーション,スタンダード,standard,輸送用機器,自動車・輸送機
20260331,6018,阪神内燃機工業,スタンダード,standard,輸送用機器,自動車・輸送機
20260331,6022,赤阪鐵工所,スタンダード,standard,機械,機械
20260331,6023,ダイハツインフィニアース,スタンダード,standard,輸送用機器,自動車・輸送機
20260331,6027,弁護士ドットコム,プライム,prime,サービス業,情報通信・サービスその他
20260331,6029,アトラグループ,スタンダード,standard,サービス業,情報通信・サービスその他
20260331,6030,アドベンチャー,グロース,growth,サービス業,情報通信・サービスその他
20260331,6031,ＺＥＴＡ,グロース,growth,サービス業,情報通信・サービスその他
20260331,6033,エクストリーム,グロース,growth,サービス業,情報通信・サービスその他
20260331,6034,ＭＲＴ,グロース,growth,サービス業,情報通信・サービスその他
20260331,6035,アイ・アールジャパンホールディングス,スタンダード,standard,サービス業,情報通信・サービスその他
20260331,6036,ＫｅｅＰｅｒ技研,プライム,prime,サービス業,情報通信・サービスその他
20260331,6037,楽待,スタンダード,standard,サービス業,情報通信・サービスその他
20260331,6038,イード,グロース,growth,サービス業,情報通信・サービスその他
20260331,6039,日本動物高度医療センター,グロース,growth,サービス業,情報通信・サービスその他
20260331,6040,日本スキー場開発,グロース,growth,サービス業,情報通信・サービスその他
20260331,6042,ニッキ,スタンダード,standard,輸送用機器,自動車・輸送機
20260331,6044,三機サービス,スタンダード,standard,サービス業,情報通信・サービスその他
20260331,6045,レントラックス,グロース,growth,サービス業,情報通信・サービスその他
20260331,6046,リンクバル,グロース,growth,サービス業,情報通信・サービスその他
20260331,6047,Ｇｕｎｏｓｙ,プライム,prime,サービス業,情報通信・サービスその他
20260331,6049,イトクロ,グロース,growth,サービス業,情報通信・サービスその他
20260331,6050,イー・ガーディアン,プライム,prime,サービス業,情報通信・サービスその他
20260331,6054,リブセンス,スタンダード,standard,サービス業,情報通信・サービスその他
20260331,6055,ジャパンマテリアル,プライム,prime,サービス業,情報通信・サービスその他
20260331,6058,ベクトル,プライム,prime,サービス業,情報通信・サービスその他
20260331,6059,ウチヤマホールディングス,スタンダード,standard,サービス業,情報通信・サービスその他
20260331,6061,ユニバーサル園芸社,スタンダード,standard,サービス業,情報通信・サービスその他
20260331,6062,チャーム・ケア・コーポレーション,プライム,prime,サービス業,情報通信・サービスその他
20260331,6063,日本エマージェンシーアシスタンス,スタンダード,standard,サービス業,情報通信・サービスその他
20260331,6069,トレンダーズ,グロース,growth,サービス業,情報通信・サービスその他
20260331,6070,キャリアリンク,プライム,prime,サービス業,情報通信・サービスその他
20260331,6071,ＩＢＪ,プライム,prime,サービス業,情報通信・サービスその他
20260331,6072,地盤ネットホールディングス,スタンダード,standard,サービス業,情報通信・サービスその他
20260331,6073,アサンテ,プライム,prime,サービス業,情報通信・サービスその他
20260331,6074,ジェイエスエス,スタンダード,standard,サービス業,情報通信・サービスその他
20260331,6078,バリューＨＲ,プライム,prime,サービス業,情報通信・サービスその他
20260331,6080,Ｍ＆Ａキャピタルパートナーズ,プライム,prime,サービス業,情報通信・サービスその他
20260331,6081,アライドアーキテクツ,グロース,growth,サービス業,情報通信・サービスその他
20260331,6082,ライドオンエクスプレスホールディングス,スタンダード,standard,サービス業,情報通信・サービスその他
20260331,6083,ＥＲＩホールディングス,スタンダード,standard,サービス業,情報通信・サービスその他
20260331,6085,アーキテクツ・スタジオ・ジャパン,グロース,growth,サービス業,情報通信・サービスその他
20260331,6086,シンメンテホールディングス,グロース,growth,サービス業,情報通信・サービスその他
20260331,6087,アビスト,スタンダード,standard,サービス業,情報通信・サービスその他
20260331,6088,シグマクシス・ホールディングス,プライム,prime,サービス業,情報通信・サービスその他
20260331,6089,ウィルグループ,プライム,prime,サービス業,情報通信・サービスその他
20260331,6090,ヒューマン・メタボローム・テクノロジーズ,スタンダード,standard,サービス業,情報通信・サービスその他
20260331,6091,ウエスコホールディングス,スタンダード,standard,サービス業,情報通信・サービスその他
20260331,6092,エンバイオ・ホールディングス,スタンダード,standard,サービス業,情報通信・サービスその他
20260331,6093,エスクロー・エージェント・ジャパン,スタンダード,standard,サービス業,情報通信・サービスその他
20260331,6094,フリークアウト・ホールディングス,グロース,growth,サービス業,情報通信・サービスその他
20260331,6096,レアジョブ,スタンダード,standard,サービス業,情報通信・サービスその他
20260331,6098,リクルートホールディングス,プライム,prime,サービス業,情報通信・サービスその他
20260331,6099,エラン,プライム,prime,サービス業,情報通信・サービスその他
20260331,6101,ツガミ,プライム,prime,機械,機械
20260331,6103,オークマ,プライム,prime,機械,機械
20260331,6104,芝浦機械,プライム,prime,機械,機械
20260331,6113,アマダ,プライム,prime,機械,機械
20260331,6118,アイダエンジニアリング,プライム,prime,機械,機械
20260331,6125,岡本工作機械製作所,スタンダード,standard,機械,機械
20260331,6134,ＦＵＪＩ,プライム,prime,機械,機械
20260331,6135,牧野フライス製作所,プライム,prime,機械,機械
20260331,6136,オーエスジー,プライム,prime,機械,機械
20260331,6137,小池酸素工業,スタンダード,standard,機械,機械
20260331,6138,ダイジェット工業,スタンダード,standard,機械,機械
20260331,6140,旭ダイヤモンド工業,プライム,prime,機械,機械
20260331,6141,ＤＭＧ森精機,プライム,prime,機械,機械
20260331,6143,ソディック,プライム,prime,機械,機械
20260331,6144,西部電機,スタンダード,standard,機械,機械
20260331,6145,ＮＩＴＴＯＫＵ,スタンダード,standard,機械,機械
20260331,6146,ディスコ,プライム,prime,機械,機械
20260331,6147,ヤマザキ,スタンダード,standard,機械,機械
20260331,6149,小田原エンジニアリング,スタンダード,standard,機械,機械
20260331,6150,タケダ機械,スタンダード,standard,機械,機械
20260331,6151,日東工器,プライム,prime,機械,機械
20260331,6155,高松機械工業,スタンダード,standard,機械,機械
20260331,6156,エーワン精密,スタンダード,standard,機械,機械
20260331,6157,日進工具,スタンダード,standard,機械,機械
20260331,6158,和井田製作所,スタンダード,standard,機械,機械
20260331,6159,ミクロン精密,スタンダード,standard,機械,機械
20260331,6161,エスティック,スタンダード,standard,機械,機械
20260331,6165,パンチ工業,スタンダード,standard,機械,機械
20260331,6166,中村超硬,グロース,growth,機械,機械
20260331,6167,冨士ダイス,プライム,prime,機械,機械
20260331,6171,土木管理総合試験所,スタンダード,standard,サービス業,情報通信・サービスその他
20260331,6173,アクアライン,グロース,growth,サービス業,情報通信・サービスその他
20260331,6176,ブランジスタ,スタンダード,standard,サービス業,情報通信・サービスその他
20260331,6177,ＡｐｐＢａｎｋ,グロース,growth,サービス業,情報通信・サービスその他
20260331,6178,日本郵政,プライム,prime,サービス業,情報通信・サービスその他
20260331,6180,ＧＭＯメディア,グロース,growth,サービス業,情報通信・サービスその他
20260331,6181,タメニー,グロース,growth,サービス業,情報通信・サービスその他
20260331,6182,メタリアル,グロース,growth,サービス業,情報通信・サービスその他
20260331,6183,ベルシステム２４ホールディングス,プライム,prime,サービス業,情報通信・サービスその他
20260331,6184,鎌倉新書,プライム,prime,サービス業,情報通信・サービスその他
20260331,6185,ＳＭＮ,スタンダード,standard,サービス業,情報通信・サービスその他
20260331,6186,一蔵,スタンダード,standard,サービス業,情報通信・サービスその他
20260331,6189,グローバルキッズＣＯＭＰＡＮＹ,スタンダード,standard,サービス業,情報通信・サービスその他
20260331,6190,フェニックスバイオ,グロース,growth,サービス業,情報通信・サービスその他
20260331,6191,エアトリ,プライム,prime,サービス業,情報通信・サービスその他
20260331,6193,バーチャレクス・ホールディングス,グロース,growth,サービス業,情報通信・サービスその他
20260331,6194,アトラエ,プライム,prime,サービス業,情報通信・サービスその他
20260331,6195,ホープ,グロース,growth,サービス業,情報通信・サービスその他
20260331,6196,ストライク,プライム,prime,サービス業,情報通信・サービスその他
20260331,6197,ソラスト,プライム,prime,サービス業,情報通信・サービスその他
20260331,6198,キャリア,グロース,growth,サービス業,情報通信・サービスその他
20260331,6199,セラク,スタンダード,standard,サービス業,情報通信・サービスその他
20260331,6200,インソース,プライム,prime,サービス業,情報通信・サービスその他
20260331,6201,豊田自動織機,プライム,prime,輸送用機器,自動車・輸送機
20260331,6203,豊和工業,スタンダード,standard,機械,機械
20260331,6208,石川製作所,スタンダード,standard,機械,機械
20260331,6209,リケンＮＰＲ,プライム,prime,機械,機械
20260331,6217,津田駒工業,スタンダード,standard,機械,機械
20260331,6218,エンシュウ,スタンダード,standard,機械,機械
20260331,6222,島精機製作所,プライム,prime,機械,機械
20260331,6223,西部技研,スタンダード,standard,機械,機械
20260331,6224,ＪＲＣ,グロース,growth,機械,機械
20260331,6226,守谷輸送機工業,スタンダード,standard,機械,機械
20260331,6227,ＡＩメカテック,スタンダード,standard,機械,機械
20260331,6228,ジェイ・イー・ティ,スタンダード,standard,機械,機械
20260331,6229,オーケーエム,スタンダード,standard,機械,機械
20260331,6230,ＳＡＮＥＩ,スタンダード,standard,機械,機械
20260331,6231,木村工機,スタンダード,standard,機械,機械
20260331,6232,ＡＣＳＬ,グロース,growth,機械,機械
20260331,6233,ＫＬＡＳＳ,スタンダード,standard,機械,機械
20260331,6235,オプトラン,プライム,prime,機械,機械
20260331,6237,イワキポンプ,プライム,prime,機械,機械
20260331,6238,フリュー,プライム,prime,機械,機械
20260331,6239,ナガオカ,スタンダード,standard,機械,機械
20260331,6240,ヤマシンフィルタ,プライム,prime,機械,機械
20260331,6245,ヒラノテクシード,スタンダード,standard,機械,機械
20260331,6246,テクノスマート,スタンダード,standard,機械,機械
20260331,6247,日阪製作所,プライム,prime,機械,機械
20260331,6248,横田製作所,スタンダード,standard,機械,機械
20260331,6249,ゲームカードホールディングス,スタンダード,standard,機械,機械
20260331,6250,やまびこ,プライム,prime,機械,機械
20260331,6254,野村マイクロ・サイエンス,プライム,prime,機械,機械
20260331,6255,エヌ・ピー・シー,グロース,growth,機械,機械
20260331,6257,藤商事,スタンダード,standard,機械,機械
20260331,6258,平田機工,プライム,prime,機械,機械
20260331,6262,ＰＥＧＡＳＵＳ,スタンダード,standard,機械,機械
20260331,6264,マルマエ,プライム,prime,機械,機械
20260331,6265,コンバム,スタンダード,standard,機械,機械
20260331,6266,タツモ,プライム,prime,機械,機械
20260331,6267,ゼネラルパッカー,スタンダード,standard,機械,機械
20260331,6268,ナブテスコ,プライム,prime,機械,機械
20260331,6269,三井海洋開発,プライム,prime,機械,機械
20260331,6272,レオン自動機,プライム,prime,機械,機械
20260331,6273,ＳＭＣ,プライム,prime,機械,機械
20260331,6276,シリウスビジョン,スタンダード,standard,電気機器,電機・精密
20260331,6277,ホソカワミクロン,プライム,prime,機械,機械
20260331,6278,ユニオンツール,プライム,prime,機械,機械
20260331,6279,瑞光,プライム,prime,機械,機械
20260331,6282,オイレス工業,プライム,prime,機械,機械
20260331,6284,日精エー・エス・ビー機械,プライム,prime,機械,機械
20260331,6286,靜甲,スタンダード,standard,機械,機械
20260331,6287,サトー,プライム,prime,機械,機械
20260331,6289,技研製作所,プライム,prime,機械,機械
20260331,6291,日本エアーテック,スタンダード,standard,機械,機械
20260331,6292,カワタ,スタンダード,standard,機械,機械
20260331,6294,オカダアイヨン,プライム,prime,機械,機械
20260331,6298,ワイエイシイホールディングス,プライム,prime,機械,機械
20260331,6301,小松製作所,プライム,prime,機械,機械
20260331,6302,住友重機械工業,プライム,prime,機械,機械
20260331,6305,日立建機,プライム,prime,機械,機械
20260331,6306,日工,プライム,prime,機械,機械
20260331,6307,サンセイ,スタンダード,standard,機械,機械
20260331,6309,巴工業,プライム,prime,機械,機械
20260331,6310,井関農機,プライム,prime,機械,機械
20260331,6315,ＴＯＷＡ,プライム,prime,機械,機械
20260331,6316,丸山製作所,スタンダード,standard,機械,機械
20260331,6317,北川鉄工所,スタンダード,standard,機械,機械
20260331,6322,タクミナ,スタンダード,standard,機械,機械
20260331,6323,ローツェ,プライム,prime,機械,機械
20260331,6324,ハーモニック・ドライブ・システムズ,プライム,prime,機械,機械
20260331,6325,タカキタ,スタンダード,standard,機械,機械
20260331,6326,クボタ,プライム,prime,機械,機械
20260331,6327,北川精機,スタンダード,standard,機械,機械
20260331,6328,荏原実業,プライム,prime,機械,機械
20260331,6330,東洋エンジニアリング,プライム,prime,建設業,建設・資材
20260331,6331,三菱化工機,プライム,prime,機械,機械
20260331,6332,月島ホールディングス,プライム,prime,機械,機械
20260331,6333,帝国電機製作所,プライム,prime,機械,機械
20260331,6334,明治機械,スタンダード,standard,機械,機械
20260331,6335,東京機械製作所,スタンダード,standard,機械,機械
20260331,6336,石井表記,スタンダード,standard,機械,機械
20260331,6337,テセック,スタンダード,standard,機械,機械
20260331,6338,タカトリ,スタンダード,standard,機械,機械
20260331,6339,新東工業,プライム,prime,機械,機械
20260331,6340,澁谷工業,プライム,prime,機械,機械
20260331,6342,太平製作所,スタンダード,standard,機械,機械
20260331,6343,フリージア・マクロス,スタンダード,standard,機械,機械
20260331,6345,アイチ　コーポレーション,プライム,prime,機械,機械
20260331,6346,キクカワエンタープライズ,スタンダード,standard,機械,機械
20260331,6347,プラコー,スタンダード,standard,機械,機械
20260331,6349,小森コーポレーション,プライム,prime,機械,機械
20260331,6351,鶴見製作所,プライム,prime,機械,機械
20260331,6356,日本ギア工業,スタンダード,standard,機械,機械
20260331,6357,三精テクノロジーズ,スタンダード,standard,機械,機械
20260331,6358,酒井重工業,プライム,prime,機械,機械
20260331,6360,東京自働機械製作所,スタンダード,standard,機械,機械
20260331,6361,荏原製作所,プライム,prime,機械,機械
20260331,6363,酉島製作所,プライム,prime,機械,機械
20260331,6364,ＡＩＲＭＡＮ,プライム,prime,機械,機械
20260331,6365,電業社機械製作所,スタンダード,standard,機械,機械
20260331,6366,千代田化工建設,スタンダード,standard,建設業,建設・資材
20260331,6367,ダイキン工業,プライム,prime,機械,機械
20260331,6368,オルガノ,プライム,prime,機械,機械
20260331,6369,トーヨーカネツ,プライム,prime,機械,機械
20260331,6370,栗田工業,プライム,prime,機械,機械
20260331,6371,椿本チエイン,プライム,prime,機械,機械
20260331,6376,日機装,プライム,prime,精密機器,電機・精密
20260331,6378,木村化工機,スタンダード,standard,機械,機械
20260331,6379,レイズネクスト,プライム,prime,建設業,建設・資材
20260331,6380,オリエンタルチエン工業,スタンダード,standard,機械,機械
20260331,6381,アネスト岩田,プライム,prime,機械,機械
20260331,6382,トリニティ工業,スタンダード,standard,機械,機械
20260331,6383,ダイフク,プライム,prime,機械,機械
20260331,6384,昭和真空,スタンダード,standard,機械,機械
20260331,6387,サムコ,プライム,prime,機械,機械
20260331,6390,加藤製作所,プライム,prime,機械,機械
20260331,6391,加地テック,スタンダード,standard,機械,機械
20260331,6392,ヤマダコーポレーション,スタンダード,standard,機械,機械
20260331,6393,油研工業,スタンダード,standard,機械,機械
20260331,6395,タダノ,プライム,prime,機械,機械
20260331,6396,宇野澤組鐵工所,スタンダード,standard,機械,機械
20260331,6400,不二精機,スタンダード,standard,機械,機械
20260331,6402,兼松エンジニアリング,スタンダード,standard,機械,機械
20260331,6403,水道機工,スタンダード,standard,機械,機械
20260331,6405,鈴茂器工,スタンダード,standard,機械,機械
20260331,6407,ＣＫＤ,プライム,prime,機械,機械
20260331,6408,小倉クラッチ,スタンダード,standard,機械,機械
20260331,6412,平和,プライム,prime,機械,機械
20260331,6413,理想科学工業,プライム,prime,機械,機械
20260331,6417,ＳＡＮＫＹＯ,プライム,prime,機械,機械
20260331,6418,日本金銭機械,プライム,prime,機械,機械
20260331,6419,マースグループホールディングス,プライム,prime,機械,機械
20260331,6420,ガリレイ,プライム,prime,機械,機械
20260331,6424,高見沢サイバネティックス,スタンダード,standard,機械,機械
20260331,6425,ユニバーサルエンターテインメント,スタンダード,standard,機械,機械
20260331,6428,オーイズミ,スタンダード,standard,機械,機械
20260331,6430,ダイコク電機,プライム,prime,機械,機械
20260331,6432,竹内製作所,プライム,prime,機械,機械
20260331,6433,ヒーハイスト,スタンダード,standard,機械,機械
20260331,6436,アマノ,プライム,prime,機械,機械
20260331,6440,ＪＵＫＩ,プライム,prime,機械,機械
20260331,6444,サンデン,スタンダード,standard,機械,機械
20260331,6445,ジャノメ,プライム,prime,機械,機械
20260331,6448,ブラザー工業,プライム,prime,電気機器,電機・精密
20260331,6454,マックス,プライム,prime,機械,機械
20260331,6455,モリタホールディングス,プライム,prime,輸送用機器,自動車・輸送機
20260331,6457,グローリー,プライム,prime,機械,機械
20260331,6458,新晃工業,プライム,prime,機械,機械
20260331,6459,大和冷機工業,プライム,prime,機械,機械
20260331,6460,セガサミーホールディングス,プライム,prime,機械,機械
20260331,6463,ＴＰＲ,プライム,prime,機械,機械
20260331,6464,ツバキ・ナカシマ,プライム,prime,機械,機械
20260331,6465,ホシザキ,プライム,prime,機械,機械
20260331,6466,ＴＶＥ,スタンダード,standard,機械,機械
20260331,6467,ニチダイ,スタンダード,standard,機械,機械
20260331,6469,放電精密加工研究所,スタンダード,standard,機械,機械
20260331,6470,大豊工業,スタンダード,standard,機械,機械
20260331,6471,日本精工,プライム,prime,機械,機械
20260331,6472,ＮＴＮ,プライム,prime,機械,機械
20260331,6473,ジェイテクト,プライム,prime,機械,機械
20260331,6474,不二越,プライム,prime,機械,機械
20260331,6479,ミネベアミツミ,プライム,prime,電気機器,電機・精密
20260331,6480,日本トムソン,プライム,prime,機械,機械
20260331,6481,ＴＨＫ,プライム,prime,機械,機械
20260331,6482,ＹＵＳＨＩＮ,スタンダード,standard,機械,機械
20260331,6484,ＫＶＫ,スタンダード,standard,機械,機械
20260331,6485,前澤給装工業,スタンダード,standard,機械,機械
20260331,6486,イーグル工業,プライム,prime,機械,機械
20260331,6488,ヨシタケ,スタンダード,standard,機械,機械
20260331,6489,前澤工業,スタンダード,standard,機械,機械
20260331,6490,ＰＩＬＬＡＲ,プライム,prime,機械,機械
20260331,6492,岡野バルブ製造,スタンダード,standard,機械,機械
20260331,6493,ＮＩＴＴＡＮ,スタンダード,standard,輸送用機器,自動車・輸送機
20260331,6494,ＮＦＫホールディングス,スタンダード,standard,機械,機械
20260331,6495,宮入バルブ製作所,スタンダード,standard,機械,機械
20260331,6496,中北製作所,スタンダード,standard,機械,機械
20260331,6497,ハマイ,スタンダード,standard,機械,機械
20260331,6498,キッツ,プライム,prime,機械,機械
20260331,6501,日立製作所,プライム,prime,電気機器,電機・精密
20260331,6503,三菱電機,プライム,prime,電気機器,電機・精密
20260331,6504,富士電機,プライム,prime,電気機器,電機・精密
20260331,6505,東洋電機製造,スタンダード,standard,電気機器,電機・精密
20260331,6506,安川電機,プライム,prime,電気機器,電機・精密
20260331,6507,シンフォニアテクノロジー,プライム,prime,電気機器,電機・精密
20260331,6508,明電舎,プライム,prime,電気機器,電機・精密
20260331,6513,オリジン,スタンダード,standard,電気機器,電機・精密
20260331,6516,山洋電気,プライム,prime,電気機器,電機・精密
20260331,6517,デンヨー,プライム,prime,電気機器,電機・精密
20260331,6518,三相電機,スタンダード,standard,電気機器,電機・精密
20260331,6521,オキサイド,グロース,growth,電気機器,電機・精密
20260331,6522,アスタリスク,グロース,growth,電気機器,電機・精密
20260331,6523,ＰＨＣホールディングス,プライム,prime,電気機器,電機・精密
20260331,6524,湖北工業,スタンダード,standard,電気機器,電機・精密
20260331,6525,ＫＯＫＵＳＡＩ　ＥＬＥＣＴＲＩＣ,プライム,prime,電気機器,電機・精密
20260331,6526,ソシオネクスト,プライム,prime,電気機器,電機・精密
20260331,6532,ベイカレント,プライム,prime,サービス業,情報通信・サービスその他
20260331,6533,Ｏｒｃｈｅｓｔｒａ　Ｈｏｌｄｉｎｇｓ,プライム,prime,サービス業,情報通信・サービスその他
20260331,6535,アイモバイル,プライム,prime,サービス業,情報通信・サービスその他
20260331,6537,ＷＡＳＨハウス,グロース,growth,サービス業,情報通信・サービスその他
20260331,6538,ディスラプターズ,スタンダード,standard,サービス業,情報通信・サービスその他
20260331,6539,ＭＳ－Ｊａｐａｎ,プライム,prime,サービス業,情報通信・サービスその他
20260331,6540,船場,スタンダード,standard,サービス業,情報通信・サービスその他
20260331,6543,日宣,スタンダード,standard,サービス業,情報通信・サービスその他
20260331,6544,ジャパンエレベーターサービスホールディングス,プライム,prime,サービス業,情報通信・サービスその他
20260331,6545,インターネットインフィニティー,グロース,growth,サービス業,情報通信・サービスその他
20260331,6546,フルテック,スタンダード,standard,サービス業,情報通信・サービスその他
20260331,6547,グリーンズ,スタンダード,standard,サービス業,情報通信・サービスその他
20260331,6548,旅工房,グロース,growth,サービス業,情報通信・サービスその他
20260331,6549,ディーエムソリューションズ,スタンダード,standard,サービス業,情報通信・サービスその他
20260331,6551,ツナググループ・ホールディングス,スタンダード,standard,サービス業,情報通信・サービスその他
20260331,6552,ＧａｍｅＷｉｔｈ,スタンダード,standard,サービス業,情報通信・サービスその他
20260331,6554,エスユーエス,グロース,growth,サービス業,情報通信・サービスその他
20260331,6555,ＭＳ＆Ｃｏｎｓｕｌｔｉｎｇ,スタンダード,standard,サービス業,情報通信・サービスその他
20260331,6557,ＡＩＡＩグループ,グロース,growth,サービス業,情報通信・サービスその他
20260331,6558,クックビズ,グロース,growth,サービス業,情報通信・サービスその他
20260331,6560,エル・ティー・エス,プライム,prime,サービス業,情報通信・サービスその他
20260331,6561,ＨＡＮＡＴＯＵＲ　ＪＡＰＡＮ,グロース,growth,サービス業,情報通信・サービスその他
20260331,6562,ジーニー,グロース,growth,サービス業,情報通信・サービスその他
20260331,6563,みらいワークス,グロース,growth,サービス業,情報通信・サービスその他
20260331,6564,ミダックホールディングス,プライム,prime,サービス業,情報通信・サービスその他
20260331,6565,ＡＢホテル,スタンダード,standard,サービス業,情報通信・サービスその他
20260331,6566,要興業,スタンダード,standard,サービス業,情報通信・サービスその他
20260331,6568,神戸天然物化学,グロース,growth,サービス業,情報通信・サービスその他
20260331,6570,共和コーポレーション,スタンダード,standard,サービス業,情報通信・サービスその他
20260331,6571,キュービーネットホールディングス,プライム,prime,サービス業,情報通信・サービスその他
20260331,6572,オープングループ,プライム,prime,サービス業,情報通信・サービスその他
20260331,6573,ＣＲＡＶＩＡ,グロース,growth,サービス業,情報通信・サービスその他
20260331,6574,コンヴァノ,グロース,growth,サービス業,情報通信・サービスその他
20260331,6577,ベストワンドットコム,グロース,growth,サービス業,情報通信・サービスその他
20260331,6578,コレックホールディングス,スタンダード,standard,サービス業,情報通信・サービスその他
20260331,6579,ログリー,グロース,growth,サービス業,情報通信・サービスその他
20260331,6580,ライトアップ,グロース,growth,サービス業,情報通信・サービスその他
20260331,6584,三櫻工業,プライム,prime,輸送用機器,自動車・輸送機
20260331,6586,マキタ,プライム,prime,機械,機械
20260331,6588,東芝テック,プライム,prime,電気機器,電機・精密
20260331,6590,芝浦メカトロニクス,プライム,prime,電気機器,電機・精密
20260331,6592,マブチモーター,プライム,prime,電気機器,電機・精密
20260331,6594,ニデック,プライム,prime,電気機器,電機・精密
20260331,6597,ＨＰＣシステムズ,グロース,growth,電気機器,電機・精密
20260331,6599,エブレン,スタンダード,standard,電気機器,電機・精密
20260331,6612,バルミューダ,グロース,growth,電気機器,電機・精密
20260331,6613,ＱＤレーザ,グロース,growth,電気機器,電機・精密
20260331,6614,シキノハイテック,スタンダード,standard,電気機器,電機・精密
20260331,6615,ユー・エム・シー・エレクトロニクス,プライム,prime,電気機器,電機・精密
20260331,6616,トレックス・セミコンダクター,プライム,prime,電気機器,電機・精密
20260331,6617,東光高岳,プライム,prime,電気機器,電機・精密
20260331,6619,ダブル・スコープ,プライム,prime,電気機器,電機・精密
20260331,6620,宮越ホールディングス,プライム,prime,不動産業,不動産
20260331,6622,ダイヘン,プライム,prime,電気機器,電機・精密
20260331,6625,ＪＡＬＣＯホールディングス,スタンダード,standard,不動産業,不動産
20260331,6626,ＳＥＭＩＴＥＣ,スタンダード,standard,電気機器,電機・精密
20260331,6627,テラプローブ,スタンダード,standard,電気機器,電機・精密
20260331,6629,テクノホライゾン,スタンダード,standard,電気機器,電機・精密
20260331,6630,ヤーマン,プライム,prime,電気機器,電機・精密
20260331,6632,ＪＶＣケンウッド,プライム,prime,電気機器,電機・精密
20260331,6633,ＣＧＳホールディングス,スタンダード,standard,電気機器,電機・精密
20260331,6634,ＪＮグループ,スタンダード,standard,電気機器,電機・精密
20260331,6635,大日光・エンジニアリング,スタンダード,standard,電気機器,電機・精密
20260331,6637,寺崎電気産業,スタンダード,standard,電気機器,電機・精密
20260331,6638,ミマキエンジニアリング,プライム,prime,電気機器,電機・精密
20260331,6643,戸上電機製作所,スタンダード,standard,電気機器,電機・精密
20260331,6644,大崎電気工業,プライム,prime,電気機器,電機・精密
20260331,6645,オムロン,プライム,prime,電気機器,電機・精密
20260331,6647,森尾電機,スタンダード,standard,電気機器,電機・精密
20260331,6648,かわでん,スタンダード,standard,電気機器,電機・精密
20260331,6651,日東工業,プライム,prime,電気機器,電機・精密
20260331,6652,ＩＤＥＣ,プライム,prime,電気機器,電機・精密
20260331,6653,正興電機製作所,プライム,prime,電気機器,電機・精密
20260331,6654,不二電機工業,スタンダード,standard,電気機器,電機・精密
20260331,6656,インスペック,スタンダード,standard,電気機器,電機・精密
20260331,6658,シライ電子工業,スタンダード,standard,電気機器,電機・精密
20260331,6659,メディアリンクス,スタンダード,standard,電気機器,電機・精密
20260331,6662,ユビテック,スタンダード,standard,電気機器,電機・精密
20260331,6663,太洋テクノレックス,スタンダード,standard,電気機器,電機・精密
20260331,6664,オプトエレクトロニクス,スタンダード,standard,電気機器,電機・精密
20260331,6666,リバーエレテック,スタンダード,standard,電気機器,電機・精密
20260331,6668,アドテック　プラズマ　テクノロジー,スタンダード,standard,電気機器,電機・精密
20260331,6670,ＭＣＪ,スタンダード,standard,電気機器,電機・精密
20260331,6674,ジーエス・ユアサ　コーポレーション,プライム,prime,電気機器,電機・精密
20260331,6675,サクサ,スタンダード,standard,電気機器,電機・精密
20260331,6676,ＢＵＦＦＡＬＯ,スタンダード,standard,電気機器,電機・精密
20260331,6677,エスケーエレクトロニクス,スタンダード,standard,電気機器,電機・精密
20260331,6678,テクノメディカ,スタンダード,standard,電気機器,電機・精密
20260331,6694,ズーム,スタンダード,standard,電気機器,電機・精密
20260331,6696,トラース・オン・プロダクト,グロース,growth,電気機器,電機・精密
20260331,6699,ダイヤモンドエレクトリックホールディングス,プライム,prime,電気機器,電機・精密
20260331,6701,日本電気,プライム,prime,電気機器,電機・精密
20260331,6702,富士通,プライム,prime,電気機器,電機・精密
20260331,6703,沖電気工業,プライム,prime,電気機器,電機・精密
20260331,6706,電気興業,プライム,prime,電気機器,電機・精密
20260331,6707,サンケン電気,プライム,prime,電気機器,電機・精密
20260331,6718,アイホン,プライム,prime,電気機器,電機・精密
20260331,6721,ウインテスト,スタンダード,standard,電気機器,電機・精密
20260331,6723,ルネサスエレクトロニクス,プライム,prime,電気機器,電機・精密
20260331,6724,セイコーエプソン,プライム,prime,電気機器,電機・精密
20260331,6727,ワコム,プライム,prime,電気機器,電機・精密
20260331,6728,アルバック,プライム,prime,電気機器,電機・精密
20260331,6730,アクセル,スタンダード,standard,電気機器,電機・精密
20260331,6731,ピクセラ,スタンダード,standard,電気機器,電機・精密
20260331,6736,サン電子,スタンダード,standard,電気機器,電機・精密
20260331,6737,ＥＩＺＯ,プライム,prime,電気機器,電機・精密
20260331,6740,ジャパンディスプレイ,プライム,prime,電気機器,電機・精密
20260331,6741,日本信号,プライム,prime,電気機器,電機・精密
20260331,6742,京三製作所,プライム,prime,電気機器,電機・精密
20260331,6743,大同信号,スタンダード,standard,電気機器,電機・精密
20260331,6744,能美防災,プライム,prime,電気機器,電機・精密
20260331,6745,ホーチキ,プライム,prime,電気機器,電機・精密
20260331,6748,星和電機,スタンダード,standard,電気機器,電機・精密
20260331,6750,エレコム,プライム,prime,電気機器,電機・精密
20260331,6752,パナソニック　ホールディングス,プライム,prime,電気機器,電機・精密
20260331,6753,シャープ,プライム,prime,電気機器,電機・精密
20260331,6754,アンリツ,プライム,prime,電気機器,電機・精密
20260331,6757,ＯＳＧコーポレーション,スタンダード,standard,電気機器,電機・精密
20260331,6758,ソニーグループ,プライム,prime,電気機器,電機・精密
20260331,6762,ＴＤＫ,プライム,prime,電気機器,電機・精密
20260331,6763,帝国通信工業,プライム,prime,電気機器,電機・精密
20260331,6768,タムラ製作所,プライム,prime,電気機器,電機・精密
20260331,6769,ザインエレクトロニクス,スタンダード,standard,電気機器,電機・精密
20260331,6770,アルプスアルパイン,プライム,prime,電気機器,電機・精密
20260331,6771,池上通信機,スタンダード,standard,電気機器,電機・精密
20260331,6772,東京コスモス電機,スタンダード,standard,電気機器,電機・精密
20260331,6775,ＴＢグループ,スタンダード,standard,電気機器,電機・精密
20260331,6776,天昇電気工業,スタンダード,standard,化学,素材・化学
20260331,6777,ｓａｎｔｅｃ　Ｈｏｌｄｉｎｇｓ,スタンダード,standard,電気機器,電機・精密
20260331,6778,アルチザネットワークス,スタンダード,standard,電気機器,電機・精密
20260331,6779,日本電波工業,プライム,prime,電気機器,電機・精密
20260331,6785,鈴木,プライム,prime,電気機器,電機・精密
20260331,6786,ＲＶＨ,スタンダード,standard,サービス業,情報通信・サービスその他
20260331,6787,メイコー,プライム,prime,電気機器,電機・精密
20260331,6788,日本トリム,プライム,prime,電気機器,電機・精密
20260331,6794,フォスター電機,プライム,prime,電気機器,電機・精密
20260331,6797,名古屋電機工業,スタンダード,standard,電気機器,電機・精密
20260331,6798,ＳＭＫ,プライム,prime,電気機器,電機・精密
20260331,6800,ヨコオ,プライム,prime,電気機器,電機・精密
20260331,6803,ティアック,スタンダード,standard,電気機器,電機・精密
20260331,6804,ホシデン,プライム,prime,電気機器,電機・精密
20260331,6806,ヒロセ電機,プライム,prime,電気機器,電機・精密
20260331,6807,日本航空電子工業,プライム,prime,電気機器,電機・精密
20260331,6809,ＴＯＡ,プライム,prime,電気機器,電機・精密
20260331,6810,マクセル,プライム,prime,電気機器,電機・精密
20260331,6814,古野電気,プライム,prime,電気機器,電機・精密
20260331,6817,スミダコーポレーション,プライム,prime,電気機器,電機・精密
20260331,6819,伊豆シャボテンリゾート,スタンダード,standard,サービス業,情報通信・サービスその他
20260331,6820,アイコム,プライム,prime,電気機器,電機・精密
20260331,6822,大井電気,スタンダード,standard,電気機器,電機・精密
20260331,6823,リオン,プライム,prime,電気機器,電機・精密
20260331,6824,新コスモス電機,スタンダード,standard,電気機器,電機・精密
20260331,6832,アオイ電子,スタンダード,standard,電気機器,電機・精密
20260331,6834,精工技研,スタンダード,standard,電気機器,電機・精密
20260331,6835,アライドテレシスホールディングス,スタンダード,standard,電気機器,電機・精密
20260331,6836,ぷらっとホーム,スタンダード,standard,電気機器,電機・精密
20260331,6837,京写,スタンダード,standard,電気機器,電機・精密
20260331,6838,多摩川ホールディングス,スタンダード,standard,電気機器,電機・精密
20260331,6840,ＡＫＩＢＡホールディングス,スタンダード,standard,電気機器,電機・精密
20260331,6841,横河電機,プライム,prime,電気機器,電機・精密
20260331,6844,新電元工業,プライム,prime,電気機器,電機・精密
20260331,6845,アズビル,プライム,prime,電気機器,電機・精密
20260331,6848,東亜ディーケーケー,スタンダード,standard,電気機器,電機・精密
20260331,6849,日本光電工業,プライム,prime,電気機器,電機・精密
20260331,6850,チノー,プライム,prime,電気機器,電機・精密
20260331,6853,共和電業,スタンダード,standard,電気機器,電機・精密
20260331,6855,日本電子材料,スタンダード,standard,電気機器,電機・精密
20260331,6856,堀場製作所,プライム,prime,電気機器,電機・精密
20260331,6857,アドバンテスト,プライム,prime,電気機器,電機・精密
20260331,6858,小野測器,スタンダード,standard,電気機器,電機・精密
20260331,6859,エスペック,プライム,prime,電気機器,電機・精密
20260331,6861,キーエンス,プライム,prime,電気機器,電機・精密
20260331,6862,ミナトホールディングス,スタンダード,standard,電気機器,電機・精密
20260331,6863,ニレコ,スタンダード,standard,電気機器,電機・精密
20260331,6864,エヌエフホールディングス,スタンダード,standard,電気機器,電機・精密
20260331,6866,日置電機,プライム,prime,電気機器,電機・精密
20260331,6867,リーダー電子,スタンダード,standard,電気機器,電機・精密
20260331,6869,シスメックス,プライム,prime,電気機器,電機・精密
20260331,6870,日本フェンオール,スタンダード,standard,電気機器,電機・精密
20260331,6871,日本マイクロニクス,プライム,prime,電気機器,電機・精密
20260331,6874,協立電機,スタンダード,standard,電気機器,電機・精密
20260331,6875,メガチップス,プライム,prime,電気機器,電機・精密
20260331,6877,ＯＢＡＲＡ　ＧＲＯＵＰ,スタンダード,standard,電気機器,電機・精密
20260331,6882,三社電機製作所,スタンダード,standard,電気機器,電機・精密
20260331,6888,アクモス,スタンダード,standard,情報・通信業,情報通信・サービスその他
20260331,6890,フェローテック,スタンダード,standard,電気機器,電機・精密
20260331,6894,パルステック工業,スタンダード,standard,電気機器,電機・精密
20260331,6897,ツインバード,スタンダード,standard,電気機器,電機・精密
20260331,6898,トミタ電機,スタンダード,standard,電気機器,電機・精密
20260331,6899,ＡＳＴＩ,スタンダード,standard,電気機器,電機・精密
20260331,6901,澤藤電機,スタンダード,standard,電気機器,電機・精密
20260331,6902,デンソー,プライム,prime,輸送用機器,自動車・輸送機
20260331,6904,原田工業,スタンダード,standard,電気機器,電機・精密
20260331,6905,コーセル,プライム,prime,電気機器,電機・精密
20260331,6907,ジオマテック,スタンダード,standard,電気機器,電機・精密
20260331,6908,イリソ電子工業,プライム,prime,電気機器,電機・精密
20260331,6912,菊水ホールディングス,スタンダード,standard,電気機器,電機・精密
20260331,6914,オプテックスグループ,プライム,prime,電気機器,電機・精密
20260331,6915,千代田インテグレ,スタンダード,standard,電気機器,電機・精密
20260331,6918,アバールデータ,スタンダード,standard,電気機器,電機・精密
20260331,6919,ケル,スタンダード,standard,電気機器,電機・精密
20260331,6920,レーザーテック,プライム,prime,電気機器,電機・精密
20260331,6923,スタンレー電気,プライム,prime,電気機器,電機・精密
20260331,6925,ウシオ電機,プライム,prime,電気機器,電機・精密
20260331,6926,岡谷電機産業,スタンダード,standard,電気機器,電機・精密
20260331,6927,ヘリオス　テクノ　ホールディング,スタンダード,standard,電気機器,電機・精密
20260331,6928,エノモト,スタンダード,standard,電気機器,電機・精密
20260331,6929,日本セラミック,プライム,prime,電気機器,電機・精密
20260331,6932,遠藤照明,スタンダード,standard,電気機器,電機・精密
20260331,6941,山一電機,プライム,prime,電気機器,電機・精密
20260331,6942,ソフィアホールディングス,スタンダード,standard,情報・通信業,情報通信・サービスその他
20260331,6943,ＮＫＫスイッチズ,スタンダード,standard,電気機器,電機・精密
20260331,6946,日本アビオニクス,スタンダード,standard,電気機器,電機・精密
20260331,6947,図研,プライム,prime,電気機器,電機・精密
20260331,6951,日本電子,プライム,prime,電気機器,電機・精密
20260331,6952,カシオ計算機,プライム,prime,電気機器,電機・精密
20260331,6954,ファナック,プライム,prime,電気機器,電機・精密
20260331,6955,ＦＤＫ,スタンダード,standard,電気機器,電機・精密
20260331,6958,日本シイエムケイ,プライム,prime,電気機器,電機・精密
20260331,6960,フクダ電子,スタンダード,standard,電気機器,電機・精密
20260331,6961,エンプラス,プライム,prime,電気機器,電機・精密
20260331,6962,大真空,プライム,prime,電気機器,電機・精密
20260331,6963,ローム,プライム,prime,電気機器,電機・精密
20260331,6964,サンコー,スタンダード,standard,電気機器,電機・精密
20260331,6965,浜松ホトニクス,プライム,prime,電気機器,電機・精密
20260331,6966,三井ハイテック,プライム,prime,電気機器,電機・精密
20260331,6969,松尾電機,スタンダード,standard,電気機器,電機・精密
20260331,6971,京セラ,プライム,prime,電気機器,電機・精密
20260331,6976,太陽誘電,プライム,prime,電気機器,電機・精密
20260331,6977,日本抵抗器製作所,スタンダード,standard,電気機器,電機・精密
20260331,6981,村田製作所,プライム,prime,電気機器,電機・精密
20260331,6982,リード,スタンダード,standard,輸送用機器,自動車・輸送機
20260331,6986,双葉電子工業,プライム,prime,電気機器,電機・精密
20260331,6988,日東電工,プライム,prime,化学,素材・化学
20260331,6989,北陸電気工業,スタンダード,standard,電気機器,電機・精密
20260331,6993,大黒屋ホールディングス,スタンダード,standard,小売業,小売
20260331,6994,指月電機製作所,スタンダード,standard,電気機器,電機・精密
20260331,6995,東海理化電機製作所,プライム,prime,輸送用機器,自動車・輸送機
20260331,6996,ニチコン,プライム,prime,電気機器,電機・精密
20260331,6997,日本ケミコン,プライム,prime,電気機器,電機・精密
20260331,6998,日本タングステン,スタンダード,standard,電気機器,電機・精密
20260331,6999,ＫＯＡ,プライム,prime,電気機器,電機・精密
20260331,7003,三井Ｅ＆Ｓ,プライム,prime,機械,機械
20260331,7004,カナデビア,プライム,prime,機械,機械
20260331,7011,三菱重工業,プライム,prime,機械,機械
20260331,7012,川崎重工業,プライム,prime,輸送用機器,自動車・輸送機
20260331,7013,ＩＨＩ,プライム,prime,機械,機械
20260331,7014,名村造船所,スタンダード,standard,輸送用機器,自動車・輸送機
20260331,7018,内海造船,スタンダード,standard,輸送用機器,自動車・輸送機
20260331,7021,ニッチツ,スタンダード,standard,機械,機械
20260331,7022,サノヤスホールディングス,スタンダード,standard,機械,機械
20260331,7030,スプリックス,スタンダード,standard,サービス業,情報通信・サービスその他
20260331,7031,インバウンドテック,グロース,growth,サービス業,情報通信・サービスその他
20260331,7033,マネジメントソリューションズ,プライム,prime,サービス業,情報通信・サービスその他
20260331,7034,プロレド・パートナーズ,プライム,prime,サービス業,情報通信・サービスその他
20260331,7035,ａｎｄ　ｆａｃｔｏｒｙ,スタンダード,standard,サービス業,情報通信・サービスその他
20260331,7036,イーエムネットジャパン,グロース,growth,サービス業,情報通信・サービスその他
20260331,7037,テノ．ホールディングス,スタンダード,standard,サービス業,情報通信・サービスその他
20260331,7038,フロンティア・マネジメント,プライム,prime,サービス業,情報通信・サービスその他
20260331,7039,ブリッジインターナショナルグループ,グロース,growth,サービス業,情報通信・サービスその他
20260331,7040,サン・ライフホールディング,スタンダード,standard,サービス業,情報通信・サービスその他
20260331,7041,ＣＲＧホールディングス,グロース,growth,サービス業,情報通信・サービスその他
20260331,7042,アクセスグループ・ホールディングス,スタンダード,standard,サービス業,情報通信・サービスその他
20260331,7043,アルー,グロース,growth,サービス業,情報通信・サービスその他
20260331,7044,ピアラ,スタンダード,standard,サービス業,情報通信・サービスその他
20260331,7046,ＴＤＳＥ,グロース,growth,サービス業,情報通信・サービスその他
20260331,7047,ポート,グロース,growth,サービス業,情報通信・サービスその他
20260331,7048,ベルトラ,グロース,growth,サービス業,情報通信・サービスその他
20260331,7049,識学,グロース,growth,サービス業,情報通信・サービスその他
20260331,7050,フロンティアインターナショナル,グロース,growth,サービス業,情報通信・サービスその他
20260331,7057,エヌ・シー・エヌ,スタンダード,standard,サービス業,情報通信・サービスその他
20260331,7058,共栄セキュリティーサービス,スタンダード,standard,サービス業,情報通信・サービスその他
20260331,7059,コプロ・ホールディングス,プライム,prime,サービス業,情報通信・サービスその他
20260331,7060,ギークス,スタンダード,standard,サービス業,情報通信・サービスその他
20260331,7061,日本ホスピスホールディングス,グロース,growth,サービス業,情報通信・サービスその他
20260331,7062,フレアス,グロース,growth,サービス業,情報通信・サービスその他
20260331,7063,Ｂｉｒｄｍａｎ,グロース,growth,サービス業,情報通信・サービスその他
20260331,7064,ハウテレビジョン,スタンダード,standard,サービス業,情報通信・サービスその他
20260331,7065,ユーピーアール,スタンダード,standard,サービス業,情報通信・サービスその他
20260331,7066,ピアズ,グロース,growth,サービス業,情報通信・サービスその他
20260331,7067,ブランディングテクノロジー,グロース,growth,サービス業,情報通信・サービスその他
20260331,7068,フィードフォースグループ,グロース,growth,サービス業,情報通信・サービスその他
20260331,7069,サイバー・バズ,グロース,growth,サービス業,情報通信・サービスその他
20260331,7071,アンビスホールディングス,プライム,prime,サービス業,情報通信・サービスその他
20260331,7072,インティメート・マージャー,グロース,growth,サービス業,情報通信・サービスその他
20260331,7073,ジェイック,グロース,growth,サービス業,情報通信・サービスその他
20260331,7074,トゥエンティーフォーセブンホールディングス,グロース,growth,サービス業,情報通信・サービスその他
20260331,7075,ＱＬＳホールディングス,グロース,growth,サービス業,情報通信・サービスその他
20260331,7077,ＡＬｉＮＫインターネット,グロース,growth,サービス業,情報通信・サービスその他
20260331,7078,ＩＮＣＬＵＳＩＶＥ　Ｈｏｌｄｉｎｇｓ,グロース,growth,サービス業,情報通信・サービスその他
20260331,7079,ＷＤＢココ,グロース,growth,サービス業,情報通信・サービスその他
20260331,7080,スポーツフィールド,グロース,growth,サービス業,情報通信・サービスその他
20260331,7081,コーユーレンティア,スタンダード,standard,サービス業,情報通信・サービスその他
20260331,7082,ジモティー,グロース,growth,サービス業,情報通信・サービスその他
20260331,7083,ＡＨＣグループ,グロース,growth,サービス業,情報通信・サービスその他
20260331,7084,Ｓｍｉｌｅ　Ｈｏｌｄｉｎｇｓ,グロース,growth,サービス業,情報通信・サービスその他
20260331,7085,カーブスホールディングス,プライム,prime,サービス業,情報通信・サービスその他
20260331,7087,ウイルテック,スタンダード,standard,サービス業,情報通信・サービスその他
20260331,7088,フォーラムエンジニアリング,プライム,prime,サービス業,情報通信・サービスその他
20260331,7089,フォースタートアップス,グロース,growth,サービス業,情報通信・サービスその他
20260331,7090,リグア,グロース,growth,サービス業,情報通信・サービスその他
20260331,7091,リビングプラットフォーム,グロース,growth,サービス業,情報通信・サービスその他
20260331,7092,Ｆａｓｔ　Ｆｉｔｎｅｓｓ　Ｊａｐａｎ,プライム,prime,サービス業,情報通信・サービスその他
20260331,7093,アディッシュ,グロース,growth,サービス業,情報通信・サービスその他
20260331,7094,ＮｅｘＴｏｎｅ,グロース,growth,サービス業,情報通信・サービスその他
20260331,7095,Ｍａｃｂｅｅ　Ｐｌａｎｅｔ,プライム,prime,サービス業,情報通信・サービスその他
20260331,7096,ステムセル研究所,グロース,growth,サービス業,情報通信・サービスその他
20260331,7097,さくらさくプラス,グロース,growth,サービス業,情報通信・サービスその他
20260331,7102,日本車輌製造,プライム,prime,輸送用機器,自動車・輸送機
20260331,7105,三菱ロジスネクスト,スタンダード,standard,輸送用機器,自動車・輸送機
20260331,7110,クラシコム,グロース,growth,小売業,小売
20260331,7111,ＩＮＥＳＴ,スタンダード,standard,卸売業,商社・卸売
20260331,7112,キューブ,グロース,growth,小売業,小売
20260331,7114,フーディソン,グロース,growth,卸売業,商社・卸売
20260331,7115,アルファパーチェス,スタンダード,standard,卸売業,商社・卸売
20260331,7119,ハルメクホールディングス,グロース,growth,小売業,小売
20260331,7120,ＳＨＩＮＫＯ,スタンダード,standard,卸売業,商社・卸売
20260331,7122,近畿車輛,スタンダード,standard,輸送用機器,自動車・輸送機
20260331,7126,グローバルスタイル,スタンダード,standard,小売業,小売
20260331,7127,一家ホールディングス,スタンダード,standard,小売業,小売
20260331,7128,ユニソルホールディングス,プライム,prime,卸売業,商社・卸売
20260331,7129,ミアヘルサホールディングス,スタンダード,standard,小売業,小売
20260331,7130,ヤマエグループホールディングス,プライム,prime,卸売業,商社・卸売
20260331,7131,のむら産業,スタンダード,standard,卸売業,商社・卸売
20260331,7133,ＨＹＵＧＡ　ＰＲＩＭＡＲＹ　ＣＡＲＥ,グロース,growth,小売業,小売
20260331,7134,アップガレージグループ,スタンダード,standard,小売業,小売
20260331,7135,ジャパンクラフトホールディングス,スタンダード,standard,小売業,小売
20260331,7138,ＴＯＲＩＣＯ,グロース,growth,小売業,小売
20260331,7140,ペットゴー,グロース,growth,小売業,小売
20260331,7148,ＦＰＧ,プライム,prime,証券、商品先物取引業,金融（除く銀行）
20260331,7150,島根銀行,スタンダード,standard,銀行業,銀行
20260331,7157,ライフネット生命保険,プライム,prime,保険業,金融（除く銀行）
20260331,7161,じもとホールディングス,スタンダード,standard,銀行業,銀行
20260331,7162,アストマックス,スタンダード,standard,電気・ガス業,電力・ガス
20260331,7164,全国保証,プライム,prime,その他金融業,金融（除く銀行）
20260331,7167,めぶきフィナンシャルグループ,プライム,prime,銀行業,銀行
20260331,7172,ジャパンインベストメントアドバイザー,プライム,prime,証券、商品先物取引業,金融（除く銀行）
20260331,7173,東京きらぼしフィナンシャルグループ,プライム,prime,銀行業,銀行
20260331,7175,今村証券,スタンダード,standard,証券、商品先物取引業,金融（除く銀行）
20260331,7177,ＧＭＯフィナンシャルホールディングス,スタンダード,standard,証券、商品先物取引業,金融（除く銀行）
20260331,7180,九州フィナンシャルグループ,プライム,prime,銀行業,銀行
20260331,7181,かんぽ生命保険,プライム,prime,保険業,金融（除く銀行）
20260331,7182,ゆうちょ銀行,プライム,prime,銀行業,銀行
20260331,7183,あんしん保証,スタンダード,standard,その他金融業,金融（除く銀行）
20260331,7184,富山第一銀行,プライム,prime,銀行業,銀行
20260331,7185,ヒロセ通商,スタンダード,standard,証券、商品先物取引業,金融（除く銀行）
20260331,7186,横浜フィナンシャルグループ,プライム,prime,銀行業,銀行
20260331,7187,ジェイリース,プライム,prime,その他金融業,金融（除く銀行）
20260331,7189,西日本フィナンシャルホールディングス,プライム,prime,銀行業,銀行
20260331,7191,イントラスト,スタンダード,standard,その他金融業,金融（除く銀行）
20260331,7192,日本モーゲージサービス,スタンダード,standard,その他金融業,金融（除く銀行）
20260331,7196,Ｃａｓａ,スタンダード,standard,その他金融業,金融（除く銀行）
20260331,7198,ＳＢＩアルヒ,プライム,prime,その他金融業,金融（除く銀行）
20260331,7199,プレミアグループ,プライム,prime,その他金融業,金融（除く銀行）
20260331,7201,日産自動車,プライム,prime,輸送用機器,自動車・輸送機
20260331,7202,いすゞ自動車,プライム,prime,輸送用機器,自動車・輸送機
20260331,7203,トヨタ自動車,プライム,prime,輸送用機器,自動車・輸送機
20260331,7208,カネミツ,スタンダード,standard,輸送用機器,自動車・輸送機
20260331,7211,三菱自動車工業,プライム,prime,輸送用機器,自動車・輸送機
20260331,7212,エフテック,スタンダード,standard,輸送用機器,自動車・輸送機
20260331,7213,レシップホールディングス,スタンダード,standard,輸送用機器,自動車・輸送機
20260331,7214,ＧＭＢ,スタンダード,standard,輸送用機器,自動車・輸送機
20260331,7215,ファルテック,スタンダード,standard,輸送用機器,自動車・輸送機
20260331,7217,テイン,スタンダード,standard,輸送用機器,自動車・輸送機
20260331,7218,田中精密工業,スタンダード,standard,輸送用機器,自動車・輸送機
20260331,7219,エッチ・ケー・エス,スタンダード,standard,輸送用機器,自動車・輸送機
20260331,7220,武蔵精密工業,プライム,prime,輸送用機器,自動車・輸送機
20260331,7222,日産車体,スタンダード,standard,輸送用機器,自動車・輸送機
20260331,7224,新明和工業,プライム,prime,輸送用機器,自動車・輸送機
20260331,7226,極東開発工業,プライム,prime,輸送用機器,自動車・輸送機
20260331,7228,デイトナ,スタンダード,standard,輸送用機器,自動車・輸送機
20260331,7229,ユタカ技研,スタンダード,standard,輸送用機器,自動車・輸送機
20260331,7231,トピー工業,プライム,prime,輸送用機器,自動車・輸送機
20260331,7235,東京ラヂエーター製造,スタンダード,standard,輸送用機器,自動車・輸送機
20260331,7236,ティラド,プライム,prime,輸送用機器,自動車・輸送機
20260331,7238,曙ブレーキ工業,プライム,prime,輸送用機器,自動車・輸送機
20260331,7239,タチエス,プライム,prime,輸送用機器,自動車・輸送機
20260331,7240,ＮＯＫ,プライム,prime,輸送用機器,自動車・輸送機
20260331,7241,フタバ産業,プライム,prime,輸送用機器,自動車・輸送機
20260331,7242,カヤバ,プライム,prime,輸送用機器,自動車・輸送機
20260331,7244,市光工業,プライム,prime,電気機器,電機・精密
20260331,7245,大同メタル工業,プライム,prime,輸送用機器,自動車・輸送機
20260331,7246,プレス工業,プライム,prime,輸送用機器,自動車・輸送機
20260331,7247,ミクニ,スタンダード,standard,輸送用機器,自動車・輸送機
20260331,7254,ユニバンス,スタンダード,standard,輸送用機器,自動車・輸送機
20260331,7255,桜井製作所,スタンダード,standard,輸送用機器,自動車・輸送機
20260331,7256,河西工業,スタンダード,standard,輸送用機器,自動車・輸送機
20260331,7259,アイシン,プライム,prime,輸送用機器,自動車・輸送機
20260331,7261,マツダ,プライム,prime,輸送用機器,自動車・輸送機
20260331,7264,ムロコーポレーション,スタンダード,standard,輸送用機器,自動車・輸送機
20260331,7265,エイケン工業,スタンダード,standard,輸送用機器,自動車・輸送機
20260331,7266,今仙電機製作所,スタンダード,standard,輸送用機器,自動車・輸送機
20260331,7267,本田技研工業,プライム,prime,輸送用機器,自動車・輸送機
20260331,7269,スズキ,プライム,prime,輸送用機器,自動車・輸送機
20260331,7270,ＳＵＢＡＲＵ,プライム,prime,輸送用機器,自動車・輸送機
20260331,7271,安永,スタンダード,standard,輸送用機器,自動車・輸送機
20260331,7272,ヤマハ発動機,プライム,prime,輸送用機器,自動車・輸送機
20260331,7273,イクヨ,スタンダード,standard,輸送用機器,自動車・輸送機
20260331,7276,小糸製作所,プライム,prime,電気機器,電機・精密
20260331,7277,ＴＢＫ,スタンダード,standard,輸送用機器,自動車・輸送機
20260331,7278,エクセディ,プライム,prime,輸送用機器,自動車・輸送機
20260331,7279,ハイレックスコーポレーション,スタンダード,standard,輸送用機器,自動車・輸送機
20260331,7280,ミツバ,プライム,prime,電気機器,電機・精密
20260331,7282,豊田合成,プライム,prime,輸送用機器,自動車・輸送機
20260331,7283,愛三工業,プライム,prime,輸送用機器,自動車・輸送機
20260331,7284,盟和産業,スタンダード,standard,輸送用機器,自動車・輸送機
20260331,7287,日本精機,スタンダード,standard,輸送用機器,自動車・輸送機
20260331,7291,日本プラスト,スタンダード,standard,輸送用機器,自動車・輸送機
20260331,7292,村上開明堂,スタンダード,standard,輸送用機器,自動車・輸送機
20260331,7294,ヨロズ,プライム,prime,輸送用機器,自動車・輸送機
20260331,7296,エフ・シー・シー,プライム,prime,輸送用機器,自動車・輸送機
20260331,7297,カーメイト,スタンダード,standard,輸送用機器,自動車・輸送機
20260331,7299,フジオーゼックス,スタンダード,standard,輸送用機器,自動車・輸送機
20260331,7305,新家工業,スタンダード,standard,鉄鋼,鉄鋼・非鉄
20260331,7309,シマノ,プライム,prime,輸送用機器,自動車・輸送機
20260331,7313,テイ・エス　テック,プライム,prime,輸送用機器,自動車・輸送機
20260331,7314,小田原機器,スタンダード,standard,輸送用機器,自動車・輸送機
20260331,7317,松屋アールアンドディ,グロース,growth,輸送用機器,自動車・輸送機
20260331,7318,セレンディップ・ホールディングス,グロース,growth,輸送用機器,自動車・輸送機
20260331,7320,Ｓｏｌｖｖｙ,グロース,growth,その他金融業,金融（除く銀行）
20260331,7322,三十三フィナンシャルグループ,プライム,prime,銀行業,銀行
20260331,7325,アイリックコーポレーション,グロース,growth,保険業,金融（除く銀行）
20260331,7326,ＳＢＩインシュアランスグループ,グロース,growth,保険業,金融（除く銀行）
20260331,7327,第四北越フィナンシャルグループ,プライム,prime,銀行業,銀行
20260331,7337,ひろぎんホールディングス,プライム,prime,銀行業,銀行
20260331,7343,ブロードマインド,グロース,growth,保険業,金融（除く銀行）
20260331,7345,アイ・パートナーズフィナンシャル,グロース,growth,その他金融業,金融（除く銀行）
20260331,7347,マーキュリアホールディングス,プライム,prime,証券、商品先物取引業,金融（除く銀行）
20260331,7350,おきなわフィナンシャルグループ,プライム,prime,銀行業,銀行
20260331,7351,グッドパッチ,グロース,growth,サービス業,情報通信・サービスその他
20260331,7352,ＴＷＯＳＴＯＮＥ＆Ｓｏｎｓ,グロース,growth,サービス業,情報通信・サービスその他
20260331,7353,ＫＩＹＯラーニング,グロース,growth,サービス業,情報通信・サービスその他
20260331,7354,ダイレクトマーケティングミックス,スタンダード,standard,サービス業,情報通信・サービスその他
20260331,7356,Ｒｅｔｔｙ,グロース,growth,サービス業,情報通信・サービスその他
20260331,7357,ジオコード,スタンダード,standard,サービス業,情報通信・サービスその他
20260331,7358,ポピンズ,スタンダード,standard,サービス業,情報通信・サービスその他
20260331,7359,東京通信グループ,グロース,growth,サービス業,情報通信・サービスその他
20260331,7360,オンデック,グロース,growth,サービス業,情報通信・サービスその他
20260331,7361,ヒューマンクリエイションホールディングス,グロース,growth,サービス業,情報通信・サービスその他
20260331,7362,Ｔ．Ｓ．Ｉ,グロース,growth,サービス業,情報通信・サービスその他
20260331,7363,ベビーカレンダー,グロース,growth,サービス業,情報通信・サービスその他
20260331,7366,ＬＩＴＡＬＩＣＯ,プライム,prime,サービス業,情報通信・サービスその他
20260331,7367,セルム,スタンダード,standard,サービス業,情報通信・サービスその他
20260331,7368,表示灯,スタンダード,standard,サービス業,情報通信・サービスその他
20260331,7369,メイホーホールディングス,グロース,growth,サービス業,情報通信・サービスその他
20260331,7370,Ｅｎｊｉｎ,グロース,growth,サービス業,情報通信・サービスその他
20260331,7371,Ｚｅｎｋｅｎ,グロース,growth,サービス業,情報通信・サービスその他
20260331,7372,デコルテ・ホールディングス,グロース,growth,サービス業,情報通信・サービスその他
20260331,7373,アイドマ・ホールディングス,グロース,growth,サービス業,情報通信・サービスその他
20260331,7374,コンフィデンス・インターワークス,グロース,growth,サービス業,情報通信・サービスその他
20260331,7375,リファインバースグループ,グロース,growth,サービス業,情報通信・サービスその他
20260331,7376,ＢＣＣ,グロース,growth,サービス業,情報通信・サービスその他
20260331,7377,ＤＮホールディングス,スタンダード,standard,サービス業,情報通信・サービスその他
20260331,7378,アシロ,グロース,growth,サービス業,情報通信・サービスその他
20260331,7380,十六フィナンシャルグループ,プライム,prime,銀行業,銀行
20260331,7381,ＣＣＩグループ,プライム,prime,銀行業,銀行
20260331,7383,ネットプロテクションズホールディングス,プライム,prime,その他金融業,金融（除く銀行）
20260331,7384,プロクレアホールディングス,プライム,prime,銀行業,銀行
20260331,7388,ＦＰパートナー,プライム,prime,保険業,金融（除く銀行）
20260331,7389,あいちフィナンシャルグループ,プライム,prime,銀行業,銀行
20260331,7399,ナンシン,スタンダード,standard,輸送用機器,自動車・輸送機
20260331,7409,ＡｅｒｏＥｄｇｅ,グロース,growth,輸送用機器,自動車・輸送機
20260331,7412,アトム,スタンダード,standard,小売業,小売
20260331,7413,創健社,スタンダード,standard,卸売業,商社・卸売
20260331,7414,小野建,プライム,prime,卸売業,商社・卸売
20260331,7416,はるやまホールディングス,スタンダード,standard,小売業,小売
20260331,7417,南陽,スタンダード,standard,卸売業,商社・卸売
20260331,7419,ノジマ,プライム,prime,小売業,小売
20260331,7421,カッパ・クリエイト,プライム,prime,小売業,小売
20260331,7422,東邦レマック,スタンダード,standard,卸売業,商社・卸売
20260331,7425,初穂商事,スタンダード,standard,卸売業,商社・卸売
20260331,7426,山大,スタンダード,standard,卸売業,商社・卸売
20260331,7427,エコートレーディング,スタンダード,standard,卸売業,商社・卸売
20260331,7433,伯東,プライム,prime,卸売業,商社・卸売
20260331,7434,オータケ,スタンダード,standard,卸売業,商社・卸売
20260331,7435,ナ・デックス,スタンダード,standard,卸売業,商社・卸売
20260331,7438,コンドーテック,プライム,prime,卸売業,商社・卸売
20260331,7442,中山福,スタンダード,standard,卸売業,商社・卸売
20260331,7443,横浜魚類,スタンダード,standard,卸売業,商社・卸売
20260331,7444,ハリマ共和物産,スタンダード,standard,卸売業,商社・卸売
20260331,7446,東北化学薬品,スタンダード,standard,卸売業,商社・卸売
20260331,7447,ナガイレーベン,プライム,prime,卸売業,商社・卸売
20260331,7453,良品計画,プライム,prime,小売業,小売
20260331,7456,松田産業,プライム,prime,卸売業,商社・卸売
20260331,7458,第一興商,プライム,prime,卸売業,商社・卸売
20260331,7459,メディパルホールディングス,プライム,prime,卸売業,商社・卸売
20260331,7460,ヤギ,スタンダード,standard,卸売業,商社・卸売
20260331,7461,キムラ,スタンダード,standard,卸売業,商社・卸売
20260331,7462,ＣＡＰＩＴＡ,スタンダード,standard,小売業,小売
20260331,7463,アドヴァングループ,スタンダード,standard,小売業,小売
20260331,7464,セフテック,スタンダード,standard,卸売業,商社・卸売
20260331,7466,ＳＰＫ,プライム,prime,卸売業,商社・卸売
20260331,7472,鳥羽洋行,スタンダード,standard,卸売業,商社・卸売
20260331,7475,アルビス,プライム,prime,小売業,小売
20260331,7476,アズワン,プライム,prime,卸売業,商社・卸売
20260331,7477,ムラキ,スタンダード,standard,卸売業,商社・卸売
20260331,7480,スズデン,スタンダード,standard,卸売業,商社・卸売
20260331,7481,尾家産業,スタンダード,standard,卸売業,商社・卸売
20260331,7482,シモジマ,プライム,prime,卸売業,商社・卸売
20260331,7483,ドウシシャ,プライム,prime,卸売業,商社・卸売
20260331,7486,サンリン,スタンダード,standard,卸売業,商社・卸売
20260331,7487,小津産業,スタンダード,standard,卸売業,商社・卸売
20260331,7490,日新商事,スタンダード,standard,卸売業,商社・卸売
20260331,7494,コナカ,スタンダード,standard,小売業,小売
20260331,7500,西川計測,スタンダード,standard,卸売業,商社・卸売
20260331,7501,ティムコ,スタンダード,standard,卸売業,商社・卸売
20260331,7502,プラザホールディングス,スタンダード,standard,サービス業,情報通信・サービスその他
20260331,7504,高速,プライム,prime,卸売業,商社・卸売
20260331,7505,扶桑電通,スタンダード,standard,卸売業,商社・卸売
20260331,7506,ハウス　オブ　ローゼ,スタンダード,standard,小売業,小売
20260331,7508,Ｇ‐７ホールディングス,プライム,prime,小売業,小売
20260331,7509,アイエーグループ,スタンダード,standard,小売業,小売
20260331,7510,たけびし,プライム,prime,卸売業,商社・卸売
20260331,7512,イオン北海道,スタンダード,standard,小売業,小売
20260331,7513,コジマ,プライム,prime,小売業,小売
20260331,7514,ヒマラヤ,スタンダード,standard,小売業,小売
20260331,7515,マルヨシセンター,スタンダード,standard,小売業,小売
20260331,7516,コーナン商事,プライム,prime,小売業,小売
20260331,7520,エコス,プライム,prime,小売業,小売
20260331,7521,ムサシ,スタンダード,standard,卸売業,商社・卸売
20260331,7522,ワタミ,プライム,prime,小売業,小売
20260331,7523,アールビバン,スタンダード,standard,小売業,小売
20260331,7524,マルシェ,スタンダード,standard,小売業,小売
20260331,7525,リックス,プライム,prime,卸売業,商社・卸売
20260331,7527,システムソフト,スタンダード,standard,情報・通信業,情報通信・サービスその他
20260331,7531,清和中央ホールディングス,スタンダード,standard,卸売業,商社・卸売
20260331,7532,パン・パシフィック・インターナショナルホールディングス,プライム,prime,小売業,小売
20260331,7537,丸文,プライム,prime,卸売業,商社・卸売
20260331,7538,大水,スタンダード,standard,卸売業,商社・卸売
20260331,7539,アイナボホールディングス,スタンダード,standard,卸売業,商社・卸売
20260331,7544,スリーエフ,スタンダード,standard,小売業,小売
20260331,7545,西松屋チェーン,プライム,prime,小売業,小売
20260331,7550,ゼンショーホールディングス,プライム,prime,小売業,小売
20260331,75505,ゼンショーホールディングス第１回社債型種類株式,プライム,prime,小売業,小売
20260331,7551,ウェッズ,スタンダード,standard,輸送用機器,自動車・輸送機
20260331,7552,ハピネット,プライム,prime,卸売業,商社・卸売
20260331,7554,幸楽苑,プライム,prime,小売業,小売
20260331,7555,大田花き,スタンダード,standard,卸売業,商社・卸売
20260331,7561,ハークスレイ,スタンダード,standard,小売業,小売
20260331,7562,安楽亭,スタンダード,standard,小売業,小売
20260331,7564,ワークマン,スタンダード,standard,小売業,小売
20260331,7565,萬世電機,スタンダード,standard,卸売業,商社・卸売
20260331,7567,栄電子,スタンダード,standard,卸売業,商社・卸売
20260331,7570,橋本総業ホールディングス,スタンダード,standard,卸売業,商社・卸売
20260331,7571,ヤマノホールディングス,スタンダード,standard,小売業,小売
20260331,7575,日本ライフライン,プライム,prime,卸売業,商社・卸売
20260331,7578,ニチリョク,スタンダード,standard,小売業,小売
20260331,7581,サイゼリヤ,プライム,prime,小売業,小売
20260331,7585,かんなん丸,スタンダード,standard,小売業,小売
20260331,7590,タカショー,スタンダード,standard,卸売業,商社・卸売
20260331,7593,ＶＴホールディングス,プライム,prime,小売業,小売
20260331,7595,アルゴグラフィックス,プライム,prime,情報・通信業,情報通信・サービスその他
20260331,7596,魚力,プライム,prime,小売業,小売
20260331,7599,ＩＤＯＭ,プライム,prime,卸売業,商社・卸売
20260331,7600,日本エム・ディ・エム,プライム,prime,精密機器,電機・精密
20260331,7601,ポプラ,スタンダード,standard,小売業,小売
20260331,7602,レダックス,スタンダード,standard,卸売業,商社・卸売
20260331,7603,ジーイエット,スタンダード,standard,小売業,小売
20260331,7604,梅の花グループ,スタンダード,standard,小売業,小売
20260331,7606,ユナイテッドアローズ,プライム,prime,小売業,小売
20260331,7607,進和,プライム,prime,卸売業,商社・卸売
20260331,7608,エスケイジャパン,スタンダード,standard,卸売業,商社・卸売
20260331,7609,ダイトロン,プライム,prime,卸売業,商社・卸売
20260331,7610,テイツー,スタンダード,standard,小売業,小売
20260331,7611,ハイデイ日高,プライム,prime,小売業,小売
20260331,7613,シークス,プライム,prime,卸売業,商社・卸売
20260331,7614,オーエムツーネットワーク,スタンダード,standard,小売業,小売
20260331,7615,京都きもの友禅ホールディングス,スタンダード,standard,小売業,小売
20260331,7616,コロワイド,プライム,prime,小売業,小売
20260331,7619,田中商事,スタンダード,standard,卸売業,商社・卸売
20260331,7621,うかい,スタンダード,standard,小売業,小売
20260331,7624,ＮａＩＴＯ,スタンダード,standard,卸売業,商社・卸売
20260331,7625,グローバルダイニング,スタンダード,standard,小売業,小売
20260331,7628,オーハシテクニカ,プライム,prime,卸売業,商社・卸売
20260331,7630,壱番屋,プライム,prime,小売業,小売
20260331,7634,星医療酸器,スタンダード,standard,卸売業,商社・卸売
20260331,7636,ハンズマン,スタンダード,standard,小売業,小売
20260331,7637,白銅,プライム,prime,卸売業,商社・卸売
20260331,7638,ＮＥＷ　ＡＲＴ　ＨＯＬＤＩＮＧＳ,スタンダード,standard,小売業,小売
20260331,7640,トップカルチャー,スタンダード,standard,小売業,小売
20260331,7643,ダイイチ,スタンダード,standard,小売業,小売
20260331,7646,ＰＬＡＮＴ,スタンダード,standard,小売業,小売
20260331,7649,スギホールディングス,プライム,prime,小売業,小売
20260331,7670,オーウエル,スタンダード,standard,卸売業,商社・卸売
20260331,7673,ダイコー通産,スタンダード,standard,卸売業,商社・卸売
20260331,7674,ＮＡＴＴＹ　ＳＷＡＮＫＹホールディングス,グロース,growth,小売業,小売
20260331,7677,ヤシマキザイ,スタンダード,standard,卸売業,商社・卸売
20260331,7678,あさくま,スタンダード,standard,小売業,小売
20260331,7679,薬王堂ホールディングス,プライム,prime,小売業,小売
20260331,7681,レオクラン,スタンダード,standard,卸売業,商社・卸売
20260331,7682,浜木綿,スタンダード,standard,小売業,小売
20260331,7683,ダブルエー,プライム,prime,小売業,小売
20260331,7685,ＢｕｙＳｅｌｌ　Ｔｅｃｈｎｏｌｏｇｉｅｓ,グロース,growth,卸売業,商社・卸売
20260331,7686,ひとまいる,スタンダード,standard,小売業,小売
20260331,7687,ミクリード,グロース,growth,卸売業,商社・卸売
20260331,7689,コパ・コーポレーション,グロース,growth,卸売業,商社・卸売
20260331,7692,アースインフィニティ,スタンダード,standard,電気・ガス業,電力・ガス
20260331,7694,いつも,グロース,growth,小売業,小売
20260331,7695,交換できるくん,グロース,growth,小売業,小売
20260331,7698,アイスコ,スタンダード,standard,卸売業,商社・卸売
20260331,7701,島津製作所,プライム,prime,精密機器,電機・精密
20260331,7702,ＪＭＳ,スタンダード,standard,精密機器,電機・精密
20260331,7707,プレシジョン・システム・サイエンス,グロース,growth,精密機器,電機・精密
20260331,7709,クボテック,スタンダード,standard,精密機器,電機・精密
20260331,7711,助川電気工業,スタンダード,standard,精密機器,電機・精密
20260331,7713,シグマ光機,スタンダード,standard,精密機器,電機・精密
20260331,7715,長野計器,プライム,prime,精密機器,電機・精密
20260331,7716,ナカニシ,スタンダード,standard,精密機器,電機・精密
20260331,7717,ブイ・テクノロジー,プライム,prime,精密機器,電機・精密
20260331,7719,東京衡機,スタンダード,standard,精密機器,電機・精密
20260331,7721,東京計器,プライム,prime,精密機器,電機・精密
20260331,7722,国際計測器,スタンダード,standard,精密機器,電機・精密
20260331,7723,愛知時計電機,プライム,prime,精密機器,電機・精密
20260331,7725,インターアクション,プライム,prime,精密機器,電機・精密
20260331,7726,黒田精工,スタンダード,standard,機械,機械
20260331,7727,オーバル,スタンダード,standard,精密機器,電機・精密
20260331,7729,東京精密,プライム,prime,精密機器,電機・精密
20260331,7730,マニー,プライム,prime,精密機器,電機・精密
20260331,7731,ニコン,プライム,prime,精密機器,電機・精密
20260331,7733,オリンパス,プライム,prime,精密機器,電機・精密
20260331,7734,理研計器,プライム,prime,精密機器,電機・精密
20260331,7735,ＳＣＲＥＥＮホールディングス,プライム,prime,電気機器,電機・精密
20260331,7739,キヤノン電子,プライム,prime,電気機器,電機・精密
20260331,7740,タムロン,プライム,prime,精密機器,電機・精密
20260331,7741,ＨＯＹＡ,プライム,prime,精密機器,電機・精密
20260331,7743,シード,スタンダード,standard,精密機器,電機・精密
20260331,7744,ノーリツ鋼機,プライム,prime,精密機器,電機・精密
20260331,7745,Ａ＆Ｄホロンホールディングス,プライム,prime,精密機器,電機・精密
20260331,7746,岡本硝子,スタンダード,standard,精密機器,電機・精密
20260331,7747,朝日インテック,プライム,prime,精密機器,電機・精密
20260331,7749,メディキット,スタンダード,standard,精密機器,電機・精密
20260331,7751,キヤノン,プライム,prime,電気機器,電機・精密
20260331,7752,リコー,プライム,prime,電気機器,電機・精密
20260331,7760,ＩＭＶ,スタンダード,standard,精密機器,電機・精密
20260331,7762,シチズン時計,プライム,prime,精密機器,電機・精密
20260331,7769,リズム,プライム,prime,精密機器,電機・精密
20260331,7771,日本精密,スタンダード,standard,精密機器,電機・精密
20260331,7774,ジャパン・ティッシュエンジニアリング,グロース,growth,精密機器,電機・精密
20260331,7775,大研医器,スタンダード,standard,精密機器,電機・精密
20260331,7776,セルシード,グロース,growth,精密機器,電機・精密
20260331,7777,スリー・ディー・マトリックス,グロース,growth,精密機器,電機・精密
20260331,7779,ＣＹＢＥＲＤＹＮＥ,グロース,growth,精密機器,電機・精密
20260331,7780,メニコン,プライム,prime,精密機器,電機・精密
20260331,7781,平山ホールディングス,スタンダード,standard,精密機器,電機・精密
20260331,7782,シンシア,スタンダード,standard,精密機器,電機・精密
20260331,7791,ドリームベッド,スタンダード,standard,その他製品,情報通信・サービスその他
20260331,7792,コラントッテ,グロース,growth,その他製品,情報通信・サービスその他
20260331,7793,イメージ・マジック,グロース,growth,その他製品,情報通信・サービスその他
20260331,7794,イーディーピー,グロース,growth,その他製品,情報通信・サービスその他
20260331,7795,ＫＹＯＲＩＴＳＵ,スタンダード,standard,その他製品,情報通信・サービスその他
20260331,7800,アミファ,スタンダード,standard,その他製品,情報通信・サービスその他
20260331,7803,ブシロード,グロース,growth,その他製品,情報通信・サービスその他
20260331,7804,ビーアンドピー,スタンダード,standard,その他製品,情報通信・サービスその他
20260331,7805,プリントネット,スタンダード,standard,その他製品,情報通信・サービスその他
20260331,7806,ＭＴＧ,グロース,growth,その他製品,情報通信・サービスその他
20260331,7807,幸和製作所,スタンダード,standard,その他製品,情報通信・サービスその他
20260331,7808,シー・エス・ランバー,スタンダード,standard,その他製品,情報通信・サービスその他
20260331,7809,壽屋,スタンダード,standard,その他製品,情報通信・サービスその他
20260331,7810,クロスフォー,スタンダード,standard,その他製品,情報通信・サービスその他
20260331,7811,中本パックス,スタンダード,standard,その他製品,情報通信・サービスその他
20260331,7812,クレステック,スタンダード,standard,その他製品,情報通信・サービスその他
20260331,7813,プラッツ,スタンダード,standard,その他製品,情報通信・サービスその他
20260331,7814,日本創発グループ,スタンダード,standard,その他製品,情報通信・サービスその他
20260331,7815,東京ボード工業,スタンダード,standard,その他製品,情報通信・サービスその他
20260331,7818,トランザクション,プライム,prime,その他製品,情報通信・サービスその他
20260331,7819,粧美堂,スタンダード,standard,その他製品,情報通信・サービスその他
20260331,7820,ニホンフラッシュ,プライム,prime,その他製品,情報通信・サービスその他
20260331,7821,前田工繊,プライム,prime,その他製品,情報通信・サービスその他
20260331,7822,永大産業,スタンダード,standard,その他製品,情報通信・サービスその他
20260331,7823,アートネイチャー,スタンダード,standard,その他製品,情報通信・サービスその他
20260331,7826,フルヤ金属,プライム,prime,その他製品,情報通信・サービスその他
20260331,7827,オービス,スタンダード,standard,その他製品,情報通信・サービスその他
20260331,7831,ウイルコホールディングス,スタンダード,standard,その他製品,情報通信・サービスその他
20260331,7832,バンダイナムコホールディングス,プライム,prime,その他製品,情報通信・サービスその他
20260331,7833,アイフィスジャパン,スタンダード,standard,その他製品,情報通信・サービスその他
20260331,7836,アビックス,スタンダード,standard,その他製品,情報通信・サービスその他
20260331,7837,アールシーコア,スタンダード,standard,その他製品,情報通信・サービスその他
20260331,7839,ＳＨＯＥＩ,プライム,prime,その他製品,情報通信・サービスその他
20260331,7840,フランスベッドホールディングス,プライム,prime,その他製品,情報通信・サービスその他
20260331,7841,遠藤製作所,スタンダード,standard,その他製品,情報通信・サービスその他
20260331,7844,マーベラス,プライム,prime,情報・通信業,情報通信・サービスその他
20260331,7846,パイロットコーポレーション,プライム,prime,その他製品,情報通信・サービスその他
20260331,7847,グラファイトデザイン,スタンダード,standard,その他製品,情報通信・サービスその他
20260331,7849,スターツ出版,スタンダード,standard,情報・通信業,情報通信・サービスその他
20260331,7850,総合商研,スタンダード,standard,その他製品,情報通信・サービスその他
20260331,7851,カワセコンピュータサプライ,スタンダード,standard,その他製品,情報通信・サービスその他
20260331,7856,萩原工業,プライム,prime,その他製品,情報通信・サービスその他
20260331,7857,セキ,スタンダード,standard,その他製品,情報通信・サービスその他
20260331,7859,アルメディオ,スタンダード,standard,その他製品,情報通信・サービスその他
20260331,7860,エイベックス,プライム,prime,情報・通信業,情報通信・サービスその他
20260331,7863,平賀,スタンダード,standard,その他製品,情報通信・サービスその他
20260331,7864,フジシールインターナショナル,プライム,prime,その他製品,情報通信・サービスその他
20260331,7865,ピープル,スタンダード,standard,その他製品,情報通信・サービスその他
20260331,7867,タカラトミー,プライム,prime,その他製品,情報通信・サービスその他
20260331,7868,広済堂ホールディングス,プライム,prime,その他製品,情報通信・サービスその他
20260331,7871,フクビ化学工業,スタンダード,standard,化学,素材・化学
20260331,7872,エステールホールディングス,スタンダード,standard,その他製品,情報通信・サービスその他
20260331,7874,レック,プライム,prime,化学,素材・化学
20260331,7875,竹田ｉＰホールディングス,スタンダード,standard,その他製品,情報通信・サービスその他
20260331,7877,永大化工,スタンダード,standard,化学,素材・化学
20260331,7878,光・彩,スタンダード,standard,その他製品,情報通信・サービスその他
20260331,7879,ノダ,スタンダード,standard,その他製品,情報通信・サービスその他
20260331,7883,サンメッセ,スタンダード,standard,その他製品,情報通信・サービスその他
20260331,7885,タカノ,スタンダード,standard,その他製品,情報通信・サービスその他
20260331,7886,ヤマト　モビリティ　＆　Ｍｆｇ．,スタンダード,standard,化学,素材・化学
20260331,7887,南海プライウッド,スタンダード,standard,その他製品,情報通信・サービスその他
20260331,7888,三光合成,プライム,prime,化学,素材・化学
20260331,7893,プロネクサス,プライム,prime,その他製品,情報通信・サービスその他
20260331,7896,セブン工業,スタンダード,standard,その他製品,情報通信・サービスその他
20260331,7897,ホクシン,スタンダード,standard,その他製品,情報通信・サービスその他
20260331,7898,ウッドワン,スタンダード,standard,その他製品,情報通信・サービスその他
20260331,7901,マツモト,スタンダード,standard,その他製品,情報通信・サービスその他
20260331,7902,ソノコム,スタンダード,standard,その他製品,情報通信・サービスその他
20260331,7906,ヨネックス,スタンダード,standard,その他製品,情報通信・サービスその他
20260331,7908,きもと,スタンダード,standard,化学,素材・化学
20260331,7911,ＴＯＰＰＡＮホールディングス,プライム,prime,その他製品,情報通信・サービスその他
20260331,7912,大日本印刷,プライム,prime,その他製品,情報通信・サービスその他
20260331,7914,共同印刷,プライム,prime,その他製品,情報通信・サービスその他
20260331,7915,ＮＩＳＳＨＡ,プライム,prime,その他製品,情報通信・サービスその他
20260331,7916,光村印刷,スタンダード,standard,その他製品,情報通信・サービスその他
20260331,7917,ＺＡＣＲＯＳ,プライム,prime,化学,素材・化学
20260331,7918,ヴィア・ホールディングス,スタンダード,standard,小売業,小売
20260331,7919,野崎印刷紙業,スタンダード,standard,その他製品,情報通信・サービスその他
20260331,7921,ＴＡＫＡＲＡ　＆　ＣＯＭＰＡＮＹ,プライム,prime,その他製品,情報通信・サービスその他
20260331,7922,三光産業,スタンダード,standard,その他製品,情報通信・サービスその他
20260331,7925,前澤化成工業,プライム,prime,化学,素材・化学
20260331,7927,ムトー精工,スタンダード,standard,化学,素材・化学
20260331,7928,旭化学工業,スタンダード,standard,化学,素材・化学
20260331,7931,未来工業,プライム,prime,化学,素材・化学
20260331,7932,ニッピ,スタンダード,standard,その他製品,情報通信・サービスその他
20260331,7936,アシックス,プライム,prime,その他製品,情報通信・サービスその他
20260331,7937,ツツミ,スタンダード,standard,その他製品,情報通信・サービスその他
20260331,7938,リーガルコーポレーション,スタンダード,standard,その他製品,情報通信・サービスその他
20260331,7939,研創,スタンダード,standard,その他製品,情報通信・サービスその他
20260331,7940,ウェーブロックホールディングス,スタンダード,standard,化学,素材・化学
20260331,7942,ＪＳＰ,プライム,prime,化学,素材・化学
20260331,7943,ニチハ,プライム,prime,ガラス・土石製品,建設・資材
20260331,7944,ローランド,プライム,prime,その他製品,情報通信・サービスその他
20260331,7946,光陽社,スタンダード,standard,その他製品,情報通信・サービスその他
20260331,7947,エフピコ,プライム,prime,化学,素材・化学
20260331,7949,小松ウオール工業,プライム,prime,その他製品,情報通信・サービスその他
20260331,7951,ヤマハ,プライム,prime,その他製品,情報通信・サービスその他
20260331,7952,河合楽器製作所,プライム,prime,その他製品,情報通信・サービスその他
20260331,7953,菊水化学工業,スタンダード,standard,その他製品,情報通信・サービスその他
20260331,7955,クリナップ,プライム,prime,その他製品,情報通信・サービスその他
20260331,7956,ピジョン,プライム,prime,その他製品,情報通信・サービスその他
20260331,7957,フジコピアン,スタンダード,standard,その他製品,情報通信・サービスその他
20260331,7962,キングジム,プライム,prime,その他製品,情報通信・サービスその他
20260331,7963,興研,スタンダード,standard,その他製品,情報通信・サービスその他
20260331,7965,象印マホービン,プライム,prime,電気機器,電機・精密
20260331,7966,リンテック,プライム,prime,その他製品,情報通信・サービスその他
20260331,7970,信越ポリマー,プライム,prime,化学,素材・化学
20260331,7971,東リ,スタンダード,standard,化学,素材・化学
20260331,7972,イトーキ,プライム,prime,その他製品,情報通信・サービスその他
20260331,7974,任天堂,プライム,prime,その他製品,情報通信・サービスその他
20260331,7975,リヒトラブ,スタンダード,standard,その他製品,情報通信・サービスその他
20260331,7976,三菱鉛筆,プライム,prime,その他製品,情報通信・サービスその他
20260331,7979,松風,プライム,prime,精密機器,電機・精密
20260331,7980,重松製作所,スタンダード,standard,その他製品,情報通信・サービスその他
20260331,7981,タカラスタンダード,プライム,prime,その他製品,情報通信・サービスその他
20260331,7983,ミロク,スタンダード,standard,その他製品,情報通信・サービスその他
20260331,7984,コクヨ,プライム,prime,その他製品,情報通信・サービスその他
20260331,7985,ネポン,スタンダード,standard,金属製品,建設・資材
20260331,7986,日本アイ・エス・ケイ,スタンダード,standard,その他製品,情報通信・サービスその他
20260331,7987,ナカバヤシ,スタンダード,standard,その他製品,情報通信・サービスその他
20260331,7988,ニフコ,プライム,prime,化学,素材・化学
20260331,7989,立川ブラインド工業,プライム,prime,金属製品,建設・資材
20260331,7990,グローブライド,プライム,prime,その他製品,情報通信・サービスその他
20260331,7991,マミヤ・オーピー,スタンダード,standard,機械,機械
20260331,7992,セーラー万年筆,スタンダード,standard,その他製品,情報通信・サービスその他
20260331,7994,オカムラ,プライム,prime,その他製品,情報通信・サービスその他
20260331,7995,バルカー,プライム,prime,化学,素材・化学
20260331,7997,くろがね工作所,スタンダード,standard,その他製品,情報通信・サービスその他
20260331,7999,ＭＵＴＯＨホールディングス,スタンダード,standard,電気機器,電機・精密
20260331,8001,伊藤忠商事,プライム,prime,卸売業,商社・卸売
20260331,8002,丸紅,プライム,prime,卸売業,商社・卸売
20260331,8005,スクロール,プライム,prime,小売業,小売
20260331,8006,ユアサ・フナショク,スタンダード,standard,卸売業,商社・卸売
20260331,8007,高島,プライム,prime,卸売業,商社・卸売
20260331,8008,ヨンドシーホールディングス,プライム,prime,小売業,小売
20260331,8011,三陽商会,プライム,prime,繊維製品,素材・化学
20260331,8012,長瀬産業,プライム,prime,卸売業,商社・卸売
20260331,8013,ナイガイ,スタンダード,standard,繊維製品,素材・化学
20260331,8014,蝶理,プライム,prime,卸売業,商社・卸売
20260331,8015,豊田通商,プライム,prime,卸売業,商社・卸売
20260331,8016,オンワードホールディングス,プライム,prime,繊維製品,素材・化学
20260331,8018,三共生興,スタンダード,standard,卸売業,商社・卸売
20260331,8020,兼松,プライム,prime,卸売業,商社・卸売
20260331,8022,美津濃,プライム,prime,その他製品,情報通信・サービスその他
20260331,8023,ＤＡＩＫＯ　ＸＴＥＣＨ,スタンダード,standard,情報・通信業,情報通信・サービスその他
20260331,8025,ツカモトコーポレーション,スタンダード,standard,卸売業,商社・卸売
20260331,8029,ルックホールディングス,スタンダード,standard,繊維製品,素材・化学
20260331,8030,中央魚類,スタンダード,standard,卸売業,商社・卸売
20260331,8031,三井物産,プライム,prime,卸売業,商社・卸売
20260331,8032,日本紙パルプ商事,プライム,prime,卸売業,商社・卸売
20260331,8035,東京エレクトロン,プライム,prime,電気機器,電機・精密
20260331,8037,カメイ,プライム,prime,卸売業,商社・卸売
20260331,8039,築地魚市場,スタンダード,standard,卸売業,商社・卸売
20260331,8040,東京ソワール,スタンダード,standard,繊維製品,素材・化学
20260331,8041,ＯＵＧホールディングス,スタンダード,standard,卸売業,商社・卸売
20260331,8043,スターゼン,プライム,prime,卸売業,商社・卸売
20260331,8045,横浜丸魚,スタンダード,standard,卸売業,商社・卸売
20260331,8046,丸藤シートパイル,スタンダード,standard,卸売業,商社・卸売
20260331,8050,セイコーグループ,プライム,prime,精密機器,電機・精密
20260331,8051,山善,プライム,prime,卸売業,商社・卸売
20260331,8052,椿本興業,プライム,prime,卸売業,商社・卸売
20260331,8053,住友商事,プライム,prime,卸売業,商社・卸売
20260331,8056,ＢＩＰＲＯＧＹ,プライム,prime,情報・通信業,情報通信・サービスその他
20260331,8057,内田洋行,プライム,prime,卸売業,商社・卸売
20260331,8058,三菱商事,プライム,prime,卸売業,商社・卸売
20260331,8059,第一実業,プライム,prime,卸売業,商社・卸売
20260331,8060,キヤノンマーケティングジャパン,プライム,prime,卸売業,商社・卸売
20260331,8061,西華産業,プライム,prime,卸売業,商社・卸売
20260331,8065,佐藤商事,プライム,prime,卸売業,商社・卸売
20260331,8066,三谷商事,スタンダード,standard,卸売業,商社・卸売
20260331,8070,東京産業,プライム,prime,卸売業,商社・卸売
20260331,8074,ユアサ商事,プライム,prime,卸売業,商社・卸売
20260331,8075,神鋼商事,プライム,prime,卸売業,商社・卸売
20260331,8076,カノークス,スタンダード,standard,卸売業,商社・卸売
20260331,8077,トルク,スタンダード,standard,卸売業,商社・卸売
20260331,8078,阪和興業,プライム,prime,卸売業,商社・卸売
20260331,8079,正栄食品工業,プライム,prime,卸売業,商社・卸売
20260331,8081,カナデン,プライム,prime,卸売業,商社・卸売
20260331,8084,ＲＹＯＤＥＮ,プライム,prime,卸売業,商社・卸売
20260331,8085,ナラサキ産業,スタンダード,standard,卸売業,商社・卸売
20260331,8086,ニプロ,プライム,prime,精密機器,電機・精密
20260331,8088,岩谷産業,プライム,prime,卸売業,商社・卸売
20260331,8089,ナイス,スタンダード,standard,卸売業,商社・卸売
20260331,8091,ニチモウ,プライム,prime,卸売業,商社・卸売
20260331,8093,極東貿易,プライム,prime,卸売業,商社・卸売
20260331,8095,アステナホールディングス,プライム,prime,卸売業,商社・卸売
20260331,8097,三愛オブリ,プライム,prime,卸売業,商社・卸売
20260331,8098,稲畑産業,プライム,prime,卸売業,商社・卸売
20260331,8101,ＧＳＩクレオス,プライム,prime,卸売業,商社・卸売
20260331,8103,明和産業,プライム,prime,卸売業,商社・卸売
20260331,8104,クワザワホールディングス,スタンダード,standard,卸売業,商社・卸売
20260331,8105,Ｂｉｔｃｏｉｎ　Ｊａｐａｎ,スタンダード,standard,卸売業,商社・卸売
20260331,8107,キムラタン,スタンダード,standard,繊維製品,素材・化学
20260331,8111,ゴールドウイン,プライム,prime,繊維製品,素材・化学
20260331,8113,ユニ・チャーム,プライム,prime,化学,素材・化学
20260331,8115,ムーンバット,スタンダード,standard,卸売業,商社・卸売
20260331,8117,中央自動車工業,スタンダード,standard,卸売業,商社・卸売
20260331,8118,キング,スタンダード,standard,繊維製品,素材・化学
20260331,8119,三栄コーポレーション,スタンダード,standard,卸売業,商社・卸売
20260331,8123,川辺,スタンダード,standard,卸売業,商社・卸売
20260331,8125,ワキタ,プライム,prime,卸売業,商社・卸売
20260331,8127,ヤマトインターナショナル,スタンダード,standard,繊維製品,素材・化学
20260331,8129,東邦ホールディングス,プライム,prime,卸売業,商社・卸売
20260331,8130,サンゲツ,プライム,prime,卸売業,商社・卸売
20260331,8131,ミツウロコグループホールディングス,スタンダード,standard,卸売業,商社・卸売
20260331,8132,シナネンホールディングス,プライム,prime,卸売業,商社・卸売
20260331,8133,伊藤忠エネクス,プライム,prime,卸売業,商社・卸売
20260331,8135,ゼット,スタンダード,standard,卸売業,商社・卸売
20260331,8136,サンリオ,プライム,prime,卸売業,商社・卸売
20260331,8137,サンワテクノス,プライム,prime,卸売業,商社・卸売
20260331,8138,三京化成,スタンダード,standard,卸売業,商社・卸売
20260331,8139,ナガホリ,スタンダード,standard,卸売業,商社・卸売
20260331,8141,新光商事,プライム,prime,卸売業,商社・卸売
20260331,8142,トーホー,プライム,prime,卸売業,商社・卸売
20260331,8143,ラピーヌ,スタンダード,standard,繊維製品,素材・化学
20260331,8144,デンキョーグループホールディングス,スタンダード,standard,卸売業,商社・卸売
20260331,8147,トミタ,スタンダード,standard,卸売業,商社・卸売
20260331,8150,三信電気,プライム,prime,卸売業,商社・卸売
20260331,8151,東陽テクニカ,プライム,prime,卸売業,商社・卸売
20260331,8152,ソマール,スタンダード,standard,卸売業,商社・卸売
20260331,8153,モスフードサービス,プライム,prime,卸売業,商社・卸売
20260331,8154,加賀電子,プライム,prime,卸売業,商社・卸売
20260331,8157,都築電気,プライム,prime,情報・通信業,情報通信・サービスその他
20260331,8158,ソーダニッカ,プライム,prime,卸売業,商社・卸売
20260331,8159,立花エレテック,プライム,prime,卸売業,商社・卸売
20260331,8160,木曽路,プライム,prime,小売業,小売
20260331,8163,ＳＲＳホールディングス,プライム,prime,小売業,小売
20260331,8165,千趣会,スタンダード,standard,小売業,小売
20260331,8166,タカキュー,スタンダード,standard,小売業,小売
20260331,8167,リテールパートナーズ,プライム,prime,小売業,小売
20260331,8173,上新電機,プライム,prime,小売業,小売
20260331,8174,日本瓦斯,プライム,prime,小売業,小売
20260331,8179,ロイヤルホールディングス,プライム,prime,小売業,小売
20260331,8181,東天紅,スタンダード,standard,小売業,小売
20260331,8185,チヨダ,プライム,prime,小売業,小売
20260331,8194,ライフコーポレーション,プライム,prime,小売業,小売
20260331,8198,マックスバリュ東海,スタンダード,standard,小売業,小売
20260331,8200,リンガーハット,プライム,prime,小売業,小売
20260331,8202,ラオックスホールディングス,スタンダード,standard,小売業,小売
20260331,8203,ＭｒＭａｘＨＤ,プライム,prime,小売業,小売
20260331,8207,テンアライド,スタンダード,standard,小売業,小売
20260331,8209,フレンドリー,スタンダード,standard,小売業,小売
20260331,8214,ＡＯＫＩホールディングス,プライム,prime,小売業,小売
20260331,8217,オークワ,プライム,prime,小売業,小売
20260331,8218,コメリ,プライム,prime,小売業,小売
20260331,8219,青山商事,プライム,prime,小売業,小売
20260331,8225,タカチホ,スタンダード,standard,卸売業,商社・卸売
20260331,8226,理経,スタンダード,standard,卸売業,商社・卸売
20260331,8227,しまむら,プライム,prime,小売業,小売
20260331,8230,はせがわ,スタンダード,standard,小売業,小売
20260331,8233,高島屋,プライム,prime,小売業,小売
20260331,8237,松屋,プライム,prime,小売業,小売
20260331,8242,エイチ・ツー・オー　リテイリング,プライム,prime,小売業,小売
20260331,8244,近鉄百貨店,スタンダード,standard,小売業,小売
20260331,8247,大和,スタンダード,standard,小売業,小売
20260331,8252,丸井グループ,プライム,prime,小売業,小売
20260331,8253,クレディセゾン,プライム,prime,その他金融業,金融（除く銀行）
20260331,8254,さいか屋,スタンダード,standard,小売業,小売
20260331,8255,アクシアル　リテイリング,プライム,prime,小売業,小売
20260331,8260,井筒屋,スタンダード,standard,小売業,小売
20260331,8267,イオン,プライム,prime,小売業,小売
20260331,8273,イズミ,プライム,prime,小売業,小売
20260331,8275,フォーバル,スタンダード,standard,卸売業,商社・卸売
20260331,8276,平和堂,プライム,prime,小売業,小売
20260331,8278,フジ,プライム,prime,小売業,小売
20260331,8281,ゼビオホールディングス,プライム,prime,小売業,小売
20260331,8282,ケーズホールディングス,プライム,prime,小売業,小売
20260331,8283,ＰＡＬＴＡＣ,プライム,prime,卸売業,商社・卸売
20260331,8285,三谷産業,スタンダード,standard,卸売業,商社・卸売
20260331,8289,Ｏｌｙｍｐｉｃグループ,スタンダード,standard,小売業,小売
20260331,8291,日産東京販売ホールディングス,スタンダード,standard,小売業,小売
20260331,8303,ＳＢＩ新生銀行,プライム,prime,銀行業,銀行
20260331,8304,あおぞら銀行,プライム,prime,銀行業,銀行
20260331,8306,三菱ＵＦＪフィナンシャル・グループ,プライム,prime,銀行業,銀行
20260331,8308,りそなホールディングス,プライム,prime,銀行業,銀行
20260331,8309,三井住友トラストグループ,プライム,prime,銀行業,銀行
20260331,8316,三井住友フィナンシャルグループ,プライム,prime,銀行業,銀行
20260331,8331,千葉銀行,プライム,prime,銀行業,銀行
20260331,8334,群馬銀行,プライム,prime,銀行業,銀行
20260331,8336,武蔵野銀行,プライム,prime,銀行業,銀行
20260331,8337,千葉興業銀行,プライム,prime,銀行業,銀行
20260331,8338,筑波銀行,プライム,prime,銀行業,銀行
20260331,8341,七十七銀行,プライム,prime,銀行業,銀行
20260331,8343,秋田銀行,プライム,prime,銀行業,銀行
20260331,8344,山形銀行,プライム,prime,銀行業,銀行
20260331,8345,岩手銀行,プライム,prime,銀行業,銀行
20260331,8346,東邦銀行,プライム,prime,銀行業,銀行
20260331,8349,東北銀行,スタンダード,standard,銀行業,銀行
20260331,8354,ふくおかフィナンシャルグループ,プライム,prime,銀行業,銀行
20260331,8358,スルガ銀行,プライム,prime,銀行業,銀行
20260331,8359,八十二長野銀行,プライム,prime,銀行業,銀行
20260331,8360,山梨中央銀行,プライム,prime,銀行業,銀行
20260331,8361,大垣共立銀行,プライム,prime,銀行業,銀行
20260331,8362,福井銀行,プライム,prime,銀行業,銀行
20260331,8364,清水銀行,プライム,prime,銀行業,銀行
20260331,8365,富山銀行,スタンダード,standard,銀行業,銀行
20260331,8366,滋賀銀行,プライム,prime,銀行業,銀行
20260331,8367,南都銀行,プライム,prime,銀行業,銀行
20260331,8368,百五銀行,プライム,prime,銀行業,銀行
20260331,8370,紀陽銀行,プライム,prime,銀行業,銀行
20260331,8377,ほくほくフィナンシャルグループ,プライム,prime,銀行業,銀行
20260331,8381,山陰合同銀行,プライム,prime,銀行業,銀行
20260331,8383,鳥取銀行,スタンダード,standard,銀行業,銀行
20260331,8386,百十四銀行,プライム,prime,銀行業,銀行
20260331,8387,四国銀行,プライム,prime,銀行業,銀行
20260331,8388,阿波銀行,プライム,prime,銀行業,銀行
20260331,8392,大分銀行,プライム,prime,銀行業,銀行
20260331,8393,宮崎銀行,プライム,prime,銀行業,銀行
20260331,8395,佐賀銀行,プライム,prime,銀行業,銀行
20260331,8399,琉球銀行,プライム,prime,銀行業,銀行
20260331,8410,セブン銀行,プライム,prime,銀行業,銀行
20260331,8411,みずほフィナンシャルグループ,プライム,prime,銀行業,銀行
20260331,8416,高知銀行,スタンダード,standard,銀行業,銀行
20260331,8418,山口フィナンシャルグループ,プライム,prime,銀行業,銀行
20260331,8424,芙蓉総合リース,プライム,prime,その他金融業,金融（除く銀行）
20260331,8425,みずほリース,プライム,prime,その他金融業,金融（除く銀行）
20260331,8439,東京センチュリー,プライム,prime,その他金融業,金融（除く銀行）
20260331,8473,ＳＢＩホールディングス,プライム,prime,証券、商品先物取引業,金融（除く銀行）
20260331,8508,Ｊトラスト,スタンダード,standard,その他金融業,金融（除く銀行）
20260331,8511,日本証券金融,プライム,prime,その他金融業,金融（除く銀行）
20260331,8518,日本アジア投資,スタンダード,standard,証券、商品先物取引業,金融（除く銀行）
20260331,8522,名古屋銀行,プライム,prime,銀行業,銀行
20260331,8524,北洋銀行,プライム,prime,銀行業,銀行
20260331,8537,大光銀行,スタンダード,standard,銀行業,銀行
20260331,8541,愛媛銀行,プライム,prime,銀行業,銀行
20260331,8542,トマト銀行,スタンダード,standard,銀行業,銀行
20260331,8544,京葉銀行,プライム,prime,銀行業,銀行
20260331,8550,栃木銀行,プライム,prime,銀行業,銀行
20260331,8551,北日本銀行,プライム,prime,銀行業,銀行
20260331,8558,東和銀行,プライム,prime,銀行業,銀行
20260331,8562,福島銀行,スタンダード,standard,銀行業,銀行
20260331,8563,大東銀行,スタンダード,standard,銀行業,銀行
20260331,8566,リコーリース,プライム,prime,その他金融業,金融（除く銀行）
20260331,8570,イオンフィナンシャルサービス,プライム,prime,その他金融業,金融（除く銀行）
20260331,8572,アコム,スタンダード,standard,その他金融業,金融（除く銀行）
20260331,8584,ジャックス,プライム,prime,その他金融業,金融（除く銀行）
20260331,8585,オリエントコーポレーション,プライム,prime,その他金融業,金融（除く銀行）
20260331,8591,オリックス,プライム,prime,その他金融業,金融（除く銀行）
20260331,8593,三菱ＨＣキャピタル,プライム,prime,その他金融業,金融（除く銀行）
20260331,8595,ジャフコ　グループ,プライム,prime,証券、商品先物取引業,金融（除く銀行）
20260331,8596,九州リースサービス,スタンダード,standard,その他金融業,金融（除く銀行）
20260331,8600,トモニホールディングス,プライム,prime,銀行業,銀行
20260331,8601,大和証券グループ本社,プライム,prime,証券、商品先物取引業,金融（除く銀行）
20260331,8604,野村ホールディングス,プライム,prime,証券、商品先物取引業,金融（除く銀行）
20260331,8609,岡三証券グループ,プライム,prime,証券、商品先物取引業,金融（除く銀行）
20260331,8613,丸三証券,プライム,prime,証券、商品先物取引業,金融（除く銀行）
20260331,8614,東洋証券,プライム,prime,証券、商品先物取引業,金融（除く銀行）
20260331,8616,東海東京フィナンシャル・ホールディングス,プライム,prime,証券、商品先物取引業,金融（除く銀行）
20260331,8617,光世証券,スタンダード,standard,証券、商品先物取引業,金融（除く銀行）
20260331,8622,水戸証券,プライム,prime,証券、商品先物取引業,金融（除く銀行）
20260331,8624,いちよし証券,プライム,prime,証券、商品先物取引業,金融（除く銀行）
20260331,8628,松井証券,プライム,prime,証券、商品先物取引業,金融（除く銀行）
20260331,8630,ＳＯＭＰＯホールディングス,プライム,prime,保険業,金融（除く銀行）
20260331,8697,日本取引所グループ,プライム,prime,その他金融業,金融（除く銀行）
20260331,8698,マネックスグループ,プライム,prime,証券、商品先物取引業,金融（除く銀行）
20260331,8699,ＨＳホールディングス,スタンダード,standard,証券、商品先物取引業,金融（除く銀行）
20260331,8700,丸八証券,スタンダード,standard,証券、商品先物取引業,金融（除く銀行）
20260331,8704,トレイダーズホールディングス,スタンダード,standard,証券、商品先物取引業,金融（除く銀行）
20260331,8705,日産証券グループ,スタンダード,standard,証券、商品先物取引業,金融（除く銀行）
20260331,8706,極東証券,プライム,prime,証券、商品先物取引業,金融（除く銀行）
20260331,8707,岩井コスモホールディングス,プライム,prime,証券、商品先物取引業,金融（除く銀行）
20260331,8708,アイザワ証券グループ,プライム,prime,証券、商品先物取引業,金融（除く銀行）
20260331,8713,フィデアホールディングス,プライム,prime,銀行業,銀行
20260331,8714,池田泉州ホールディングス,プライム,prime,銀行業,銀行
20260331,8715,アニコム　ホールディングス,プライム,prime,保険業,金融（除く銀行）
20260331,8725,ＭＳ＆ＡＤインシュアランスグループホールディングス,プライム,prime,保険業,金融（除く銀行）
20260331,8729,ソニーフィナンシャルグループ,プライム,prime,保険業,金融（除く銀行）
20260331,8737,あかつき本社,スタンダード,standard,証券、商品先物取引業,金融（除く銀行）
20260331,8739,スパークス・グループ,プライム,prime,証券、商品先物取引業,金融（除く銀行）
20260331,8742,小林洋行,スタンダード,standard,証券、商品先物取引業,金融（除く銀行）
20260331,8746,ｕｎｂａｎｋｅｄ,スタンダード,standard,証券、商品先物取引業,金融（除く銀行）
20260331,8747,豊トラスティ証券,スタンダード,standard,証券、商品先物取引業,金融（除く銀行）
20260331,8750,第一生命ホールディングス,プライム,prime,保険業,金融（除く銀行）
20260331,8766,東京海上ホールディングス,プライム,prime,保険業,金融（除く銀行）
20260331,8769,アドバンテッジリスクマネジメント,スタンダード,standard,サービス業,情報通信・サービスその他
20260331,8771,イー・ギャランティ,プライム,prime,その他金融業,金融（除く銀行）
20260331,8772,アサックス,スタンダード,standard,その他金融業,金融（除く銀行）
20260331,8783,ａｂｃ,スタンダード,standard,その他金融業,金融（除く銀行）
20260331,8789,フィンテック　グローバル,スタンダード,standard,その他金融業,金融（除く銀行）
20260331,8793,ＮＥＣキャピタルソリューション,プライム,prime,その他金融業,金融（除く銀行）
20260331,8795,Ｔ＆Ｄホールディングス,プライム,prime,保険業,金融（除く銀行）
20260331,8798,アドバンスクリエイト,プライム,prime,保険業,金融（除く銀行）
20260331,8801,三井不動産,プライム,prime,不動産業,不動産
20260331,8802,三菱地所,プライム,prime,不動産業,不動産
20260331,8803,平和不動産,プライム,prime,不動産業,不動産
20260331,8804,東京建物,プライム,prime,不動産業,不動産
20260331,8818,京阪神ビルディング,プライム,prime,不動産業,不動産
20260331,8830,住友不動産,プライム,prime,不動産業,不動産
20260331,8835,太平洋興発,スタンダード,standard,卸売業,商社・卸売
20260331,8836,ＲＩＳＥ,スタンダード,standard,不動産業,不動産
20260331,8841,テーオーシー,スタンダード,standard,不動産業,不動産
20260331,8844,コスモスイニシア,スタンダード,standard,不動産業,不動産
20260331,8848,レオパレス２１,プライム,prime,不動産業,不動産
20260331,8850,スターツコーポレーション,プライム,prime,不動産業,不動産
20260331,8860,フジ住宅,プライム,prime,不動産業,不動産
20260331,8864,空港施設,スタンダード,standard,不動産業,不動産
20260331,8869,明和地所,スタンダード,standard,不動産業,不動産
20260331,8871,ゴールドクレスト,スタンダード,standard,不動産業,不動産
20260331,8876,リログループ,プライム,prime,サービス業,情報通信・サービスその他
20260331,8877,エスリード,プライム,prime,不動産業,不動産
20260331,8881,日神グループホールディングス,プライム,prime,不動産業,不動産
20260331,8887,シーラホールディングス,スタンダード,standard,不動産業,不動産
20260331,8891,ＡＭＧホールディングス,スタンダード,standard,不動産業,不動産
20260331,8892,エスコン,プライム,prime,不動産業,不動産
20260331,8894,ＲＥＶＯＬＵＴＩＯＮ,スタンダード,standard,不動産業,不動産
20260331,8897,ＭＩＲＡＲＴＨホールディングス,プライム,prime,不動産業,不動産
20260331,8898,センチュリー２１・ジャパン,スタンダード,standard,不動産業,不動産
20260331,8904,ＡＶＡＮＴＩＡ,スタンダード,standard,不動産業,不動産
20260331,8908,毎日コムネット,スタンダード,standard,不動産業,不動産
20260331,8912,エリアクエスト,スタンダード,standard,不動産業,不動産
20260331,8914,エリアリンク,スタンダード,standard,不動産業,不動産
20260331,8917,ファースト住建,スタンダード,standard,不動産業,不動産
20260331,8918,ランド,スタンダード,standard,不動産業,不動産
20260331,8919,カチタス,プライム,prime,不動産業,不動産
20260331,8920,東祥,スタンダード,standard,サービス業,情報通信・サービスその他
20260331,8923,トーセイ,プライム,prime,不動産業,不動産
20260331,8927,明豊エンタープライズ,スタンダード,standard,不動産業,不動産
20260331,8928,穴吹興産,スタンダード,standard,不動産業,不動産
20260331,8929,青山財産ネットワークス,スタンダード,standard,不動産業,不動産
20260331,8931,和田興産,スタンダード,standard,不動産業,不動産
20260331,8934,サンフロンティア不動産,プライム,prime,不動産業,不動産
20260331,8935,ＦＪネクストホールディングス,プライム,prime,不動産業,不動産
20260331,8938,グローム・ホールディングス,グロース,growth,不動産業,不動産
20260331,8944,ランドビジネス,スタンダード,standard,不動産業,不動産
20260331,8945,サンネクスタグループ,スタンダード,standard,不動産業,不動産
20260331,8946,ＡＳＩＡＮ　ＳＴＡＲ,スタンダード,standard,不動産業,不動産
20260331,8995,誠建設工業,スタンダード,standard,不動産業,不動産
20260331,8996,ハウスフリーダム,スタンダード,standard,不動産業,不動産
20260331,8999,グランディハウス,プライム,prime,不動産業,不動産
20260331,9001,東武鉄道,プライム,prime,陸運業,運輸・物流
20260331,9003,相鉄ホールディングス,プライム,prime,陸運業,運輸・物流
20260331,9005,東急,プライム,prime,陸運業,運輸・物流
20260331,9006,京浜急行電鉄,プライム,prime,陸運業,運輸・物流
20260331,9007,小田急電鉄,プライム,prime,陸運業,運輸・物流
20260331,9008,京王電鉄,プライム,prime,陸運業,運輸・物流
20260331,9009,京成電鉄,プライム,prime,陸運業,運輸・物流
20260331,9010,富士急行,プライム,prime,陸運業,運輸・物流
20260331,9012,秩父鉄道,スタンダード,standard,陸運業,運輸・物流
20260331,9017,新潟交通,スタンダード,standard,陸運業,運輸・物流
20260331,9020,東日本旅客鉄道,プライム,prime,陸運業,運輸・物流
20260331,9021,西日本旅客鉄道,プライム,prime,陸運業,運輸・物流
20260331,9022,東海旅客鉄道,プライム,prime,陸運業,運輸・物流
20260331,9023,東京地下鉄,プライム,prime,陸運業,運輸・物流
20260331,9024,西武ホールディングス,プライム,prime,陸運業,運輸・物流
20260331,9025,鴻池運輸,プライム,prime,陸運業,運輸・物流
20260331,9028,ゼロ,スタンダード,standard,陸運業,運輸・物流
20260331,9029,ヒガシホールディングス,スタンダード,standard,陸運業,運輸・物流
20260331,9031,西日本鉄道,プライム,prime,陸運業,運輸・物流
20260331,9033,広島電鉄,スタンダード,standard,陸運業,運輸・物流
20260331,9034,南総通運,スタンダード,standard,陸運業,運輸・物流
20260331,9036,東部ネットワーク,スタンダード,standard,陸運業,運輸・物流
20260331,9037,ハマキョウレックス,プライム,prime,陸運業,運輸・物流
20260331,9039,サカイ引越センター,プライム,prime,陸運業,運輸・物流
20260331,9041,近鉄グループホールディングス,プライム,prime,陸運業,運輸・物流
20260331,9042,阪急阪神ホールディングス,プライム,prime,陸運業,運輸・物流
20260331,9044,南海電気鉄道,プライム,prime,陸運業,運輸・物流
20260331,9045,京阪ホールディングス,プライム,prime,陸運業,運輸・物流
20260331,9046,神戸電鉄,プライム,prime,陸運業,運輸・物流
20260331,9048,名古屋鉄道,プライム,prime,陸運業,運輸・物流
20260331,9049,京福電気鉄道,スタンダード,standard,陸運業,運輸・物流
20260331,9051,センコン物流,スタンダード,standard,陸運業,運輸・物流
20260331,9052,山陽電気鉄道,プライム,prime,陸運業,運輸・物流
20260331,9057,遠州トラック,スタンダード,standard,陸運業,運輸・物流
20260331,9059,カンダホールディングス,スタンダード,standard,陸運業,運輸・物流
20260331,9060,日本ロジテム,スタンダード,standard,陸運業,運輸・物流
20260331,9063,岡山県貨物運送,スタンダード,standard,陸運業,運輸・物流
20260331,9064,ヤマトホールディングス,プライム,prime,陸運業,運輸・物流
20260331,9065,山九,プライム,prime,陸運業,運輸・物流
20260331,9067,丸運,スタンダード,standard,陸運業,運輸・物流
20260331,9068,丸全昭和運輸,プライム,prime,陸運業,運輸・物流
20260331,9069,センコーグループホールディングス,プライム,prime,陸運業,運輸・物流
20260331,9072,ニッコンホールディングス,プライム,prime,陸運業,運輸・物流
20260331,9073,京極運輸商事,スタンダード,standard,陸運業,運輸・物流
20260331,9074,日本石油輸送,スタンダード,standard,陸運業,運輸・物流
20260331,9075,福山通運,プライム,prime,陸運業,運輸・物流
20260331,9076,セイノーホールディングス,プライム,prime,陸運業,運輸・物流
20260331,9081,神奈川中央交通,プライム,prime,陸運業,運輸・物流
20260331,9082,大和自動車交通,スタンダード,standard,陸運業,運輸・物流
20260331,9083,神姫バス,スタンダード,standard,陸運業,運輸・物流
20260331,9087,タカセ,スタンダード,standard,陸運業,運輸・物流
20260331,9090,ＡＺ－ＣＯＭ丸和ホールディングス,プライム,prime,陸運業,運輸・物流
20260331,9101,日本郵船,プライム,prime,海運業,運輸・物流
20260331,9104,商船三井,プライム,prime,海運業,運輸・物流
20260331,9107,川崎汽船,プライム,prime,海運業,運輸・物流
20260331,9110,ＮＳユナイテッド海運,プライム,prime,海運業,運輸・物流
20260331,9115,明海グループ,スタンダード,standard,海運業,運輸・物流
20260331,9119,飯野海運,プライム,prime,海運業,運輸・物流
20260331,9127,玉井商船,スタンダード,standard,海運業,運輸・物流
20260331,9130,共栄タンカー,スタンダード,standard,海運業,運輸・物流
20260331,9142,九州旅客鉄道,プライム,prime,陸運業,運輸・物流
20260331,9143,ＳＧホールディングス,プライム,prime,陸運業,運輸・物流
20260331,9145,ビーイングホールディングス,スタンダード,standard,陸運業,運輸・物流
20260331,9147,ＮＩＰＰＯＮ　ＥＸＰＲＥＳＳホールディングス,プライム,prime,陸運業,運輸・物流
20260331,9158,シーユーシー,グロース,growth,サービス業,情報通信・サービスその他
20260331,9159,Ｗ　ＴＯＫＹＯ,グロース,growth,サービス業,情報通信・サービスその他
20260331,9160,ノバレーゼ,スタンダード,standard,サービス業,情報通信・サービスその他
20260331,9162,ブリーチ,グロース,growth,サービス業,情報通信・サービスその他
20260331,9163,ナレルグループ,グロース,growth,サービス業,情報通信・サービスその他
20260331,9165,クオルテック,グロース,growth,サービス業,情報通信・サービスその他
20260331,9166,ＧＥＮＤＡ,グロース,growth,サービス業,情報通信・サービスその他
20260331,9168,ライズ・コンサルティング・グループ,グロース,growth,サービス業,情報通信・サービスその他
20260331,9171,栗林商船,スタンダード,standard,海運業,運輸・物流
20260331,9173,東海汽船,スタンダード,standard,海運業,運輸・物流
20260331,9193,東京汽船,スタンダード,standard,倉庫・運輸関連業,運輸・物流
20260331,9201,日本航空,プライム,prime,空運業,運輸・物流
20260331,9202,ＡＮＡホールディングス,プライム,prime,空運業,運輸・物流
20260331,92025,ＡＮＡホールディングス第１回社債型種類株式,プライム,prime,空運業,運輸・物流
20260331,9204,スカイマーク,グロース,growth,空運業,運輸・物流
20260331,9206,スターフライヤー,スタンダード,standard,空運業,運輸・物流
20260331,9211,エフ・コード,グロース,growth,サービス業,情報通信・サービスその他
20260331,9212,Ｇｒｅｅｎ　Ｅａｒｔｈ　Ｉｎｓｔｉｔｕｔｅ,グロース,growth,サービス業,情報通信・サービスその他
20260331,9213,セイファート,スタンダード,standard,サービス業,情報通信・サービスその他
20260331,9214,Ｒｅｃｏｖｅｒｙ　Ｉｎｔｅｒｎａｔｉｏｎａｌ,グロース,growth,サービス業,情報通信・サービスその他
20260331,9215,ＣａＳｙ,グロース,growth,サービス業,情報通信・サービスその他
20260331,9216,ビーウィズ,プライム,prime,サービス業,情報通信・サービスその他
20260331,9218,メンタルヘルステクノロジーズ,グロース,growth,サービス業,情報通信・サービスその他
20260331,9219,ギックス,グロース,growth,サービス業,情報通信・サービスその他
20260331,9220,エフビー介護サービス,スタンダード,standard,サービス業,情報通信・サービスその他
20260331,9221,フルハシＥＰＯ,スタンダード,standard,サービス業,情報通信・サービスその他
20260331,9223,ＡＳＮＯＶＡ,グロース,growth,サービス業,情報通信・サービスその他
20260331,9225,ブリッジコンサルティンググループ,グロース,growth,サービス業,情報通信・サービスその他
20260331,9227,マイクロ波化学,グロース,growth,サービス業,情報通信・サービスその他
20260331,9229,サンウェルズ,プライム,prime,サービス業,情報通信・サービスその他
20260331,9233,アジア航測,スタンダード,standard,空運業,運輸・物流
20260331,9235,売れるネット広告社グループ,グロース,growth,サービス業,情報通信・サービスその他
20260331,9236,ジャパンＭ＆Ａソリューション,グロース,growth,サービス業,情報通信・サービスその他
20260331,9237,笑美面,グロース,growth,サービス業,情報通信・サービスその他
20260331,9238,バリュークリエーション,グロース,growth,サービス業,情報通信・サービスその他
20260331,9240,デリバリーコンサルティング,グロース,growth,サービス業,情報通信・サービスその他
20260331,9241,フューチャーリンクネットワーク,グロース,growth,サービス業,情報通信・サービスその他
20260331,9242,メディア総研,グロース,growth,サービス業,情報通信・サービスその他
20260331,9244,デジタリフト,グロース,growth,サービス業,情報通信・サービスその他
20260331,9245,リベロ,グロース,growth,サービス業,情報通信・サービスその他
20260331,9246,プロジェクトホールディングス,グロース,growth,サービス業,情報通信・サービスその他
20260331,9247,ＴＲＥホールディングス,プライム,prime,サービス業,情報通信・サービスその他
20260331,9248,人・夢・技術グループ,スタンダード,standard,サービス業,情報通信・サービスその他
20260331,9249,日本エコシステム,スタンダード,standard,サービス業,情報通信・サービスその他
20260331,9250,ＧＲＣＳ,グロース,growth,サービス業,情報通信・サービスその他
20260331,9251,ＡＢ＆Ｃｏｍｐａｎｙ,グロース,growth,サービス業,情報通信・サービスその他
20260331,9252,ラストワンマイル,グロース,growth,サービス業,情報通信・サービスその他
20260331,9253,スローガン,グロース,growth,サービス業,情報通信・サービスその他
20260331,9254,ラバブルマーケティンググループ,グロース,growth,サービス業,情報通信・サービスその他
20260331,9256,サクシード,グロース,growth,サービス業,情報通信・サービスその他
20260331,9258,ＣＳ－Ｃ,グロース,growth,サービス業,情報通信・サービスその他
20260331,9259,タカヨシホールディングス,グロース,growth,サービス業,情報通信・サービスその他
20260331,9262,シルバーライフ,スタンダード,standard,小売業,小売
20260331,9264,ポエック,スタンダード,standard,卸売業,商社・卸売
20260331,9265,ヤマシタヘルスケアホールディングス,スタンダード,standard,卸売業,商社・卸売
20260331,9267,Ｇｅｎｋｙ　ＤｒｕｇＳｔｏｒｅｓ,プライム,prime,小売業,小売
20260331,9268,オプティマスグループ,スタンダード,standard,卸売業,商社・卸売
20260331,9270,バリュエンスホールディングス,グロース,growth,卸売業,商社・卸売
20260331,9271,和心,グロース,growth,小売業,小売
20260331,9272,ブティックス,グロース,growth,サービス業,情報通信・サービスその他
20260331,9273,コーア商事ホールディングス,プライム,prime,卸売業,商社・卸売
20260331,9274,ＫＰＰグループホールディングス,プライム,prime,卸売業,商社・卸売
20260331,9278,ブックオフグループホールディングス,プライム,prime,小売業,小売
20260331,9279,ギフトホールディングス,プライム,prime,小売業,小売
20260331,9301,三菱倉庫,プライム,prime,倉庫・運輸関連業,運輸・物流
20260331,9302,三井倉庫ホールディングス,プライム,prime,倉庫・運輸関連業,運輸・物流
20260331,9303,住友倉庫,プライム,prime,倉庫・運輸関連業,運輸・物流
20260331,9304,澁澤倉庫,プライム,prime,倉庫・運輸関連業,運輸・物流
20260331,9305,ヤマタネ,プライム,prime,卸売業,商社・卸売
20260331,9306,東陽倉庫,スタンダード,standard,倉庫・運輸関連業,運輸・物流
20260331,9307,杉村倉庫,スタンダード,standard,倉庫・運輸関連業,運輸・物流
20260331,9308,乾汽船,スタンダード,standard,海運業,運輸・物流
20260331,9310,日本トランスシティ,プライム,prime,倉庫・運輸関連業,運輸・物流
20260331,9311,アサガミ,スタンダード,standard,倉庫・運輸関連業,運輸・物流
20260331,9312,ケイヒン,スタンダード,standard,倉庫・運輸関連業,運輸・物流
20260331,9313,丸八倉庫,スタンダード,standard,倉庫・運輸関連業,運輸・物流
20260331,9319,中央倉庫,プライム,prime,倉庫・運輸関連業,運輸・物流
20260331,9322,川西倉庫,スタンダード,standard,倉庫・運輸関連業,運輸・物流
20260331,9324,安田倉庫,プライム,prime,倉庫・運輸関連業,運輸・物流
20260331,9325,ファイズホールディングス,スタンダード,standard,倉庫・運輸関連業,運輸・物流
20260331,9326,関通,グロース,growth,倉庫・運輸関連業,運輸・物流
20260331,9327,イー・ロジット,スタンダード,standard,倉庫・運輸関連業,運輸・物流
20260331,9330,揚羽,グロース,growth,サービス業,情報通信・サービスその他
20260331,9331,キャスター,グロース,growth,サービス業,情報通信・サービスその他
20260331,9332,ＮＩＳＳＯホールディングス,プライム,prime,サービス業,情報通信・サービスその他
20260331,9336,大栄環境,プライム,prime,サービス業,情報通信・サービスその他
20260331,9337,トリドリ,グロース,growth,サービス業,情報通信・サービスその他
20260331,9338,ＩＮＦＯＲＩＣＨ,グロース,growth,サービス業,情報通信・サービスその他
20260331,9339,コーチ・エィ,スタンダード,standard,サービス業,情報通信・サービスその他
20260331,9340,アソインターナショナル,スタンダード,standard,サービス業,情報通信・サービスその他
20260331,9341,ＧＥＮＯＶＡ,プライム,prime,サービス業,情報通信・サービスその他
20260331,9342,スマサポ,グロース,growth,サービス業,情報通信・サービスその他
20260331,9343,アイビス,グロース,growth,サービス業,情報通信・サービスその他
20260331,9344,アクシスコンサルティング,グロース,growth,サービス業,情報通信・サービスその他
20260331,9345,ビズメイツ,グロース,growth,サービス業,情報通信・サービスその他
20260331,9346,ココルポート,グロース,growth,サービス業,情報通信・サービスその他
20260331,9347,日本管財ホールディングス,プライム,prime,サービス業,情報通信・サービスその他
20260331,9348,ｉｓｐａｃｅ,グロース,growth,サービス業,情報通信・サービスその他
20260331,9351,東洋埠頭,スタンダード,standard,倉庫・運輸関連業,運輸・物流
20260331,9353,櫻島埠頭,スタンダード,standard,倉庫・運輸関連業,運輸・物流
20260331,9355,リンコーコーポレーション,スタンダード,standard,倉庫・運輸関連業,運輸・物流
20260331,9360,鈴与シンワート,スタンダード,standard,情報・通信業,情報通信・サービスその他
20260331,9361,伏木海陸運送,スタンダード,standard,倉庫・運輸関連業,運輸・物流
20260331,9362,兵機海運,スタンダード,standard,倉庫・運輸関連業,運輸・物流
20260331,9363,大運,スタンダード,standard,倉庫・運輸関連業,運輸・物流
20260331,9364,上組,プライム,prime,倉庫・運輸関連業,運輸・物流
20260331,9365,トレーディア,スタンダード,standard,倉庫・運輸関連業,運輸・物流
20260331,9366,サンリツ,スタンダード,standard,倉庫・運輸関連業,運輸・物流
20260331,9367,大東港運,スタンダード,standard,倉庫・運輸関連業,運輸・物流
20260331,9368,キムラユニティー,スタンダード,standard,倉庫・運輸関連業,運輸・物流
20260331,9369,キユーソー流通システム,スタンダード,standard,倉庫・運輸関連業,運輸・物流
20260331,9376,ユーラシア旅行社,スタンダード,standard,サービス業,情報通信・サービスその他
20260331,9380,東海運,スタンダード,standard,倉庫・運輸関連業,運輸・物流
20260331,9381,エーアイテイー,プライム,prime,倉庫・運輸関連業,運輸・物流
20260331,9385,ショーエイコーポレーション,スタンダード,standard,化学,素材・化学
20260331,9401,ＴＢＳホールディングス,プライム,prime,情報・通信業,情報通信・サービスその他
20260331,9404,日本テレビホールディングス,プライム,prime,情報・通信業,情報通信・サービスその他
20260331,9405,朝日放送グループホールディングス,プライム,prime,情報・通信業,情報通信・サービスその他
20260331,9408,ＢＳＮメディアホールディングス,スタンダード,standard,情報・通信業,情報通信・サービスその他
20260331,9409,テレビ朝日ホールディングス,プライム,prime,情報・通信業,情報通信・サービスその他
20260331,9412,スカパーＪＳＡＴホールディングス,プライム,prime,情報・通信業,情報通信・サービスその他
20260331,9413,テレビ東京ホールディングス,プライム,prime,情報・通信業,情報通信・サービスその他
20260331,9414,日本ＢＳ放送,スタンダード,standard,情報・通信業,情報通信・サービスその他
20260331,9416,ビジョン,プライム,prime,情報・通信業,情報通信・サービスその他
20260331,9417,スマートバリュー,スタンダード,standard,情報・通信業,情報通信・サービスその他
20260331,9418,Ｕ－ＮＥＸＴ　ＨＯＬＤＩＮＧＳ,プライム,prime,情報・通信業,情報通信・サービスその他
20260331,9419,ワイヤレスゲート,スタンダード,standard,情報・通信業,情報通信・サービスその他
20260331,9421,エヌジェイホールディングス,スタンダード,standard,情報・通信業,情報通信・サービスその他
20260331,9423,フォーバル・リアルストレート,スタンダード,standard,情報・通信業,情報通信・サービスその他
20260331,9424,日本通信,プライム,prime,情報・通信業,情報通信・サービスその他
20260331,9425,ＲｅＹｕｕ　Ｊａｐａｎ,スタンダード,standard,情報・通信業,情報通信・サービスその他
20260331,9428,クロップス,スタンダード,standard,情報・通信業,情報通信・サービスその他
20260331,9432,ＮＴＴ,プライム,prime,情報・通信業,情報通信・サービスその他
20260331,9433,ＫＤＤＩ,プライム,prime,情報・通信業,情報通信・サービスその他
20260331,9434,ソフトバンク,プライム,prime,情報・通信業,情報通信・サービスその他
20260331,94345,ソフトバンク第１回社債型種類株式,プライム,prime,情報・通信業,情報通信・サービスその他
20260331,94346,ソフトバンク第２回社債型種類株式,プライム,prime,情報・通信業,情報通信・サービスその他
20260331,9435,光通信,プライム,prime,情報・通信業,情報通信・サービスその他
20260331,9436,沖縄セルラー電話,スタンダード,standard,情報・通信業,情報通信・サービスその他
20260331,9438,エムティーアイ,プライム,prime,情報・通信業,情報通信・サービスその他
20260331,9439,エム・エイチ・グループ,スタンダード,standard,サービス業,情報通信・サービスその他
20260331,9441,ベルパーク,スタンダード,standard,情報・通信業,情報通信・サービスその他
20260331,9444,トーシンホールディングス,スタンダード,standard,情報・通信業,情報通信・サービスその他
20260331,9445,フォーバルテレコム,スタンダード,standard,情報・通信業,情報通信・サービスその他
20260331,9446,サカイホールディングス,スタンダード,standard,情報・通信業,情報通信・サービスその他
20260331,9449,ＧＭＯインターネットグループ,プライム,prime,情報・通信業,情報通信・サービスその他
20260331,9450,ファイバーゲート,スタンダード,standard,情報・通信業,情報通信・サービスその他
20260331,9466,アイドママーケティングコミュニケーション,スタンダード,standard,情報・通信業,情報通信・サービスその他
20260331,9467,アルファポリス,グロース,growth,情報・通信業,情報通信・サービスその他
20260331,9468,ＫＡＤＯＫＡＷＡ,プライム,prime,情報・通信業,情報通信・サービスその他
20260331,9470,学研ホールディングス,プライム,prime,情報・通信業,情報通信・サービスその他
20260331,9474,ゼンリン,プライム,prime,情報・通信業,情報通信・サービスその他
20260331,9475,昭文社ホールディングス,スタンダード,standard,情報・通信業,情報通信・サービスその他
20260331,9476,中央経済社ホールディングス,スタンダード,standard,情報・通信業,情報通信・サービスその他
20260331,9478,ＳＥホールディングス・アンド・インキュベーションズ,スタンダード,standard,情報・通信業,情報通信・サービスその他
20260331,9501,東京電力ホールディングス,プライム,prime,電気・ガス業,電力・ガス
20260331,9502,中部電力,プライム,prime,電気・ガス業,電力・ガス
20260331,9503,関西電力,プライム,prime,電気・ガス業,電力・ガス
20260331,9504,中国電力,プライム,prime,電気・ガス業,電力・ガス
20260331,9505,北陸電力,プライム,prime,電気・ガス業,電力・ガス
20260331,9506,東北電力,プライム,prime,電気・ガス業,電力・ガス
20260331,9507,四国電力,プライム,prime,電気・ガス業,電力・ガス
20260331,9508,九州電力,プライム,prime,電気・ガス業,電力・ガス
20260331,9509,北海道電力,プライム,prime,電気・ガス業,電力・ガス
20260331,9511,沖縄電力,プライム,prime,電気・ガス業,電力・ガス
20260331,9513,電源開発,プライム,prime,電気・ガス業,電力・ガス
20260331,9514,エフオン,スタンダード,standard,電気・ガス業,電力・ガス
20260331,9517,イーレックス,プライム,prime,電気・ガス業,電力・ガス
20260331,9519,レノバ,プライム,prime,電気・ガス業,電力・ガス
20260331,9531,東京瓦斯,プライム,prime,電気・ガス業,電力・ガス
20260331,9532,大阪瓦斯,プライム,prime,電気・ガス業,電力・ガス
20260331,9533,東邦瓦斯,プライム,prime,電気・ガス業,電力・ガス
20260331,9534,北海道瓦斯,プライム,prime,電気・ガス業,電力・ガス
20260331,9535,広島ガス,プライム,prime,電気・ガス業,電力・ガス
20260331,9536,西部ガスホールディングス,プライム,prime,電気・ガス業,電力・ガス
20260331,9537,北陸瓦斯,スタンダード,standard,電気・ガス業,電力・ガス
20260331,9539,京葉瓦斯,スタンダード,standard,電気・ガス業,電力・ガス
20260331,9543,静岡ガス,プライム,prime,電気・ガス業,電力・ガス
20260331,9551,メタウォーター,プライム,prime,電気・ガス業,電力・ガス
20260331,9552,クオンツ総研ホールディングス,プライム,prime,サービス業,情報通信・サービスその他
20260331,9553,マイクロアド,グロース,growth,サービス業,情報通信・サービスその他
20260331,9554,ＡＶｉＣ,グロース,growth,サービス業,情報通信・サービスその他
20260331,9556,ＩＮＴＬＯＯＰ,グロース,growth,サービス業,情報通信・サービスその他
20260331,9557,エアークローゼット,グロース,growth,サービス業,情報通信・サービスその他
20260331,9558,ジャパニアス,グロース,growth,サービス業,情報通信・サービスその他
20260331,9560,プログリット,グロース,growth,サービス業,情報通信・サービスその他
20260331,9561,グラッドキューブ,グロース,growth,サービス業,情報通信・サービスその他
20260331,9562,ビジネスコーチ,グロース,growth,サービス業,情報通信・サービスその他
20260331,9563,Ａｔｌａｓ　Ｔｅｃｈｎｏｌｏｇｉｅｓ,グロース,growth,サービス業,情報通信・サービスその他
20260331,9564,ＦＣＥ,スタンダード,standard,サービス業,情報通信・サービスその他
20260331,9565,ＧＬＯＥ,グロース,growth,サービス業,情報通信・サービスその他
20260331,9601,松竹,プライム,prime,情報・通信業,情報通信・サービスその他
20260331,9602,東宝,プライム,prime,情報・通信業,情報通信・サービスその他
20260331,9603,エイチ・アイ・エス,プライム,prime,サービス業,情報通信・サービスその他
20260331,9605,東映,プライム,prime,情報・通信業,情報通信・サービスその他
20260331,9610,ウィルソン・ラーニング　ワールドワイド,スタンダード,standard,サービス業,情報通信・サービスその他
20260331,9612,ラックランド,プライム,prime,サービス業,情報通信・サービスその他
20260331,9616,共立メンテナンス,プライム,prime,サービス業,情報通信・サービスその他
20260331,9619,イチネンホールディングス,プライム,prime,サービス業,情報通信・サービスその他
20260331,9621,建設技術研究所,プライム,prime,サービス業,情報通信・サービスその他
20260331,9622,スペース,プライム,prime,サービス業,情報通信・サービスその他
20260331,9625,セレスポ,スタンダード,standard,サービス業,情報通信・サービスその他
20260331,9627,アインホールディングス,プライム,prime,小売業,小売
20260331,9628,燦ホールディングス,プライム,prime,サービス業,情報通信・サービスその他
20260331,9629,ピー・シー・エー,プライム,prime,情報・通信業,情報通信・サービスその他
20260331,9632,スバル興業,スタンダード,standard,サービス業,情報通信・サービスその他
20260331,9633,東京テアトル,スタンダード,standard,不動産業,不動産
20260331,9635,武蔵野興業,スタンダード,standard,サービス業,情報通信・サービスその他
20260331,9636,きんえい,スタンダード,standard,サービス業,情報通信・サービスその他
20260331,9639,三協フロンテア,スタンダード,standard,サービス業,情報通信・サービスその他
20260331,9640,セゾンテクノロジー,スタンダード,standard,情報・通信業,情報通信・サービスその他
20260331,9644,タナベコンサルティンググループ,プライム,prime,サービス業,情報通信・サービスその他
20260331,9647,協和コンサルタンツ,スタンダード,standard,サービス業,情報通信・サービスその他
20260331,9651,日本プロセス,スタンダード,standard,情報・通信業,情報通信・サービスその他
20260331,9656,グリーンランドリゾート,スタンダード,standard,サービス業,情報通信・サービスその他
20260331,9658,ビジネスブレイン太田昭和,プライム,prime,情報・通信業,情報通信・サービスその他
20260331,9661,歌舞伎座,スタンダード,standard,サービス業,情報通信・サービスその他
20260331,9663,ナガワ,プライム,prime,サービス業,情報通信・サービスその他
20260331,9672,東京都競馬,プライム,prime,サービス業,情報通信・サービスその他
20260331,9678,カナモト,プライム,prime,サービス業,情報通信・サービスその他
20260331,9679,ホウライ,スタンダード,standard,サービス業,情報通信・サービスその他
20260331,9682,ＤＴＳ,プライム,prime,情報・通信業,情報通信・サービスその他
20260331,9684,スクウェア・エニックス・ホールディングス,プライム,prime,情報・通信業,情報通信・サービスその他
20260331,9685,ＫＹＣＯＭホールディングス,スタンダード,standard,情報・通信業,情報通信・サービスその他
20260331,9686,東洋テック,スタンダード,standard,サービス業,情報通信・サービスその他
20260331,9687,ＫＳＫ,スタンダード,standard,情報・通信業,情報通信・サービスその他
20260331,9691,両毛システムズ,スタンダード,standard,情報・通信業,情報通信・サービスその他
20260331,9692,シーイーシー,プライム,prime,情報・通信業,情報通信・サービスその他
20260331,9697,カプコン,プライム,prime,情報・通信業,情報通信・サービスその他
20260331,9698,クレオ,スタンダード,standard,情報・通信業,情報通信・サービスその他
20260331,9699,ニシオホールディングス,プライム,prime,サービス業,情報通信・サービスその他
20260331,9701,東京會舘,スタンダード,standard,サービス業,情報通信・サービスその他
20260331,9702,アイ・エス・ビー,プライム,prime,情報・通信業,情報通信・サービスその他
20260331,9704,アゴーラ　ホスピタリティー　グループ,スタンダード,standard,サービス業,情報通信・サービスその他
20260331,9706,日本空港ビルデング,プライム,prime,不動産業,不動産
20260331,9708,帝国ホテル,スタンダード,standard,サービス業,情報通信・サービスその他
20260331,9709,ＮＣＳ＆Ａ,スタンダード,standard,情報・通信業,情報通信・サービスその他
20260331,9713,ロイヤルホテル,スタンダード,standard,サービス業,情報通信・サービスその他
20260331,9715,トランス・コスモス,プライム,prime,サービス業,情報通信・サービスその他
20260331,9716,乃村工藝社,プライム,prime,サービス業,情報通信・サービスその他
20260331,9720,ホテル、ニューグランド,スタンダード,standard,サービス業,情報通信・サービスその他
20260331,9722,藤田観光,プライム,prime,サービス業,情報通信・サービスその他
20260331,9723,京都ホテル,スタンダード,standard,サービス業,情報通信・サービスその他
20260331,9726,ＫＮＴ－ＣＴホールディングス,スタンダード,standard,サービス業,情報通信・サービスその他
20260331,9729,トーカイ,プライム,prime,サービス業,情報通信・サービスその他
20260331,9731,白洋舎,スタンダード,standard,サービス業,情報通信・サービスその他
20260331,9733,ナガセ,スタンダード,standard,サービス業,情報通信・サービスその他
20260331,9735,セコム,プライム,prime,サービス業,情報通信・サービスその他
20260331,9739,ＮＳＷ,プライム,prime,情報・通信業,情報通信・サービスその他
20260331,9740,セントラル警備保障,プライム,prime,サービス業,情報通信・サービスその他
20260331,9742,アイネス,プライム,prime,情報・通信業,情報通信・サービスその他
20260331,9743,丹青社,プライム,prime,サービス業,情報通信・サービスその他
20260331,9744,メイテックグループホールディングス,プライム,prime,サービス業,情報通信・サービスその他
20260331,9746,ＴＫＣ,プライム,prime,情報・通信業,情報通信・サービスその他
20260331,9753,アイエックス・ナレッジ,スタンダード,standard,情報・通信業,情報通信・サービスその他
20260331,9755,応用地質,プライム,prime,サービス業,情報通信・サービスその他
20260331,9757,船井総研ホールディングス,プライム,prime,サービス業,情報通信・サービスその他
20260331,9759,ＮＳＤ,プライム,prime,情報・通信業,情報通信・サービスその他
20260331,9760,進学会ホールディングス,スタンダード,standard,サービス業,情報通信・サービスその他
20260331,9761,東海リース,スタンダード,standard,サービス業,情報通信・サービスその他
20260331,9763,丸建リース,スタンダード,standard,卸売業,商社・卸売
20260331,9765,オオバ,プライム,prime,サービス業,情報通信・サービスその他
20260331,9766,コナミグループ,プライム,prime,情報・通信業,情報通信・サービスその他
20260331,9767,日建工学,スタンダード,standard,サービス業,情報通信・サービスその他
20260331,9768,いであ,スタンダード,standard,サービス業,情報通信・サービスその他
20260331,9769,学究社,プライム,prime,サービス業,情報通信・サービスその他
20260331,9778,昴,スタンダード,standard,サービス業,情報通信・サービスその他
20260331,9780,ハリマビステム,スタンダード,standard,サービス業,情報通信・サービスその他
20260331,9782,ディーエムエス,スタンダード,standard,サービス業,情報通信・サービスその他
20260331,9788,ナック,プライム,prime,サービス業,情報通信・サービスその他
20260331,9790,福井コンピュータホールディングス,プライム,prime,情報・通信業,情報通信・サービスその他
20260331,9791,ビケンテクノ,スタンダード,standard,サービス業,情報通信・サービスその他
20260331,9793,ダイセキ,プライム,prime,サービス業,情報通信・サービスその他
20260331,9795,ステップ,プライム,prime,サービス業,情報通信・サービスその他
20260331,9799,旭情報サービス,スタンダード,standard,情報・通信業,情報通信・サービスその他
20260331,9812,テーオーホールディングス,スタンダード,standard,卸売業,商社・卸売
20260331,9816,ストライダーズ,スタンダード,standard,不動産業,不動産
20260331,9818,大丸エナウィン,スタンダード,standard,卸売業,商社・卸売
20260331,9820,エムティジェネックス,スタンダード,standard,不動産業,不動産
20260331,9823,マミーマートホールディングス,スタンダード,standard,小売業,小売
20260331,9824,泉州電業,プライム,prime,卸売業,商社・卸売
20260331,9827,リリカラ,スタンダード,standard,卸売業,商社・卸売
20260331,9828,Ｇｅｎｋｉ　Ｇｌｏｂａｌ　Ｄｉｎｉｎｇ　Ｃｏｎｃｅｐｔｓ,スタンダード,standard,小売業,小売
20260331,9830,トラスコ中山,プライム,prime,卸売業,商社・卸売
20260331,9831,ヤマダホールディングス,プライム,prime,小売業,小売
20260331,9832,オートバックスセブン,プライム,prime,卸売業,商社・卸売
20260331,9835,ジュンテンドー,スタンダード,standard,小売業,小売
20260331,9837,モリト,プライム,prime,卸売業,商社・卸売
20260331,9842,アークランズ,プライム,prime,小売業,小売
20260331,9843,ニトリホールディングス,プライム,prime,小売業,小売
20260331,9845,パーカーコーポレーション,スタンダード,standard,化学,素材・化学
20260331,9846,天満屋ストア,スタンダード,standard,小売業,小売
20260331,9849,共同紙販ホールディングス,スタンダード,standard,卸売業,商社・卸売
20260331,9850,グルメ杵屋,プライム,prime,小売業,小売
20260331,9853,銀座ルノアール,スタンダード,standard,小売業,小売
20260331,9854,愛眼,スタンダード,standard,小売業,小売
20260331,9856,ケーユーホールディングス,スタンダード,standard,小売業,小売
20260331,9857,英和,スタンダード,standard,卸売業,商社・卸売
20260331,9861,吉野家ホールディングス,プライム,prime,小売業,小売
20260331,9867,ソレキア,スタンダード,standard,卸売業,商社・卸売
20260331,9869,加藤産業,プライム,prime,卸売業,商社・卸売
20260331,9872,北恵,スタンダード,standard,卸売業,商社・卸売
20260331,9876,コックス,スタンダード,standard,小売業,小売
20260331,9878,セキド,スタンダード,standard,小売業,小売
20260331,9880,イノテック,プライム,prime,電気機器,電機・精密
20260331,9882,イエローハット,プライム,prime,卸売業,商社・卸売
20260331,9885,シャルレ,スタンダード,standard,卸売業,商社・卸売
20260331,9887,松屋フーズホールディングス,プライム,prime,小売業,小売
20260331,9888,ＵＥＸ,スタンダード,standard,卸売業,商社・卸売
20260331,9889,ＪＢＣＣホールディングス,プライム,prime,情報・通信業,情報通信・サービスその他
20260331,9890,マキヤ,スタンダード,standard,小売業,小売
20260331,9895,コンセック,スタンダード,standard,卸売業,商社・卸売
20260331,9896,ＪＫホールディングス,スタンダード,standard,卸売業,商社・卸売
20260331,9900,サガミホールディングス,プライム,prime,小売業,小売
20260331,9902,日伝,プライム,prime,卸売業,商社・卸売
20260331,9903,カンセキ,スタンダード,standard,小売業,小売
20260331,9904,ベリテ,スタンダード,standard,小売業,小売
20260331,9906,藤井産業,スタンダード,standard,卸売業,商社・卸売
20260331,9908,日本電計,スタンダード,standard,卸売業,商社・卸売
20260331,9913,日邦産業,スタンダード,standard,卸売業,商社・卸売
20260331,9914,植松商会,スタンダード,standard,卸売業,商社・卸売
20260331,9927,ワットマン,スタンダード,standard,小売業,小売
20260331,9928,ミロク情報サービス,プライム,prime,情報・通信業,情報通信・サービスその他
20260331,9929,平和紙業,スタンダード,standard,卸売業,商社・卸売
20260331,9930,北沢産業,スタンダード,standard,卸売業,商社・卸売
20260331,9932,杉本商事,プライム,prime,卸売業,商社・卸売
20260331,9934,因幡電機産業,プライム,prime,卸売業,商社・卸売
20260331,9936,王将フードサービス,プライム,prime,小売業,小売
20260331,9941,太洋物産,スタンダード,standard,卸売業,商社・卸売
20260331,9946,ミニストップ,プライム,prime,小売業,小売
20260331,9948,アークス,プライム,prime,小売業,小売
20260331,9950,ハチバン,スタンダード,standard,小売業,小売
20260331,9955,ヨンキュウ,スタンダード,standard,卸売業,商社・卸売
20260331,9956,バローホールディングス,プライム,prime,小売業,小売
20260331,9959,アシードホールディングス,スタンダード,standard,小売業,小売
20260331,9960,東テク,プライム,prime,卸売業,商社・卸売
20260331,9962,ミスミグループ本社,プライム,prime,卸売業,商社・卸売
20260331,9969,ショクブン,スタンダード,standard,小売業,小売
20260331,9972,アルテック,スタンダード,standard,卸売業,商社・卸売
20260331,9973,ＫＯＺＯホールディングス,スタンダード,standard,小売業,小売
20260331,9974,ベルク,プライム,prime,小売業,小売
20260331,9976,セキチュー,スタンダード,standard,小売業,小売
20260331,9978,文教堂グループホールディングス,スタンダード,standard,小売業,小売
20260331,9979,大庄,スタンダード,standard,小売業,小売
20260331,9980,ＭＲＫホールディングス,スタンダード,standard,小売業,小売
20260331,9982,タキヒヨー,スタンダード,standard,卸売業,商社・卸売
20260331,9983,ファーストリテイリング,プライム,prime,小売業,小売
20260331,9984,ソフトバンクグループ,プライム,prime,情報・通信業,情報通信・サービスその他
20260331,9986,蔵王産業,スタンダード,standard,卸売業,商社・卸売
20260331,9987,スズケン,プライム,prime,卸売業,商社・卸売
20260331,9989,サンドラッグ,プライム,prime,小売業,小売
20260331,9990,サックスバー　ホールディングス,プライム,prime,小売業,小売
20260331,9991,ジェコス,プライム,prime,卸売業,商社・卸売
20260331,9993,ヤマザワ,スタンダード,standard,小売業,小売
20260331,9994,やまや,スタンダード,standard,小売業,小売
20260331,9996,サトー商会,スタンダード,standard,卸売業,商社・卸売
20260331,9997,ベルーナ,プライム,prime,小売業,小売
